feature_name,source,indicator_number,indicator,indicator_head,facility_category,category,unit,survey_year
hmis_number_of_deaths_due_to_malaria_plasmodium_vivax_rural_value_in_absolute_number,HMIS,,Number of Deaths due to Malaria- Plasmodium Vivax,M16 Details of deaths reported with probable causes:,Rural,Total,value in Absolute Number,
hmis_number_of_deaths_due_to_malaria_plasmodium_falciparum_rural_value_in_absolute_number,HMIS,,Number of Deaths due to Malaria- Plasmodium Falciparum,M16 Details of deaths reported with probable causes:,Rural,Total,value in Absolute Number,
hmis_number_of_deaths_due_to_kala_azar_rural_value_in_absolute_number,HMIS,,Number of Deaths due to Kala Azar,M16 Details of deaths reported with probable causes:,Rural,Total,value in Absolute Number,
hmis_number_of_deaths_due_to_dengue_rural_value_in_absolute_number,HMIS,,Number of Deaths due to Dengue,M16 Details of deaths reported with probable causes:,Rural,Total,value in Absolute Number,
hmis_number_of_deaths_due_to_acute_encephelitis_syndrome_aes_rural_value_in_absolute_number,HMIS,,Number of Deaths due to Acute Encephelitis Syndrome (AES),M16 Details of deaths reported with probable causes:,Rural,Total,value in Absolute Number,
hmis_number_of_deaths_due_to_japanese_encephalitis_je_rural_value_in_absolute_number,HMIS,,Number of Deaths due to Japanese Encephalitis (JE),M16 Details of deaths reported with probable causes:,Rural,Total,value in Absolute Number,
hmis_number_of_maternal_deaths_due_to_other_causes_including_causes_not_known_rural_value_in_absolute_number,HMIS,,Number of Maternal Deaths due to Other Causes (including causes not known),M16 Details of deaths reported with probable causes:,Rural,Total,value in Absolute Number,
hmis_total_facility_based_maternal_death_reviews_fbmdr_done_rural_value_in_absolute_number,HMIS,,Total Facility Based Maternal Death Reviews (FBMDR) done,M16 Details of deaths reported with probable causes:,Rural,Total,value in Absolute Number,
hmis_number_of_adolscent_adult_deaths_due_to_diarrhoeal_diseases_rural_value_in_absolute_number,HMIS,,Number of Adolscent / Adult deaths due to Diarrhoeal diseases,M16 Details of deaths reported with probable causes:,Rural,Total,value in Absolute Number,
hmis_number_of_adolscent_adult_deaths_due_to_tuberculosis_rural_value_in_absolute_number,HMIS,,Number of Adolscent / Adult deaths due to Tuberculosis,M16 Details of deaths reported with probable causes:,Rural,Total,value in Absolute Number,
hmis_number_of_adolscent_adult_deaths_due_to_respiratory_diseases_including_infections_other_than_tb_rural_value_in_absolute_number,HMIS,,Number of Adolscent / Adult deaths due to Respiratory diseases including infections (other than TB),M16 Details of deaths reported with probable causes:,Rural,Total,value in Absolute Number,
hmis_number_of_adolscent_adult_deaths_due_to_other_fever_related_rural_value_in_absolute_number,HMIS,,Number of Adolscent / Adult deaths due to Other Fever Related,M16 Details of deaths reported with probable causes:,Rural,Total,value in Absolute Number,
hmis_number_of_adolscent_adult_deaths_due_to_hiv_aids_rural_value_in_absolute_number,HMIS,,Number of Adolscent / Adult deaths due to HIV/AIDS,M16 Details of deaths reported with probable causes:,Rural,Total,value in Absolute Number,
hmis_number_of_adolscent_adult_deaths_due_to_heart_disease_hypertension_related_rural_value_in_absolute_number,HMIS,,Number of Adolscent / Adult deaths due to Heart disease/Hypertension related,M16 Details of deaths reported with probable causes:,Rural,Total,value in Absolute Number,
hmis_number_of_adolscent_adult_deaths_due_to_cancer_rural_value_in_absolute_number,HMIS,,Number of Adolscent / Adult deaths due to Cancer,M16 Details of deaths reported with probable causes:,Rural,Total,value in Absolute Number,
hmis_number_of_adolscent_adult_deaths_due_to_neurological_disease_including_strokes_rural_value_in_absolute_number,HMIS,,Number of Adolscent / Adult deaths due to Neurological disease including strokes,M16 Details of deaths reported with probable causes:,Rural,Total,value in Absolute Number,
hmis_number_of_adolscent_adult_deaths_due_to_accidents_burn_cases_rural_value_in_absolute_number,HMIS,,Number of Adolscent / Adult deaths due to Accidents/Burn cases,M16 Details of deaths reported with probable causes:,Rural,Total,value in Absolute Number,
hmis_number_of_adolscent_adult_deaths_due_to_suicide_rural_value_in_absolute_number,HMIS,,Number of Adolscent / Adult deaths due to Suicide,M16 Details of deaths reported with probable causes:,Rural,Total,value in Absolute Number,
hmis_number_of_adolscent_adult_deaths_due_to_animal_bites_and_stings_rural_value_in_absolute_number,HMIS,,Number of Adolscent / Adult deaths due to Animal bites and stings,M16 Details of deaths reported with probable causes:,Rural,Total,value in Absolute Number,
hmis_number_of_adolscent_adult_deaths_due_to_known_acute_disease_rural_value_in_absolute_number,HMIS,,Number of Adolscent / Adult deaths due to Known Acute Disease,M16 Details of deaths reported with probable causes:,Rural,Total,value in Absolute Number,
hmis_number_of_adolscent_adult_deaths_due_to_known_chronic_disease_rural_value_in_absolute_number,HMIS,,Number of Adolscent / Adult deaths due to Known Chronic Disease,M16 Details of deaths reported with probable causes:,Rural,Total,value in Absolute Number,
hmis_number_of_adolscent_adult_deaths_due_to_causes_not_known_rural_value_in_absolute_number,HMIS,,Number of Adolscent / Adult deaths due to Causes not known,M16 Details of deaths reported with probable causes:,Rural,Total,value in Absolute Number,
hmis_infant_deaths_up_to_4_weeks_due_to_other_causes_rural_value_in_absolute_number,HMIS,,Infant Deaths up to 4 weeks due to Other causes,M16 Details of deaths reported with probable causes:,Rural,Total,value in Absolute Number,
hmis_number_of_infant_deaths_1_12_months_due_to_pneumonia_rural_value_in_absolute_number,HMIS,,Number of Infant Deaths (1 -12 months) due to Pneumonia,M16 Details of deaths reported with probable causes:,Rural,Total,value in Absolute Number,
hmis_number_of_infant_deaths_1_12_months_due_to_diarrhoea_rural_value_in_absolute_number,HMIS,,Number of Infant Deaths (1 -12 months) due to Diarrhoea,M16 Details of deaths reported with probable causes:,Rural,Total,value in Absolute Number,
hmis_number_of_infant_deaths_1_12_months_due_to_fever_related_rural_value_in_absolute_number,HMIS,,Number of Infant Deaths (1 -12 months) due to Fever related,M16 Details of deaths reported with probable causes:,Rural,Total,value in Absolute Number,
hmis_number_of_infant_deaths_1_12_months_due_to_measles_rural_value_in_absolute_number,HMIS,,Number of Infant Deaths (1 -12 months) due to Measles,M16 Details of deaths reported with probable causes:,Rural,Total,value in Absolute Number,
hmis_number_of_infant_deaths_1_12_months_due_to_others_rural_value_in_absolute_number,HMIS,,Number of Infant Deaths (1 -12 months) due to Others,M16 Details of deaths reported with probable causes:,Rural,Total,value in Absolute Number,
hmis_number_of_child_deaths_1_5_years_due_to_pneumonia_rural_value_in_absolute_number,HMIS,,Number of Child Deaths (1 -5 years) due to Pneumonia,M16 Details of deaths reported with probable causes:,Rural,Total,value in Absolute Number,
hmis_number_of_child_deaths_1_5_years_due_to_diarrhoea_rural_value_in_absolute_number,HMIS,,Number of Child Deaths (1 -5 years) due to Diarrhoea,M16 Details of deaths reported with probable causes:,Rural,Total,value in Absolute Number,
hmis_number_of_child_deaths_1_5_years_due_to_fever_related_rural_value_in_absolute_number,HMIS,,Number of Child Deaths (1 -5 years) due to Fever related,M16 Details of deaths reported with probable causes:,Rural,Total,value in Absolute Number,
hmis_number_of_child_deaths_1_5_years_due_to_measles_rural_value_in_absolute_number,HMIS,,Number of Child Deaths (1 -5 years) due to Measles,M16 Details of deaths reported with probable causes:,Rural,Total,value in Absolute Number,
hmis_number_of_child_deaths_1_5_years_due_to_others_rural_value_in_absolute_number,HMIS,,Number of Child Deaths (1 -5 years) due to Others,M16 Details of deaths reported with probable causes:,Rural,Total,value in Absolute Number,
hmis_number_of_maternal_deaths_due_to_bleeding_rural_value_in_absolute_number,HMIS,,Number of Maternal Deaths due to Bleeding,M16 Details of deaths reported with probable causes:,Rural,Total,value in Absolute Number,
hmis_number_of_maternal_deaths_due_to_high_fever_rural_value_in_absolute_number,HMIS,,Number of Maternal Deaths due to High fever,M16 Details of deaths reported with probable causes:,Rural,Total,value in Absolute Number,
hmis_number_of_maternal_deaths_due_to_abortion_rural_value_in_absolute_number,HMIS,,Number of Maternal Deaths due to Abortion,M16 Details of deaths reported with probable causes:,Rural,Total,value in Absolute Number,
hmis_number_of_maternal_deaths_due_to_obstructed_prolonged_labour_rural_value_in_absolute_number,HMIS,,Number of Maternal Deaths due to Obstructed/prolonged labour,M16 Details of deaths reported with probable causes:,Rural,Total,value in Absolute Number,
hmis_number_of_maternal_deaths_due_to_severe_hypertension_fits_rural_value_in_absolute_number,HMIS,,Number of Maternal Deaths due to Severe hypertension/fits,M16 Details of deaths reported with probable causes:,Rural,Total,value in Absolute Number,
hmis_female_non_anc_hiv_number_tested_by_finger_prick_test_rural_value_in_absolute_number,HMIS,,Female Non ANC HIV - Number Tested (by finger prick test),M15 Laboratory Testing,Rural,Total,value in Absolute Number,
hmis_female_non_anc_hiv_number_positive_rural_value_in_absolute_number,HMIS,,Female Non ANC HIV - Number Positive,M15 Laboratory Testing,Rural,Total,value in Absolute Number,
hmis_number_of_pregnant_women_screened_for_hiv_by_finger_prick_test_rural_value_in_absolute_number,HMIS,,Number of pregnant women screened for HIV (by finger prick test),M15 Laboratory Testing,Rural,Total,value in Absolute Number,
hmis_out_of_the_above_number_screened_positive_rural_value_in_absolute_number,HMIS,,"Out of the above, number screened positive",M15 Laboratory Testing,Rural,Total,value in Absolute Number,
hmis_out_of_the_above_number_screened_positive_number_confirmed_with_hiv_infection_at_integrated_counselling_and_testing_centre_ictc_rural_value_in_absolute_number,HMIS,,"Out of the above number screened positive, number confirmed with HIV infection at Integrated Counselling and Testing Centre (ICTC)",M15 Laboratory Testing,Rural,Total,value in Absolute Number,
hmis_number_of_male_sti_rti_attendees_tested_for_syphilis_rural_value_in_absolute_number,HMIS,,Number of Male STI/RTI attendees tested for syphilis,M15 Laboratory Testing,Rural,Total,value in Absolute Number,
hmis_number_of_male_sti_rti_attendeees_found_sero_positive_for_syphilis_rural_value_in_absolute_number,HMIS,,Number of Male STI/RTI attendeees found sero Positive for syphilis,M15 Laboratory Testing,Rural,Total,value in Absolute Number,
hmis_number_of_female_non_anc_sti_rti_attendees_tested_for_syphilis_rural_value_in_absolute_number,HMIS,,Number of Female (Non ANC)STI/RTI attendees tested for syphilis,M15 Laboratory Testing,Rural,Total,value in Absolute Number,
hmis_number_of_female_non_anc_sti_rti_attendees_found_sero_positive_for_syphilis_rural_value_in_absolute_number,HMIS,,Number of Female (Non ANC) STI/RTI attendees found sero Positive for syphilis,M15 Laboratory Testing,Rural,Total,value in Absolute Number,
hmis_widal_tests_number_tested_rural_value_in_absolute_number,HMIS,,Widal tests - Number Tested,M15 Laboratory Testing,Rural,Total,value in Absolute Number,
hmis_widal_tests_number_positive_rural_value_in_absolute_number,HMIS,,Widal tests - Number Positive,M15 Laboratory Testing,Rural,Total,value in Absolute Number,
hmis_radiology_x_ray_rural_value_in_absolute_number,HMIS,,Radiology - X-ray,M15 Laboratory Testing,Rural,Total,value in Absolute Number,
hmis_radiology_ultrasonography_usg_rural_value_in_absolute_number,HMIS,,Radiology - Ultrasonography (USG),M15 Laboratory Testing,Rural,Total,value in Absolute Number,
hmis_infant_deaths_within_24_hours_1_to_23_hours_of_birth_rural_value_in_absolute_number,HMIS,,Infant deaths within 24 hours (1 to 23 hours) of birth,M16 Details of deaths reported with probable causes:,Rural,Total,value in Absolute Number,
hmis_infant_deaths_up_to_4_weeks_due_to_sepsis_rural_value_in_absolute_number,HMIS,,Infant Deaths up to 4 weeks due to Sepsis,M16 Details of deaths reported with probable causes:,Rural,Total,value in Absolute Number,
hmis_infant_deaths_up_to_4_weeks_due_to_asphyxia_rural_value_in_absolute_number,HMIS,,Infant Deaths up to 4 weeks due to Asphyxia,M16 Details of deaths reported with probable causes:,Rural,Total,value in Absolute Number,
hmis_outborn_female_rural_value_in_absolute_number,HMIS,,Outborn - Female,M14 Patient Services,Rural,Total,value in Absolute Number,
hmis_number_of_newborns_admitted_in_sncu_referred_by_asha_rural_value_in_absolute_number,HMIS,,Number of newborns admitted in SNCU - referred by ASHA,M14 Patient Services,Rural,Total,value in Absolute Number,
hmis_number_of_deaths_occurring_at_sncu_rural_value_in_absolute_number,HMIS,,Number of deaths occurring at SNCU,M14 Patient Services,Rural,Total,value in Absolute Number,
hmis_number_of_children_admitted_in_nrc_rural_value_in_absolute_number,HMIS,,Number of children admitted in NRC,M14 Patient Services,Rural,Total,value in Absolute Number,
hmis_number_of_children_discharged_with_target_weight_gain_from_the_nrcs_rural_value_in_absolute_number,HMIS,,Number of children discharged with target weight gain from the NRCs,M14 Patient Services,Rural,Total,value in Absolute Number,
hmis_number_of_rogi_kalyan_samiti_rks_meetings_held_rural_value_in_absolute_number,HMIS,,Number of Rogi Kalyan Samiti (RKS) meetings held,M14 Patient Services,Rural,Total,value in Absolute Number,
hmis_number_of_anganwadi_centres_uphcs_reported_to_have_conducted_village_health_nutrition_day_vhnds_urban_health_nutrition_day_uhnds_outreach_special_outreach_rural_value_in_absol,HMIS,,Number of Anganwadi centres/ UPHCs reported to have conducted Village Health & Nutrition Day (VHNDs)/ Urban Health & Nutrition Day (UHNDs)/ Outreach / Special Outreach,M14 Patient Services,Rural,Total,value in Absolute Number,
hmis_stock_out_rate_of_essential_drugs_rural_value_in_absolute_number,HMIS,,Stock out rate of essential Drugs,M14 Patient Services,Rural,Total,value in Absolute Number,
hmis_blood_units_issued_on_replacement_any_donors_to_be_considered_as_replacement_donations_rural_value_in_absolute_number,HMIS,,Blood Units Issued on replacement (Any Donors to be considered as replacement donations),M14 Patient Services,Rural,Total,value in Absolute Number,
hmis_total_number_of_blood_units_issued_in_month_rural_value_in_absolute_number,HMIS,,Total number of blood units issued in month,M14 Patient Services,Rural,Total,value in Absolute Number,
hmis_patient_satisfaction_score_of_the_facility_in_percentage_from_mera_aspatal_rural_value_in_absolute_number,HMIS,,Patient Satisfaction Score of the facility in percentage (from Mera Aspatal),M14 Patient Services,Rural,Total,value in Absolute Number,
hmis_number_of_lab_tests_done_rural_value_in_absolute_number,HMIS,,Number of Lab Tests done,M15 Laboratory Testing,Rural,Total,value in Absolute Number,
hmis_number_of_hb_tests_conducted_rural_value_in_absolute_number,HMIS,,Number of Hb tests conducted,M15 Laboratory Testing,Rural,Total,value in Absolute Number,
hmis_out_of_the_total_number_of_hb_tests_done_number_having_hb_7_mg_rural_value_in_absolute_number,HMIS,,"Out of the total number of Hb tests done, Number having Hb < 7 mg",M15 Laboratory Testing,Rural,Total,value in Absolute Number,
hmis_male_hiv_number_tested_by_finger_prick_test_rural_value_in_absolute_number,HMIS,,Male HIV - Number Tested (by finger prick test),M15 Laboratory Testing,Rural,Total,value in Absolute Number,
hmis_male_hiv_number_positive_rural_value_in_absolute_number,HMIS,,Male HIV - Number Positive,M15 Laboratory Testing,Rural,Total,value in Absolute Number,
hmis_emergency_cva_cerebovascular_disease_rural_value_in_absolute_number,HMIS,,Emergency - CVA ( Cerebovascular Disease),M14 Patient Services,Rural,Total,value in Absolute Number,
hmis_number_of_deaths_occurring_at_emergency_department_rural_value_in_absolute_number,HMIS,,Number of deaths occurring at Emergency Department,M14 Patient Services,Rural,Total,value in Absolute Number,
hmis_operation_major_general_and_spinal_anaesthesia_rural_value_in_absolute_number,HMIS,,Operation major (General and spinal anaesthesia),M14 Patient Services,Rural,Total,value in Absolute Number,
hmis_out_of_operation_major_gynecology_hysterectomy_surgeries_rural_value_in_absolute_number,HMIS,,"Out of Operation major, Gynecology- Hysterectomy surgeries",M14 Patient Services,Rural,Total,value in Absolute Number,
hmis_major_surgeries_excluding_obstetrics_gynaecology_and_opthalmology_etc_rural_value_in_absolute_number,HMIS,,"Major Surgeries excluding Obstetrics, Gynaecology and Opthalmology etc.",M14 Patient Services,Rural,Total,value in Absolute Number,
hmis_operation_minor_no_or_local_anaesthesia_rural_value_in_absolute_number,HMIS,,Operation minor (No or local anaesthesia),M14 Patient Services,Rural,Total,value in Absolute Number,
hmis_number_of_post_operative_surgical_site_infection_rural_value_in_absolute_number,HMIS,,Number of post operative Surgical Site infection,M14 Patient Services,Rural,Total,value in Absolute Number,
hmis_number_of_blood_units_issued_rural_value_in_absolute_number,HMIS,,Number of blood units issued,M14 Patient Services,Rural,Total,value in Absolute Number,
hmis_number_of_blood_transfusions_done_rural_value_in_absolute_number,HMIS,,Number of blood transfusions done,M14 Patient Services,Rural,Total,value in Absolute Number,
hmis_inpatient_deaths_male_rural_value_in_absolute_number,HMIS,,Inpatient Deaths - Male,M14 Patient Services,Rural,Total,value in Absolute Number,
hmis_inpatient_deaths_female_rural_value_in_absolute_number,HMIS,,Inpatient Deaths - Female,M14 Patient Services,Rural,Total,value in Absolute Number,
hmis_in_patient_head_count_at_midnight_rural_value_in_absolute_number,HMIS,,In-Patient Head Count at midnight,M14 Patient Services,Rural,Total,value in Absolute Number,
hmis_number_of_admission_in_nbsu_new_born_stabilisation_unit_rural_value_in_absolute_number,HMIS,,Number of Admission in NBSU ( New Born Stabilisation Unit),M14 Patient Services,Rural,Total,value in Absolute Number,
hmis_special_newborn_care_unit_sncu_admissions_inborn_male_rural_value_in_absolute_number,HMIS,,Special Newborn Care Unit (SNCU Admissions) - Inborn Male,M14 Patient Services,Rural,Total,value in Absolute Number,
hmis_special_newborn_care_unit_sncu_admissions_inborn_female_rural_value_in_absolute_number,HMIS,,Special Newborn Care Unit (SNCU Admissions) - Inborn Female,M14 Patient Services,Rural,Total,value in Absolute Number,
hmis_outborn_male_rural_value_in_absolute_number,HMIS,,Outborn – Male,M14 Patient Services,Rural,Total,value in Absolute Number,
hmis_inpatient_female_adults_rural_value_in_absolute_number,HMIS,,Inpatient (Female)- Adults,M14 Patient Services,Rural,Total,value in Absolute Number,
hmis_number_of_left_against_medical_advice_lama_cases_rural_value_in_absolute_number,HMIS,,Number of Left Against Medical Advice (LAMA) cases,M14 Patient Services,Rural,Total,value in Absolute Number,
hmis_inpatient_malaria_rural_value_in_absolute_number,HMIS,,Inpatient - Malaria,M14 Patient Services,Rural,Total,value in Absolute Number,
hmis_inpatient_dengue_rural_value_in_absolute_number,HMIS,,Inpatient - Dengue,M14 Patient Services,Rural,Total,value in Absolute Number,
hmis_inpatient_typhoid_rural_value_in_absolute_number,HMIS,,Inpatient - Typhoid,M14 Patient Services,Rural,Total,value in Absolute Number,
hmis_inpatient_asthma_chronic_obstructive_pulmonary_disease_copd_respiratory_infections_rural_value_in_absolute_number,HMIS,,"Inpatient - Asthma, Chronic Obstructive Pulmonary Disease (COPD), Respiratory infections",M14 Patient Services,Rural,Total,value in Absolute Number,
hmis_inpatient_tuberculosis_rural_value_in_absolute_number,HMIS,,Inpatient - Tuberculosis,M14 Patient Services,Rural,Total,value in Absolute Number,
hmis_inpatient_pyrexia_of_unknown_origin_puo_rural_value_in_absolute_number,HMIS,,Inpatient - Pyrexia of unknown origin (PUO),M14 Patient Services,Rural,Total,value in Absolute Number,
hmis_inpatient_diarrhea_with_dehydration_rural_value_in_absolute_number,HMIS,,Inpatient - Diarrhea with dehydration,M14 Patient Services,Rural,Total,value in Absolute Number,
hmis_inpatient_hepatitis_rural_value_in_absolute_number,HMIS,,Inpatient - Hepatitis,M14 Patient Services,Rural,Total,value in Absolute Number,
hmis_patients_registered_at_emergency_department_rural_value_in_absolute_number,HMIS,,Patients registered at Emergency Department,M14 Patient Services,Rural,Total,value in Absolute Number,
hmis_emergency_trauma_accident_injury_poisoning_etc_rural_value_in_absolute_number,HMIS,,"Emergency - Trauma ( accident, injury, poisoning etc)",M14 Patient Services,Rural,Total,value in Absolute Number,
hmis_emergency_burn_rural_value_in_absolute_number,HMIS,,Emergency - Burn,M14 Patient Services,Rural,Total,value in Absolute Number,
hmis_emergency_obstetrics_complications_rural_value_in_absolute_number,HMIS,,Emergency - Obstetrics complications,M14 Patient Services,Rural,Total,value in Absolute Number,
hmis_emergency_snake_bite_rural_value_in_absolute_number,HMIS,,Emergency - Snake Bite,M14 Patient Services,Rural,Total,value in Absolute Number,
hmis_emergency_acute_caridiac_emergencies_rural_value_in_absolute_number,HMIS,,Emergency - Acute Caridiac Emergencies,M14 Patient Services,Rural,Total,value in Absolute Number,
hmis_number_of_on_going_dots_patients_registered_rural_value_in_absolute_number,HMIS,,Number of on-going DOTS patients registered,"M13 Directly Observed Treatment, Short-course (DOTS)",Rural,Total,value in Absolute Number,
hmis_number_of_dots_cases_completed_successfully_rural_value_in_absolute_number,HMIS,,Number of DOTS cases completed successfully,"M13 Directly Observed Treatment, Short-course (DOTS)",Rural,Total,value in Absolute Number,
hmis_outpatient_diabetes_rural_value_in_absolute_number,HMIS,,Outpatient - Diabetes,M14 Patient Services,Rural,Total,value in Absolute Number,
hmis_outpatient_hypertension_rural_value_in_absolute_number,HMIS,,Outpatient - Hypertension,M14 Patient Services,Rural,Total,value in Absolute Number,
hmis_outpatient_stroke_paralysis_rural_value_in_absolute_number,HMIS,,Outpatient - Stroke (Paralysis),M14 Patient Services,Rural,Total,value in Absolute Number,
hmis_outpatient_acute_heart_diseases_rural_value_in_absolute_number,HMIS,,Outpatient - Acute Heart Diseases,M14 Patient Services,Rural,Total,value in Absolute Number,
hmis_outpatient_mental_illness_rural_value_in_absolute_number,HMIS,,Outpatient - Mental illness,M14 Patient Services,Rural,Total,value in Absolute Number,
hmis_outpatient_epilepsy_rural_value_in_absolute_number,HMIS,,Outpatient - Epilepsy,M14 Patient Services,Rural,Total,value in Absolute Number,
hmis_outpatient_ophthalmic_related_rural_value_in_absolute_number,HMIS,,Outpatient - Ophthalmic Related,M14 Patient Services,Rural,Total,value in Absolute Number,
hmis_outpatient_dental_rural_value_in_absolute_number,HMIS,,Outpatient - Dental,M14 Patient Services,Rural,Total,value in Absolute Number,
hmis_outpatient_oncology_rural_value_in_absolute_number,HMIS,,Outpatient - Oncology,M14 Patient Services,Rural,Total,value in Absolute Number,
hmis_allopathic_outpatient_attendance_rural_value_in_absolute_number,HMIS,,Allopathic- Outpatient attendance,M14 Patient Services,Rural,Total,value in Absolute Number,
hmis_ayush_outpatient_attendance_rural_value_in_absolute_number,HMIS,,Ayush - Outpatient attendance,M14 Patient Services,Rural,Total,value in Absolute Number,
hmis_inpatient_male_children_18_years_rural_value_in_absolute_number,HMIS,,Inpatient (Male) - Children < 18 years,M14 Patient Services,Rural,Total,value in Absolute Number,
hmis_inpatient_male_adults_rural_value_in_absolute_number,HMIS,,Inpatient (Male)- Adults,M14 Patient Services,Rural,Total,value in Absolute Number,
hmis_inpatient_female_children_18_years_rural_value_in_absolute_number,HMIS,,Inpatient (Female) - Children < 18 years,M14 Patient Services,Rural,Total,value in Absolute Number,
hmis_rdt_conducted_for_malaria_rural_value_in_absolute_number,HMIS,,RDT conducted for Malaria,M11 NVBDCP,Rural,Total,value in Absolute Number,
hmis_malaria_rdt_plasmodium_vivax_test_positive_rural_value_in_absolute_number,HMIS,,Malaria (RDT) - Plasmodium Vivax test positive,M11 NVBDCP,Rural,Total,value in Absolute Number,
hmis_malaria_rdt_plamodium_falciparum_test_positive_rural_value_in_absolute_number,HMIS,,Malaria (RDT) - Plamodium Falciparum test positive,M11 NVBDCP,Rural,Total,value in Absolute Number,
hmis_kala_azar_rdt_tests_conducted_rural_value_in_absolute_number,HMIS,,Kala Azar (RDT) - Tests Conducted,M11 NVBDCP,Rural,Total,value in Absolute Number,
hmis_kala_azar_positive_cases_rural_value_in_absolute_number,HMIS,,Kala Azar Positive Cases,M11 NVBDCP,Rural,Total,value in Absolute Number,
hmis_post_kala_azar_dermal_leishmaniasis_pkdl_cases_rural_value_in_absolute_number,HMIS,,Post-kala-azar dermal leishmaniasis (PKDL) cases,M11 NVBDCP,Rural,Total,value in Absolute Number,
hmis_dengue_rdt_test_positive_rural_value_in_absolute_number,HMIS,,Dengue - RDT Test Positive,M11 NVBDCP,Rural,Total,value in Absolute Number,
hmis_dengue_enzyme_linked_immuno_sorbent_assay_elisa_test_positive_rural_value_in_absolute_number,HMIS,,Dengue - Enzyme- Linked Immuno Sorbent Assay (ELISA) Test Positive,M11 NVBDCP,Rural,Total,value in Absolute Number,
hmis_tests_conducted_for_je_rural_value_in_absolute_number,HMIS,,Tests Conducted for JE,M11 NVBDCP,Rural,Total,value in Absolute Number,
hmis_tests_positive_for_je_rural_value_in_absolute_number,HMIS,,Tests Positive for JE,M11 NVBDCP,Rural,Total,value in Absolute Number,
hmis_girls_registered_in_afhc_rural_value_in_absolute_number,HMIS,,Girls registered in AFHC,M12 Adolscent Health,Rural,Total,value in Absolute Number,
hmis_boys_registered_in_afhc_rural_value_in_absolute_number,HMIS,,Boys registered in AFHC,M12 Adolscent Health,Rural,Total,value in Absolute Number,
hmis_out_of_registered_girls_received_clinical_services_rural_value_in_absolute_number,HMIS,,"Out of registered, Girls received clinical services",M12 Adolscent Health,Rural,Total,value in Absolute Number,
hmis_out_of_registered_boys_received_clinical_services_rural_value_in_absolute_number,HMIS,,"Out of registered, Boys received clinical services",M12 Adolscent Health,Rural,Total,value in Absolute Number,
hmis_out_of_registered_girls_received_counselling_rural_value_in_absolute_number,HMIS,,"Out of registered, Girls received counselling",M12 Adolscent Health,Rural,Total,value in Absolute Number,
hmis_out_of_registered_boys_received_counselling_rural_value_in_absolute_number,HMIS,,"Out of registered, Boys received counselling",M12 Adolscent Health,Rural,Total,value in Absolute Number,
hmis_childhood_diseases_asthma_rural_value_in_absolute_number,HMIS,,Childhood Diseases - Asthma,M10 Number of cases of Childhood Diseases (0-5 years),Rural,Total,value in Absolute Number,
hmis_childhood_diseases_sepsis_rural_value_in_absolute_number,HMIS,,Childhood Diseases - Sepsis,M10 Number of cases of Childhood Diseases (0-5 years),Rural,Total,value in Absolute Number,
hmis_childhood_diseases_diphtheria_rural_value_in_absolute_number,HMIS,,Childhood Diseases - Diphtheria,M10 Number of cases of Childhood Diseases (0-5 years),Rural,Total,value in Absolute Number,
hmis_childhood_diseases_pertussis_rural_value_in_absolute_number,HMIS,,Childhood Diseases - Pertussis,M10 Number of cases of Childhood Diseases (0-5 years),Rural,Total,value in Absolute Number,
hmis_childhood_diseases_tetanus_neonatorum_rural_value_in_absolute_number,HMIS,,Childhood Diseases - Tetanus Neonatorum,M10 Number of cases of Childhood Diseases (0-5 years),Rural,Total,value in Absolute Number,
hmis_childhood_diseases_tuberculosis_tb_rural_value_in_absolute_number,HMIS,,Childhood Diseases - Tuberculosis (TB),M10 Number of cases of Childhood Diseases (0-5 years),Rural,Total,value in Absolute Number,
hmis_childhood_diseases_acute_flaccid_paralysis_afp_rural_value_in_absolute_number,HMIS,,Childhood Diseases - Acute Flaccid Paralysis(AFP),M10 Number of cases of Childhood Diseases (0-5 years),Rural,Total,value in Absolute Number,
hmis_childhood_diseases_measles_rural_value_in_absolute_number,HMIS,,Childhood Diseases - Measles,M10 Number of cases of Childhood Diseases (0-5 years),Rural,Total,value in Absolute Number,
hmis_childhood_diseases_malaria_rural_value_in_absolute_number,HMIS,,Childhood Diseases - Malaria,M10 Number of cases of Childhood Diseases (0-5 years),Rural,Total,value in Absolute Number,
hmis_childhood_diseases_diarrhoea_rural_value_in_absolute_number,HMIS,,Childhood Diseases - Diarrhoea,M10 Number of cases of Childhood Diseases (0-5 years),Rural,Total,value in Absolute Number,
hmis_childhood_diseases_diarrhoea_treated_in_inpatients_rural_value_in_absolute_number,HMIS,,Childhood Diseases - Diarrhoea treated in Inpatients,M10 Number of cases of Childhood Diseases (0-5 years),Rural,Total,value in Absolute Number,
hmis_children_admitted_with_respiratory_infections_rural_value_in_absolute_number,HMIS,,Children admitted with Respiratory Infections,M10 Number of cases of Childhood Diseases (0-5 years),Rural,Total,value in Absolute Number,
hmis_childhood_diseases_severe_acute_malnutrition_sam_rural_value_in_absolute_number,HMIS,,Childhood Diseases - Severe Acute Malnutrition (SAM),M10 Number of cases of Childhood Diseases (0-5 years),Rural,Total,value in Absolute Number,
hmis_total_blood_smears_examined_for_malaria_rural_value_in_absolute_number,HMIS,,Total Blood Smears Examined for Malaria,M11 NVBDCP,Rural,Total,value in Absolute Number,
hmis_malaria_microscopy_tests_plasmodium_vivax_test_positive_rural_value_in_absolute_number,HMIS,,Malaria (Microscopy Tests ) - Plasmodium Vivax test positive,M11 NVBDCP,Rural,Total,value in Absolute Number,
hmis_malaria_microscopy_tests_plasmodium_falciparum_test_positive_rural_value_in_absolute_number,HMIS,,Malaria (Microscopy Tests ) - Plasmodium Falciparum test positive,M11 NVBDCP,Rural,Total,value in Absolute Number,
hmis_children_more_than_5_years_received_dpt5_2nd_booster_rural_value_in_absolute_number,HMIS,,Children more than 5 years received DPT5 (2nd Booster),M9 CHILD IMMUNISATION,Rural,Total,value in Absolute Number,
hmis_children_more_than_10_years_received_tt10_td10_rural_value_in_absolute_number,HMIS,,Children more than 10 years received TT10/ Td10,M9 CHILD IMMUNISATION,Rural,Total,value in Absolute Number,
hmis_children_more_than_16_years_received_tt16_td16_rural_value_in_absolute_number,HMIS,,Children more than 16 years received TT16/ Td16,M9 CHILD IMMUNISATION,Rural,Total,value in Absolute Number,
hmis_number_of_cases_of_aefi_abscess_rural_value_in_absolute_number,HMIS,,Number of cases of AEFI - Abscess,M9 CHILD IMMUNISATION,Rural,Total,value in Absolute Number,
hmis_number_of_cases_of_aefi_death_rural_value_in_absolute_number,HMIS,,Number of cases of AEFI - Death,M9 CHILD IMMUNISATION,Rural,Total,value in Absolute Number,
hmis_number_of_cases_of_aefi_others_rural_value_in_absolute_number,HMIS,,Number of cases of AEFI - Others,M9 CHILD IMMUNISATION,Rural,Total,value in Absolute Number,
hmis_immunisation_sessions_planned_rural_value_in_absolute_number,HMIS,,Immunisation sessions planned,M9 CHILD IMMUNISATION,Rural,Total,value in Absolute Number,
hmis_immunisation_sessions_held_rural_value_in_absolute_number,HMIS,,Immunisation sessions held,M9 CHILD IMMUNISATION,Rural,Total,value in Absolute Number,
hmis_number_of_immunisation_sessions_where_ashas_were_present_rural_value_in_absolute_number,HMIS,,Number of Immunisation sessions where ASHAs were present,M9 CHILD IMMUNISATION,Rural,Total,value in Absolute Number,
hmis_child_immunisation_vitamin_a_dose_1_rural_value_in_absolute_number,HMIS,,Child immunisation - Vitamin A Dose - 1,M9 CHILD IMMUNISATION,Rural,Total,value in Absolute Number,
hmis_child_immunisation_vitamin_a_dose_5_rural_value_in_absolute_number,HMIS,,Child immunisation - Vitamin A Dose - 5,M9 CHILD IMMUNISATION,Rural,Total,value in Absolute Number,
hmis_child_immunisation_vitamin_a_dose_9_rural_value_in_absolute_number,HMIS,,Child immunisation - Vitamin A Dose - 9,M9 CHILD IMMUNISATION,Rural,Total,value in Absolute Number,
hmis_number_of_children_6_59_months_provided_8_10_doses_1ml_of_ifa_syrup_bi_weekly_rural_value_in_absolute_number,HMIS,,Number of children (6-59 months) provided 8-10 doses (1ml) of IFA syrup (Bi weekly),M9 CHILD IMMUNISATION,Rural,Total,value in Absolute Number,
hmis_number_of_children_12_59_months_provided_albendazole_rural_value_in_absolute_number,HMIS,,Number of children (12-59 months) provided Albendazole,M9 CHILD IMMUNISATION,Rural,Total,value in Absolute Number,
hmis_number_of_severely_underweight_children_provided_health_checkup_0_5_years_rural_value_in_absolute_number,HMIS,,Number of severely underweight children provided Health Checkup (0-5 years),M9 CHILD IMMUNISATION,Rural,Total,value in Absolute Number,
hmis_childhood_diseases_pneumonia_rural_value_in_absolute_number,HMIS,,Childhood Diseases - Pneumonia,M10 Number of cases of Childhood Diseases (0-5 years),Rural,Total,value in Absolute Number,
hmis_child_immunisation_9_11months_measles_rubella_mr_measles_containing_vaccine_mcv_1st_dose_rural_value_in_absolute_number,HMIS,,Child immunisation (9-11months) - Measles & Rubella (MR)/ Measles containing vaccine(MCV) - 1st Dose,M9 CHILD IMMUNISATION,Rural,Total,value in Absolute Number,
hmis_child_immunisation_9_11months_measles_1st_dose_rural_value_in_absolute_number,HMIS,,Child immunisation (9-11months) - Measles 1st dose,M9 CHILD IMMUNISATION,Rural,Total,value in Absolute Number,
hmis_child_immunisation_9_11months_je_1st_dose_rural_value_in_absolute_number,HMIS,,Child immunisation (9-11months) - JE 1st dose,M9 CHILD IMMUNISATION,Rural,Total,value in Absolute Number,
hmis_children_aged_between_9_and_11_months_fully_immunized_male_rural_value_in_absolute_number,HMIS,,Children aged between 9 and 11 months fully immunized- Male,M9 CHILD IMMUNISATION,Rural,Total,value in Absolute Number,
hmis_children_aged_between_9_and_11_months_fully_immunized_female_rural_value_in_absolute_number,HMIS,,Children aged between 9 and 11 months fully immunized - Female,M9 CHILD IMMUNISATION,Rural,Total,value in Absolute Number,
hmis_child_immunisation_after_12_months_measles_rubella_mr_measles_containing_vaccine_mcv_1st_dose_rural_value_in_absolute_number,HMIS,,Child immunisation(after 12 months) - Measles & Rubella (MR)/Measles containing vaccine(MCV)- 1st Dose,M9 CHILD IMMUNISATION,Rural,Total,value in Absolute Number,
hmis_child_immunisation_after_12_months_measles_1st_dose_rural_value_in_absolute_number,HMIS,,Child immunisation (after 12 months) - Measles-1st dose,M9 CHILD IMMUNISATION,Rural,Total,value in Absolute Number,
hmis_child_immunisation_after_12_months_je_1st_dose_rural_value_in_absolute_number,HMIS,,Child immunisation (after 12 months) - JE 1st dose,M9 CHILD IMMUNISATION,Rural,Total,value in Absolute Number,
hmis_child_immunisation_measles_rubella_mr_2nd_dose_16_24_months_rural_value_in_absolute_number,HMIS,,Child immunisation - Measles & Rubella (MR)- 2nd Dose (16-24 months),M9 CHILD IMMUNISATION,Rural,Total,value in Absolute Number,
hmis_child_immunisation_measles_2nd_dose_more_than_16_months_rural_value_in_absolute_number,HMIS,,Child immunisation - Measles 2nd dose (More than 16 months),M9 CHILD IMMUNISATION,Rural,Total,value in Absolute Number,
hmis_child_immunisation_dpt_1st_booster_rural_value_in_absolute_number,HMIS,,Child immunisation - DPT 1st Booster,M9 CHILD IMMUNISATION,Rural,Total,value in Absolute Number,
hmis_child_immunisation_opv_booster_rural_value_in_absolute_number,HMIS,,Child immunisation - OPV Booster,M9 CHILD IMMUNISATION,Rural,Total,value in Absolute Number,
hmis_child_immunisation_measles_mumps_rubella_mmr_vaccine_rural_value_in_absolute_number,HMIS,,"Child immunisation - Measles, Mumps, Rubella (MMR) Vaccine",M9 CHILD IMMUNISATION,Rural,Total,value in Absolute Number,
hmis_number_of_children_more_than_16_months_of_age_who_received_japanese_encephalitis_je_vaccine_rural_value_in_absolute_number,HMIS,,Number of children more than 16 months of age who received Japanese Encephalitis (JE) vaccine,M9 CHILD IMMUNISATION,Rural,Total,value in Absolute Number,
hmis_child_immunisation_typhoid_rural_value_in_absolute_number,HMIS,,Child immunisation - Typhoid,M9 CHILD IMMUNISATION,Rural,Total,value in Absolute Number,
hmis_child_immunisation_opv_0_birth_dose_rural_value_in_absolute_number,HMIS,,Child immunisation - OPV 0 (Birth Dose),M9 CHILD IMMUNISATION,Rural,Total,value in Absolute Number,
hmis_child_immunisation_opv1_rural_value_in_absolute_number,HMIS,,Child immunisation - OPV1,M9 CHILD IMMUNISATION,Rural,Total,value in Absolute Number,
hmis_child_immunisation_opv2_rural_value_in_absolute_number,HMIS,,Child immunisation - OPV2,M9 CHILD IMMUNISATION,Rural,Total,value in Absolute Number,
hmis_child_immunisation_opv3_rural_value_in_absolute_number,HMIS,,Child immunisation - OPV3,M9 CHILD IMMUNISATION,Rural,Total,value in Absolute Number,
hmis_child_immunisation_hepatitis_b0_birth_dose_rural_value_in_absolute_number,HMIS,,Child immunisation - Hepatitis-B0 (Birth Dose),M9 CHILD IMMUNISATION,Rural,Total,value in Absolute Number,
hmis_child_immunisation_hepatitis_b1_rural_value_in_absolute_number,HMIS,,Child immunisation - Hepatitis-B1,M9 CHILD IMMUNISATION,Rural,Total,value in Absolute Number,
hmis_child_immunisation_hepatitis_b2_rural_value_in_absolute_number,HMIS,,Child immunisation - Hepatitis-B2,M9 CHILD IMMUNISATION,Rural,Total,value in Absolute Number,
hmis_child_immunisation_hepatitis_b3_rural_value_in_absolute_number,HMIS,,Child immunisation - Hepatitis-B3,M9 CHILD IMMUNISATION,Rural,Total,value in Absolute Number,
hmis_child_immunisation_inactivated_injectable_polio_vaccine_1_ipv_1_rural_value_in_absolute_number,HMIS,,Child immunisation - Inactivated Injectable Polio Vaccine 1 (IPV 1),M9 CHILD IMMUNISATION,Rural,Total,value in Absolute Number,
hmis_child_immunisation_inactivated_injectable_polio_vaccine_2_ipv_2_rural_value_in_absolute_number,HMIS,,Child immunisation - Inactivated Injectable Polio Vaccine 2 (IPV 2),M9 CHILD IMMUNISATION,Rural,Total,value in Absolute Number,
hmis_child_immunisation_rotavirus_1_rural_value_in_absolute_number,HMIS,,Child immunisation - Rotavirus 1,M9 CHILD IMMUNISATION,Rural,Total,value in Absolute Number,
hmis_child_immunisation_rotavirus_2_rural_value_in_absolute_number,HMIS,,Child immunisation - Rotavirus 2,M9 CHILD IMMUNISATION,Rural,Total,value in Absolute Number,
hmis_child_immunisation_rotavirus_3_rural_value_in_absolute_number,HMIS,,Child immunisation - Rotavirus 3,M9 CHILD IMMUNISATION,Rural,Total,value in Absolute Number,
hmis_child_immunisation_pcv_1_rural_value_in_absolute_number,HMIS,,Child Immunisation- PCV 1,M9 CHILD IMMUNISATION,Rural,Total,value in Absolute Number,
hmis_child_immunisation_pcv_2_rural_value_in_absolute_number,HMIS,,Child Immunisation- PCV 2,M9 CHILD IMMUNISATION,Rural,Total,value in Absolute Number,
hmis_child_immunisation_pcv_booster_rural_value_in_absolute_number,HMIS,,Child Immunisation- PCV Booster,M9 CHILD IMMUNISATION,Rural,Total,value in Absolute Number,
hmis_number_of_emergency_contraceptive_pills_ecp_given_rural_value_in_absolute_number,HMIS,,Number of Emergency Contraceptive Pills (ECP) given,M8 Family Planning,Rural,Total,value in Absolute Number,
hmis_number_of_pregnancy_test_kits_ptk_used_rural_value_in_absolute_number,HMIS,,Number of Pregnancy Test Kits (PTK) used,M8 Family Planning,Rural,Total,value in Absolute Number,
hmis_complications_following_male_sterilization_rural_value_in_absolute_number,HMIS,,Complications following male sterilization,M8 Family Planning,Rural,Total,value in Absolute Number,
hmis_complications_following_female_sterilization_rural_value_in_absolute_number,HMIS,,Complications following female sterilization,M8 Family Planning,Rural,Total,value in Absolute Number,
hmis_failures_following_male_sterilization_rural_value_in_absolute_number,HMIS,,Failures following male sterilization,M8 Family Planning,Rural,Total,value in Absolute Number,
hmis_failures_following_female_sterilization_rural_value_in_absolute_number,HMIS,,Failures following female sterilization,M8 Family Planning,Rural,Total,value in Absolute Number,
hmis_deaths_following_male_sterilization_rural_value_in_absolute_number,HMIS,,Deaths following male sterilization,M8 Family Planning,Rural,Total,value in Absolute Number,
hmis_deaths_following_female_sterilization_rural_value_in_absolute_number,HMIS,,Deaths following female sterilization,M8 Family Planning,Rural,Total,value in Absolute Number,
hmis_child_immunisation_vitamin_k_birth_dose_rural_value_in_absolute_number,HMIS,,Child immunisation - Vitamin K (Birth Dose),M9 CHILD IMMUNISATION,Rural,Total,value in Absolute Number,
hmis_child_immunisation_bcg_rural_value_in_absolute_number,HMIS,,Child immunisation - BCG,M9 CHILD IMMUNISATION,Rural,Total,value in Absolute Number,
hmis_child_immunisation_dpt1_rural_value_in_absolute_number,HMIS,,Child immunisation - DPT1,M9 CHILD IMMUNISATION,Rural,Total,value in Absolute Number,
hmis_child_immunisation_dpt2_rural_value_in_absolute_number,HMIS,,Child immunisation - DPT2,M9 CHILD IMMUNISATION,Rural,Total,value in Absolute Number,
hmis_child_immunisation_dpt3_rural_value_in_absolute_number,HMIS,,Child immunisation - DPT3,M9 CHILD IMMUNISATION,Rural,Total,value in Absolute Number,
hmis_child_immunisation_pentavalent_1_rural_value_in_absolute_number,HMIS,,Child immunisation - Pentavalent 1,M9 CHILD IMMUNISATION,Rural,Total,value in Absolute Number,
hmis_child_immunisation_pentavalent_2_rural_value_in_absolute_number,HMIS,,Child immunisation - Pentavalent 2,M9 CHILD IMMUNISATION,Rural,Total,value in Absolute Number,
hmis_child_immunisation_pentavalent_3_rural_value_in_absolute_number,HMIS,,Child immunisation - Pentavalent 3,M9 CHILD IMMUNISATION,Rural,Total,value in Absolute Number,
hmis_number_of_laparoscopic_sterilizations_excluding_post_abortion_conducted_rural_value_in_absolute_number,HMIS,,Number of Laparoscopic sterilizations (excluding post abortion) conducted,M8 Family Planning,Rural,Total,value in Absolute Number,
hmis_number_of_interval_mini_lap_other_than_post_partum_and_post_abortion_sterilizations_conducted_rural_value_in_absolute_number,HMIS,,Number of Interval Mini-lap (other than post-partum and post abortion) sterilizations conducted,M8 Family Planning,Rural,Total,value in Absolute Number,
hmis_number_of_postpartum_sterilizations_within_7_days_of_delivery_by_minilap_or_concurrent_with_caesarean_section_conducted_rural_value_in_absolute_number,HMIS,,Number of Postpartum sterilizations (within 7 days of delivery by minilap or concurrent with caesarean section) conducted,M8 Family Planning,Rural,Total,value in Absolute Number,
hmis_number_of_post_abortion_sterilizations_within_7_days_of_spontaneous_or_surgical_abortion_conducted_rural_value_in_absolute_number,HMIS,,Number of Post Abortion sterilizations (within 7 days of spontaneous or surgical abortion) conducted,M8 Family Planning,Rural,Total,value in Absolute Number,
hmis_number_of_interval_iucd_insertions_excluding_ppiucd_and_paiucd_rural_value_in_absolute_number,HMIS,,Number of Interval IUCD Insertions (excluding PPIUCD and PAIUCD),M8 Family Planning,Rural,Total,value in Absolute Number,
hmis_number_of_postpartum_within_48_hours_of_delivery_iucd_insertions_rural_value_in_absolute_number,HMIS,,Number of Postpartum (within 48 hours of delivery) IUCD insertions,M8 Family Planning,Rural,Total,value in Absolute Number,
hmis_number_of_post_abortion_within_12_days_of_spontaneous_or_surgical_abortion_iucd_insertions_rural_value_in_absolute_number,HMIS,,Number of Post Abortion (within 12 days of spontaneous or surgical abortion) IUCD insertions,M8 Family Planning,Rural,Total,value in Absolute Number,
hmis_number_of_iucd_removals_rural_value_in_absolute_number,HMIS,,Number of IUCD Removals,M8 Family Planning,Rural,Total,value in Absolute Number,
hmis_number_of_complications_following_iucd_insertion_rural_value_in_absolute_number,HMIS,,Number of complications following IUCD Insertion,M8 Family Planning,Rural,Total,value in Absolute Number,
hmis_injectable_contraceptive_antara_program_first_dose_rural_value_in_absolute_number,HMIS,,Injectable Contraceptive-Antara Program- First Dose,M8 Family Planning,Rural,Total,value in Absolute Number,
hmis_injectable_contraceptive_antara_program_second_dose_rural_value_in_absolute_number,HMIS,,Injectable Contraceptive-Antara Program- Second Dose,M8 Family Planning,Rural,Total,value in Absolute Number,
hmis_injectable_contraceptive_antara_program_third_dose_rural_value_in_absolute_number,HMIS,,Injectable Contraceptive-Antara Program- Third Dose,M8 Family Planning,Rural,Total,value in Absolute Number,
hmis_injectable_contraceptive_antara_program_fourth_or_more_than_fourth_rural_value_in_absolute_number,HMIS,,Injectable Contraceptive-Antara Program- Fourth or more than fourth,M8 Family Planning,Rural,Total,value in Absolute Number,
hmis_number_of_combined_oral_pill_cycles_distributed_rural_value_in_absolute_number,HMIS,,Number of Combined Oral Pill cycles distributed,M8 Family Planning,Rural,Total,value in Absolute Number,
hmis_number_of_condom_pieces_distributed_rural_value_in_absolute_number,HMIS,,Number of Condom pieces distributed,M8 Family Planning,Rural,Total,value in Absolute Number,
hmis_number_of_centchroman_weekly_pill_strips_distributed_rural_value_in_absolute_number,HMIS,,Number of Centchroman (weekly) pill strips distributed,M8 Family Planning,Rural,Total,value in Absolute Number,
hmis_post_abortion_mtp_complications_treated_rural_value_in_absolute_number,HMIS,,Post Abortion/ MTP Complications Treated,M4 Pregnancy outcome & details of new-born,Rural,Total,value in Absolute Number,
hmis_number_of_women_provided_with_post_abortion_mtp_contraception_rural_value_in_absolute_number,HMIS,,Number of women provided with post abortion/ MTP contraception,M4 Pregnancy outcome & details of new-born,Rural,Total,value in Absolute Number,
hmis_number_of_newborns_weighed_at_birth_rural_value_in_absolute_number,HMIS,,Number of newborns weighed at birth,M4 Pregnancy outcome & details of new-born,Rural,Total,value in Absolute Number,
hmis_number_of_newborns_having_weight_less_than_2_5_kg_rural_value_in_absolute_number,HMIS,,Number of newborns having weight less than 2.5 kg,M4 Pregnancy outcome & details of new-born,Rural,Total,value in Absolute Number,
hmis_number_of_newborns_breast_fed_within_1_hour_of_birth_rural_value_in_absolute_number,HMIS,,Number of Newborns breast fed within 1 hour of birth,M4 Pregnancy outcome & details of new-born,Rural,Total,value in Absolute Number,
hmis_number_of_cases_of_pregnant_women_with_obstetric_complications_attended_antepartum_haemorrhage_aph_post_partum_hemorrhage_pph_sepsis_eclampsia_and_others_rural_value_in_absolu,HMIS,,"Number of cases of pregnant women with Obstetric Complications attended (Antepartum haemorrhage (APH), Post-Partum Hemorrhage (PPH), Sepsis, Eclampsia and others)",M5 Complicated Pregnancies,Rural,Total,value in Absolute Number,
hmis_number_of_complicated_pregnancies_treated_with_blood_transfusion_rural_value_in_absolute_number,HMIS,,Number of Complicated pregnancies treated with Blood Transfusion,M5 Complicated Pregnancies,Rural,Total,value in Absolute Number,
hmis_women_receiving_1st_post_partum_checkups_within_48_hours_of_home_delivery_rural_value_in_absolute_number,HMIS,,Women receiving 1st post partum checkups within 48 hours of home delivery,M6 Post Natal Care (PNC),Rural,Total,value in Absolute Number,
hmis_women_receiving_1st_post_partum_checkup_between_48_hours_and_14_days_rural_value_in_absolute_number,HMIS,,Women receiving 1st post partum checkup between 48 hours and 14 days,M6 Post Natal Care (PNC),Rural,Total,value in Absolute Number,
hmis_number_of_mothers_provided_full_course_of_180_ifa_tablets_after_delivery_rural_value_in_absolute_number,HMIS,,Number of mothers provided full course of 180 IFA tablets after delivery,M6 Post Natal Care (PNC),Rural,Total,value in Absolute Number,
hmis_number_of_mothers_provided_full_course_of_360_calcium_tablets_after_delivery_rural_value_in_absolute_number,HMIS,,Number of mothers provided full course of 360 Calcium tablets after delivery,M6 Post Natal Care (PNC),Rural,Total,value in Absolute Number,
hmis_new_rti_sti_cases_identified_male_rural_value_in_absolute_number,HMIS,,New RTI/STI cases identified - Male,M7 Reproductive Tract Infections/Sexually Transmitted Infections (RTI/STI) Cases,Rural,Total,value in Absolute Number,
hmis_new_rti_sti_cases_identified_female_rural_value_in_absolute_number,HMIS,,New RTI/STI cases identified - Female,M7 Reproductive Tract Infections/Sexually Transmitted Infections (RTI/STI) Cases,Rural,Total,value in Absolute Number,
hmis_rti_sti_for_which_treatment_initiated_male_rural_value_in_absolute_number,HMIS,,RTI/STI for which treatment initiated - Male,M7 Reproductive Tract Infections/Sexually Transmitted Infections (RTI/STI) Cases,Rural,Total,value in Absolute Number,
hmis_rti_sti_for_which_treatment_initiated_female_rural_value_in_absolute_number,HMIS,,RTI/STI for which treatment initiated -Female,M7 Reproductive Tract Infections/Sexually Transmitted Infections (RTI/STI) Cases,Rural,Total,value in Absolute Number,
hmis_number_of_non_scalpel_vasectomy_nsv_conventional_vasectomy_conducted_rural_value_in_absolute_number,HMIS,,Number of Non Scalpel Vasectomy (NSV) / Conventional Vasectomy conducted,M8 Family Planning,Rural,Total,value in Absolute Number,
hmis_number_of_home_deliveries_attended_by_non_sba_trained_birth_attendant_tba_relatives_etc_rural_value_in_absolute_number,HMIS,,Number of Home Deliveries attended by Non SBA (Trained Birth Attendant(TBA) /Relatives/etc.),M2 Deliveries,Rural,Total,value in Absolute Number,
hmis_number_of_pw_given_tablet_misoprostol_during_home_delivery_rural_value_in_absolute_number,HMIS,,Number of PW given Tablet Misoprostol during home delivery,M2 Deliveries,Rural,Total,value in Absolute Number,
hmis_number_of_newborns_received_7_home_based_newborn_care_hbnc_visits_in_case_of_home_delivery_rural_value_in_absolute_number,HMIS,,Number of newborns received 7 Home Based Newborn Care (HBNC) visits in case of Home delivery,M2 Deliveries,Rural,Total,value in Absolute Number,
hmis_number_of_institutional_deliveries_conducted_including_c_sections_rural_value_in_absolute_number,HMIS,,Number of Institutional Deliveries conducted (Including C-Sections),M2 Deliveries,Rural,Total,value in Absolute Number,
hmis_out_of_total_institutional_deliveries_number_of_women_discharged_within_48_hours_of_delivery_rural_value_in_absolute_number,HMIS,,Out of total institutional deliveries number of women discharged within 48 hours of delivery,M2 Deliveries,Rural,Total,value in Absolute Number,
hmis_number_of_newborns_received_6_hbnc_visits_after_institutional_delivery_rural_value_in_absolute_number,HMIS,,Number of newborns received 6 HBNC visits after Institutional Delivery,M2 Deliveries,Rural,Total,value in Absolute Number,
hmis_total_c_section_deliveries_performed_rural_value_in_absolute_number,HMIS,,Total C -Section deliveries performed,M3 Number of Caesarean (C-Section) deliveries,Rural,Total,value in Absolute Number,
hmis_c_sections_performed_at_night_8_pm_8_am_rural_value_in_absolute_number,HMIS,,"C-sections, performed at night (8 PM- 8 AM)",M3 Number of Caesarean (C-Section) deliveries,Rural,Total,value in Absolute Number,
hmis_live_birth_male_rural_value_in_absolute_number,HMIS,,Live Birth - Male,M4 Pregnancy outcome & details of new-born,Rural,Total,value in Absolute Number,
hmis_live_birth_female_rural_value_in_absolute_number,HMIS,,Live Birth - Female,M4 Pregnancy outcome & details of new-born,Rural,Total,value in Absolute Number,
hmis_number_of_pre_term_newborns_37_weeks_of_pregnancy_rural_value_in_absolute_number,HMIS,,Number of Pre term newborns ( < 37 weeks of pregnancy),M4 Pregnancy outcome & details of new-born,Rural,Total,value in Absolute Number,
hmis_still_birth_rural_value_in_absolute_number,HMIS,,Still Birth,M4 Pregnancy outcome & details of new-born,Rural,Total,value in Absolute Number,
hmis_abortion_spontaneous_rural_value_in_absolute_number,HMIS,,Abortion (spontaneous),M4 Pregnancy outcome & details of new-born,Rural,Total,value in Absolute Number,
hmis_mtp_up_to_12_weeks_of_pregnancy_rural_value_in_absolute_number,HMIS,,MTP up to 12 weeks of pregnancy,M4 Pregnancy outcome & details of new-born,Rural,Total,value in Absolute Number,
hmis_mtp_more_than_12_weeks_of_pregnancy_rural_value_in_absolute_number,HMIS,,MTP more than 12 weeks of pregnancy,M4 Pregnancy outcome & details of new-born,Rural,Total,value in Absolute Number,
hmis_post_abortion_mtp_complications_identified_rural_value_in_absolute_number,HMIS,,Post Abortion/ MTP Complications Identified,M4 Pregnancy outcome & details of new-born,Rural,Total,value in Absolute Number,
hmis_number_of_eclampsia_cases_managed_during_delivery_rural_value_in_absolute_number,HMIS,,Number of Eclampsia cases managed during delivery,M1 Ante Natal Care (ANC),Rural,Total,value in Absolute Number,
hmis_number_of_pw_tested_for_haemoglobin_hb_4_or_more_than_4_times_for_respective_ancs_rural_value_in_absolute_number,HMIS,,Number of PW tested for Haemoglobin (Hb ) 4 or more than 4 times for respective ANCs,M1 Ante Natal Care (ANC),Rural,Total,value in Absolute Number,
hmis_number_of_pw_having_hb_level_11_out_of_total_tested_cases_7_1_to_10_9_rural_value_in_absolute_number,HMIS,,Number of PW having Hb level<11 (out of total tested cases)(7.1 to 10.9),M1 Ante Natal Care (ANC),Rural,Total,value in Absolute Number,
hmis_number_of_pw_having_hb_level_7_out_of_total_tested_cases_rural_value_in_absolute_number,HMIS,,Number of PW having Hb level<7 (out of total tested cases),M1 Ante Natal Care (ANC),Rural,Total,value in Absolute Number,
hmis_number_of_pw_having_severe_anaemia_hb_7_treated_rural_value_in_absolute_number,HMIS,,Number of PW having severe anaemia (Hb<7) treated,M1 Ante Natal Care (ANC),Rural,Total,value in Absolute Number,
hmis_number_of_pw_tested_for_blood_sugar_using_ogtt_oral_glucose_tolerance_test_rural_value_in_absolute_number,HMIS,,Number of PW tested for blood sugar using OGTT (Oral Glucose Tolerance Test),M1 Ante Natal Care (ANC),Rural,Total,value in Absolute Number,
hmis_number_of_pw_tested_positive_for_gdm_rural_value_in_absolute_number,HMIS,,Number of PW tested positive for GDM,M1 Ante Natal Care (ANC),Rural,Total,value in Absolute Number,
hmis_number_of_pw_given_insulin_out_of_total_tested_positive_for_gdm_rural_value_in_absolute_number,HMIS,,Number of PW given insulin out of total tested positive for GDM,M1 Ante Natal Care (ANC),Rural,Total,value in Absolute Number,
hmis_number_of_pregnant_women_tested_for_syphilis_rural_value_in_absolute_number,HMIS,,Number of pregnant women tested for Syphilis,M1 Ante Natal Care (ANC),Rural,Total,value in Absolute Number,
hmis_number_of_pregnant_women_tested_found_sero_positive_for_syphilis_rural_value_in_absolute_number,HMIS,,Number of pregnant women tested found sero positive for Syphilis,M1 Ante Natal Care (ANC),Rural,Total,value in Absolute Number,
hmis_number_of_syphilis_positive_pregnanat_women_treated_for_syphilis_rural_value_in_absolute_number,HMIS,,Number of syphilis positive pregnanat women treated for Syphilis,M1 Ante Natal Care (ANC),Rural,Total,value in Absolute Number,
hmis_number_of_babies_daignosed_with_congenital_syphilis_rural_value_in_absolute_number,HMIS,,Number of babies daignosed with Congenital Syphilis,M1 Ante Natal Care (ANC),Rural,Total,value in Absolute Number,
hmis_number_of_babies_treated_for_congenital_syphilis_rural_value_in_absolute_number,HMIS,,Number of babies treated for congenital Syphilis,M1 Ante Natal Care (ANC),Rural,Total,value in Absolute Number,
hmis_number_of_home_deliveries_attended_by_skill_birth_attendant_sba_doctor_nurse_anm_midwife_rural_value_in_absolute_number,HMIS,,Number of Home Deliveries attended by Skill Birth Attendant(SBA) (Doctor/Nurse/ANM/ Midwife),M2 Deliveries,Rural,Total,value in Absolute Number,
hmis_total_number_of_pregnant_women_registered_for_anc_rural_value_in_absolute_number,HMIS,,Total number of pregnant women registered for ANC,M1 Ante Natal Care (ANC),Rural,Total,value in Absolute Number,
hmis_out_of_the_total_anc_registered_number_registered_within_1st_trimester_within_12_weeks_rural_value_in_absolute_number,HMIS,,"Out of the total ANC registered, number registered within 1st trimester (within 12 weeks)",M1 Ante Natal Care (ANC),Rural,Total,value in Absolute Number,
hmis_number_of_pw_given_tt1_td1_rural_value_in_absolute_number,HMIS,,Number of PW given TT1/ Td1,M1 Ante Natal Care (ANC),Rural,Total,value in Absolute Number,
hmis_number_of_pw_given_tt2_td2_rural_value_in_absolute_number,HMIS,,Number of PW given TT2 / Td2,M1 Ante Natal Care (ANC),Rural,Total,value in Absolute Number,
hmis_number_of_pw_given_tt_booster_td_booster_rural_value_in_absolute_number,HMIS,,Number of PW given TT Booster/ Td Booster,M1 Ante Natal Care (ANC),Rural,Total,value in Absolute Number,
hmis_number_of_pw_provided_full_course_180_iron_folic_acid_ifa_tablets_rural_value_in_absolute_number,HMIS,,Number of PW provided full Course 180 Iron Folic Acid (IFA) tablets,M1 Ante Natal Care (ANC),Rural,Total,value in Absolute Number,
hmis_number_of_pw_provided_full_course_360_calcium_tablets_rural_value_in_absolute_number,HMIS,,Number of PW provided full Course 360 Calcium tablets,M1 Ante Natal Care (ANC),Rural,Total,value in Absolute Number,
hmis_number_of_pw_given_one_albendazole_tablet_after_1st_trimester_rural_value_in_absolute_number,HMIS,,Number of PW given one Albendazole tablet after 1st trimester,M1 Ante Natal Care (ANC),Rural,Total,value in Absolute Number,
hmis_number_of_pw_received_4_or_more_anc_check_ups_rural_value_in_absolute_number,HMIS,,Number of PW received 4 or more ANC check ups,M1 Ante Natal Care (ANC),Rural,Total,value in Absolute Number,
hmis_number_of_pw_given_anc_corticosteroids_in_pre_term_labour_rural_value_in_absolute_number,HMIS,,Number of PW given ANC Corticosteroids in Pre Term Labour,M1 Ante Natal Care (ANC),Rural,Total,value in Absolute Number,
hmis_new_cases_of_pw_with_hypertension_detected_rural_value_in_absolute_number,HMIS,,New cases of PW with hypertension detected,M1 Ante Natal Care (ANC),Rural,Total,value in Absolute Number,
hmis_out_of_the_new_cases_of_pw_with_hypertension_detected_cases_managed_at_institution_rural_value_in_absolute_number,HMIS,,"Out of the new cases of PW with hypertension detected, cases managed at institution",M1 Ante Natal Care (ANC),Rural,Total,value in Absolute Number,
hmis_number_of_adolscent_adult_deaths_due_to_accidents_burn_cases_urban_value_in_absolute_number,HMIS,,Number of Adolscent / Adult deaths due to Accidents/Burn cases,M16 Details of deaths reported with probable causes:,Urban,Total,value in Absolute Number,
hmis_number_of_adolscent_adult_deaths_due_to_suicide_urban_value_in_absolute_number,HMIS,,Number of Adolscent / Adult deaths due to Suicide,M16 Details of deaths reported with probable causes:,Urban,Total,value in Absolute Number,
hmis_number_of_adolscent_adult_deaths_due_to_animal_bites_and_stings_urban_value_in_absolute_number,HMIS,,Number of Adolscent / Adult deaths due to Animal bites and stings,M16 Details of deaths reported with probable causes:,Urban,Total,value in Absolute Number,
hmis_number_of_adolscent_adult_deaths_due_to_known_acute_disease_urban_value_in_absolute_number,HMIS,,Number of Adolscent / Adult deaths due to Known Acute Disease,M16 Details of deaths reported with probable causes:,Urban,Total,value in Absolute Number,
hmis_number_of_adolscent_adult_deaths_due_to_known_chronic_disease_urban_value_in_absolute_number,HMIS,,Number of Adolscent / Adult deaths due to Known Chronic Disease,M16 Details of deaths reported with probable causes:,Urban,Total,value in Absolute Number,
hmis_number_of_adolscent_adult_deaths_due_to_causes_not_known_urban_value_in_absolute_number,HMIS,,Number of Adolscent / Adult deaths due to Causes not known,M16 Details of deaths reported with probable causes:,Urban,Total,value in Absolute Number,
hmis_number_of_deaths_due_to_malaria_plasmodium_vivax_urban_value_in_absolute_number,HMIS,,Number of Deaths due to Malaria- Plasmodium Vivax,M16 Details of deaths reported with probable causes:,Urban,Total,value in Absolute Number,
hmis_number_of_deaths_due_to_malaria_plasmodium_falciparum_urban_value_in_absolute_number,HMIS,,Number of Deaths due to Malaria- Plasmodium Falciparum,M16 Details of deaths reported with probable causes:,Urban,Total,value in Absolute Number,
hmis_number_of_deaths_due_to_kala_azar_urban_value_in_absolute_number,HMIS,,Number of Deaths due to Kala Azar,M16 Details of deaths reported with probable causes:,Urban,Total,value in Absolute Number,
hmis_number_of_deaths_due_to_dengue_urban_value_in_absolute_number,HMIS,,Number of Deaths due to Dengue,M16 Details of deaths reported with probable causes:,Urban,Total,value in Absolute Number,
hmis_number_of_deaths_due_to_acute_encephelitis_syndrome_aes_urban_value_in_absolute_number,HMIS,,Number of Deaths due to Acute Encephelitis Syndrome (AES),M16 Details of deaths reported with probable causes:,Urban,Total,value in Absolute Number,
hmis_number_of_deaths_due_to_japanese_encephalitis_je_urban_value_in_absolute_number,HMIS,,Number of Deaths due to Japanese Encephalitis (JE),M16 Details of deaths reported with probable causes:,Urban,Total,value in Absolute Number,
hmis_number_of_child_deaths_1_5_years_due_to_others_urban_value_in_absolute_number,HMIS,,Number of Child Deaths (1 -5 years) due to Others,M16 Details of deaths reported with probable causes:,Urban,Total,value in Absolute Number,
hmis_number_of_maternal_deaths_due_to_bleeding_urban_value_in_absolute_number,HMIS,,Number of Maternal Deaths due to Bleeding,M16 Details of deaths reported with probable causes:,Urban,Total,value in Absolute Number,
hmis_number_of_maternal_deaths_due_to_high_fever_urban_value_in_absolute_number,HMIS,,Number of Maternal Deaths due to High fever,M16 Details of deaths reported with probable causes:,Urban,Total,value in Absolute Number,
hmis_number_of_maternal_deaths_due_to_abortion_urban_value_in_absolute_number,HMIS,,Number of Maternal Deaths due to Abortion,M16 Details of deaths reported with probable causes:,Urban,Total,value in Absolute Number,
hmis_number_of_maternal_deaths_due_to_obstructed_prolonged_labour_urban_value_in_absolute_number,HMIS,,Number of Maternal Deaths due to Obstructed/prolonged labour,M16 Details of deaths reported with probable causes:,Urban,Total,value in Absolute Number,
hmis_number_of_maternal_deaths_due_to_severe_hypertension_fits_urban_value_in_absolute_number,HMIS,,Number of Maternal Deaths due to Severe hypertension/fits,M16 Details of deaths reported with probable causes:,Urban,Total,value in Absolute Number,
hmis_number_of_maternal_deaths_due_to_other_causes_including_causes_not_known_urban_value_in_absolute_number,HMIS,,Number of Maternal Deaths due to Other Causes (including causes not known),M16 Details of deaths reported with probable causes:,Urban,Total,value in Absolute Number,
hmis_total_facility_based_maternal_death_reviews_fbmdr_done_urban_value_in_absolute_number,HMIS,,Total Facility Based Maternal Death Reviews (FBMDR) done,M16 Details of deaths reported with probable causes:,Urban,Total,value in Absolute Number,
hmis_number_of_adolscent_adult_deaths_due_to_diarrhoeal_diseases_urban_value_in_absolute_number,HMIS,,Number of Adolscent / Adult deaths due to Diarrhoeal diseases,M16 Details of deaths reported with probable causes:,Urban,Total,value in Absolute Number,
hmis_number_of_adolscent_adult_deaths_due_to_tuberculosis_urban_value_in_absolute_number,HMIS,,Number of Adolscent / Adult deaths due to Tuberculosis,M16 Details of deaths reported with probable causes:,Urban,Total,value in Absolute Number,
hmis_number_of_adolscent_adult_deaths_due_to_respiratory_diseases_including_infections_other_than_tb_urban_value_in_absolute_number,HMIS,,Number of Adolscent / Adult deaths due to Respiratory diseases including infections (other than TB),M16 Details of deaths reported with probable causes:,Urban,Total,value in Absolute Number,
hmis_number_of_adolscent_adult_deaths_due_to_other_fever_related_urban_value_in_absolute_number,HMIS,,Number of Adolscent / Adult deaths due to Other Fever Related,M16 Details of deaths reported with probable causes:,Urban,Total,value in Absolute Number,
hmis_number_of_adolscent_adult_deaths_due_to_hiv_aids_urban_value_in_absolute_number,HMIS,,Number of Adolscent / Adult deaths due to HIV/AIDS,M16 Details of deaths reported with probable causes:,Urban,Total,value in Absolute Number,
hmis_number_of_adolscent_adult_deaths_due_to_heart_disease_hypertension_related_urban_value_in_absolute_number,HMIS,,Number of Adolscent / Adult deaths due to Heart disease/Hypertension related,M16 Details of deaths reported with probable causes:,Urban,Total,value in Absolute Number,
hmis_number_of_adolscent_adult_deaths_due_to_cancer_urban_value_in_absolute_number,HMIS,,Number of Adolscent / Adult deaths due to Cancer,M16 Details of deaths reported with probable causes:,Urban,Total,value in Absolute Number,
hmis_number_of_adolscent_adult_deaths_due_to_neurological_disease_including_strokes_urban_value_in_absolute_number,HMIS,,Number of Adolscent / Adult deaths due to Neurological disease including strokes,M16 Details of deaths reported with probable causes:,Urban,Total,value in Absolute Number,
hmis_widal_tests_number_positive_urban_value_in_absolute_number,HMIS,,Widal tests - Number Positive,M15 Laboratory Testing,Urban,Total,value in Absolute Number,
hmis_radiology_x_ray_urban_value_in_absolute_number,HMIS,,Radiology - X-ray,M15 Laboratory Testing,Urban,Total,value in Absolute Number,
hmis_radiology_ultrasonography_usg_urban_value_in_absolute_number,HMIS,,Radiology - Ultrasonography (USG),M15 Laboratory Testing,Urban,Total,value in Absolute Number,
hmis_infant_deaths_within_24_hours_1_to_23_hours_of_birth_urban_value_in_absolute_number,HMIS,,Infant deaths within 24 hours (1 to 23 hours) of birth,M16 Details of deaths reported with probable causes:,Urban,Total,value in Absolute Number,
hmis_infant_deaths_up_to_4_weeks_due_to_sepsis_urban_value_in_absolute_number,HMIS,,Infant Deaths up to 4 weeks due to Sepsis,M16 Details of deaths reported with probable causes:,Urban,Total,value in Absolute Number,
hmis_infant_deaths_up_to_4_weeks_due_to_asphyxia_urban_value_in_absolute_number,HMIS,,Infant Deaths up to 4 weeks due to Asphyxia,M16 Details of deaths reported with probable causes:,Urban,Total,value in Absolute Number,
hmis_infant_deaths_up_to_4_weeks_due_to_other_causes_urban_value_in_absolute_number,HMIS,,Infant Deaths up to 4 weeks due to Other causes,M16 Details of deaths reported with probable causes:,Urban,Total,value in Absolute Number,
hmis_number_of_infant_deaths_1_12_months_due_to_pneumonia_urban_value_in_absolute_number,HMIS,,Number of Infant Deaths (1 -12 months) due to Pneumonia,M16 Details of deaths reported with probable causes:,Urban,Total,value in Absolute Number,
hmis_number_of_infant_deaths_1_12_months_due_to_diarrhoea_urban_value_in_absolute_number,HMIS,,Number of Infant Deaths (1 -12 months) due to Diarrhoea,M16 Details of deaths reported with probable causes:,Urban,Total,value in Absolute Number,
hmis_number_of_infant_deaths_1_12_months_due_to_fever_related_urban_value_in_absolute_number,HMIS,,Number of Infant Deaths (1 -12 months) due to Fever related,M16 Details of deaths reported with probable causes:,Urban,Total,value in Absolute Number,
hmis_number_of_infant_deaths_1_12_months_due_to_measles_urban_value_in_absolute_number,HMIS,,Number of Infant Deaths (1 -12 months) due to Measles,M16 Details of deaths reported with probable causes:,Urban,Total,value in Absolute Number,
hmis_number_of_infant_deaths_1_12_months_due_to_others_urban_value_in_absolute_number,HMIS,,Number of Infant Deaths (1 -12 months) due to Others,M16 Details of deaths reported with probable causes:,Urban,Total,value in Absolute Number,
hmis_number_of_child_deaths_1_5_years_due_to_pneumonia_urban_value_in_absolute_number,HMIS,,Number of Child Deaths (1 -5 years) due to Pneumonia,M16 Details of deaths reported with probable causes:,Urban,Total,value in Absolute Number,
hmis_number_of_child_deaths_1_5_years_due_to_diarrhoea_urban_value_in_absolute_number,HMIS,,Number of Child Deaths (1 -5 years) due to Diarrhoea,M16 Details of deaths reported with probable causes:,Urban,Total,value in Absolute Number,
hmis_number_of_child_deaths_1_5_years_due_to_fever_related_urban_value_in_absolute_number,HMIS,,Number of Child Deaths (1 -5 years) due to Fever related,M16 Details of deaths reported with probable causes:,Urban,Total,value in Absolute Number,
hmis_number_of_child_deaths_1_5_years_due_to_measles_urban_value_in_absolute_number,HMIS,,Number of Child Deaths (1 -5 years) due to Measles,M16 Details of deaths reported with probable causes:,Urban,Total,value in Absolute Number,
hmis_patient_satisfaction_score_of_the_facility_in_percentage_from_mera_aspatal_urban_value_in_absolute_number,HMIS,,Patient Satisfaction Score of the facility in percentage (from Mera Aspatal),M14 Patient Services,Urban,Total,value in Absolute Number,
hmis_number_of_lab_tests_done_urban_value_in_absolute_number,HMIS,,Number of Lab Tests done,M15 Laboratory Testing,Urban,Total,value in Absolute Number,
hmis_number_of_hb_tests_conducted_urban_value_in_absolute_number,HMIS,,Number of Hb tests conducted,M15 Laboratory Testing,Urban,Total,value in Absolute Number,
hmis_out_of_the_total_number_of_hb_tests_done_number_having_hb_7_mg_urban_value_in_absolute_number,HMIS,,"Out of the total number of Hb tests done, Number having Hb < 7 mg",M15 Laboratory Testing,Urban,Total,value in Absolute Number,
hmis_male_hiv_number_tested_by_finger_prick_test_urban_value_in_absolute_number,HMIS,,Male HIV - Number Tested (by finger prick test),M15 Laboratory Testing,Urban,Total,value in Absolute Number,
hmis_male_hiv_number_positive_urban_value_in_absolute_number,HMIS,,Male HIV - Number Positive,M15 Laboratory Testing,Urban,Total,value in Absolute Number,
hmis_female_non_anc_hiv_number_tested_by_finger_prick_test_urban_value_in_absolute_number,HMIS,,Female Non ANC HIV - Number Tested (by finger prick test),M15 Laboratory Testing,Urban,Total,value in Absolute Number,
hmis_female_non_anc_hiv_number_positive_urban_value_in_absolute_number,HMIS,,Female Non ANC HIV - Number Positive,M15 Laboratory Testing,Urban,Total,value in Absolute Number,
hmis_number_of_pregnant_women_screened_for_hiv_by_finger_prick_test_urban_value_in_absolute_number,HMIS,,Number of pregnant women screened for HIV (by finger prick test),M15 Laboratory Testing,Urban,Total,value in Absolute Number,
hmis_out_of_the_above_number_screened_positive_urban_value_in_absolute_number,HMIS,,"Out of the above, number screened positive",M15 Laboratory Testing,Urban,Total,value in Absolute Number,
hmis_out_of_the_above_number_screened_positive_number_confirmed_with_hiv_infection_at_integrated_counselling_and_testing_centre_ictc_urban_value_in_absolute_number,HMIS,,"Out of the above number screened positive, number confirmed with HIV infection at Integrated Counselling and Testing Centre (ICTC)",M15 Laboratory Testing,Urban,Total,value in Absolute Number,
hmis_number_of_male_sti_rti_attendees_tested_for_syphilis_urban_value_in_absolute_number,HMIS,,Number of Male STI/RTI attendees tested for syphilis,M15 Laboratory Testing,Urban,Total,value in Absolute Number,
hmis_number_of_male_sti_rti_attendeees_found_sero_positive_for_syphilis_urban_value_in_absolute_number,HMIS,,Number of Male STI/RTI attendeees found sero Positive for syphilis,M15 Laboratory Testing,Urban,Total,value in Absolute Number,
hmis_number_of_female_non_anc_sti_rti_attendees_tested_for_syphilis_urban_value_in_absolute_number,HMIS,,Number of Female (Non ANC)STI/RTI attendees tested for syphilis,M15 Laboratory Testing,Urban,Total,value in Absolute Number,
hmis_number_of_female_non_anc_sti_rti_attendees_found_sero_positive_for_syphilis_urban_value_in_absolute_number,HMIS,,Number of Female (Non ANC) STI/RTI attendees found sero Positive for syphilis,M15 Laboratory Testing,Urban,Total,value in Absolute Number,
hmis_widal_tests_number_tested_urban_value_in_absolute_number,HMIS,,Widal tests - Number Tested,M15 Laboratory Testing,Urban,Total,value in Absolute Number,
hmis_inpatient_deaths_female_urban_value_in_absolute_number,HMIS,,Inpatient Deaths - Female,M14 Patient Services,Urban,Total,value in Absolute Number,
hmis_in_patient_head_count_at_midnight_urban_value_in_absolute_number,HMIS,,In-Patient Head Count at midnight,M14 Patient Services,Urban,Total,value in Absolute Number,
hmis_number_of_admission_in_nbsu_new_born_stabilisation_unit_urban_value_in_absolute_number,HMIS,,Number of Admission in NBSU ( New Born Stabilisation Unit),M14 Patient Services,Urban,Total,value in Absolute Number,
hmis_special_newborn_care_unit_sncu_admissions_inborn_male_urban_value_in_absolute_number,HMIS,,Special Newborn Care Unit (SNCU Admissions) - Inborn Male,M14 Patient Services,Urban,Total,value in Absolute Number,
hmis_special_newborn_care_unit_sncu_admissions_inborn_female_urban_value_in_absolute_number,HMIS,,Special Newborn Care Unit (SNCU Admissions) - Inborn Female,M14 Patient Services,Urban,Total,value in Absolute Number,
hmis_outborn_male_urban_value_in_absolute_number,HMIS,,Outborn – Male,M14 Patient Services,Urban,Total,value in Absolute Number,
hmis_outborn_female_urban_value_in_absolute_number,HMIS,,Outborn - Female,M14 Patient Services,Urban,Total,value in Absolute Number,
hmis_number_of_newborns_admitted_in_sncu_referred_by_asha_urban_value_in_absolute_number,HMIS,,Number of newborns admitted in SNCU - referred by ASHA,M14 Patient Services,Urban,Total,value in Absolute Number,
hmis_number_of_deaths_occurring_at_sncu_urban_value_in_absolute_number,HMIS,,Number of deaths occurring at SNCU,M14 Patient Services,Urban,Total,value in Absolute Number,
hmis_number_of_children_admitted_in_nrc_urban_value_in_absolute_number,HMIS,,Number of children admitted in NRC,M14 Patient Services,Urban,Total,value in Absolute Number,
hmis_number_of_children_discharged_with_target_weight_gain_from_the_nrcs_urban_value_in_absolute_number,HMIS,,Number of children discharged with target weight gain from the NRCs,M14 Patient Services,Urban,Total,value in Absolute Number,
hmis_number_of_rogi_kalyan_samiti_rks_meetings_held_urban_value_in_absolute_number,HMIS,,Number of Rogi Kalyan Samiti (RKS) meetings held,M14 Patient Services,Urban,Total,value in Absolute Number,
hmis_number_of_anganwadi_centres_uphcs_reported_to_have_conducted_village_health_nutrition_day_vhnds_urban_health_nutrition_day_uhnds_outreach_special_outreach_urban_value_in_absol,HMIS,,Number of Anganwadi centres/ UPHCs reported to have conducted Village Health & Nutrition Day (VHNDs)/ Urban Health & Nutrition Day (UHNDs)/ Outreach / Special Outreach,M14 Patient Services,Urban,Total,value in Absolute Number,
hmis_stock_out_rate_of_essential_drugs_urban_value_in_absolute_number,HMIS,,Stock out rate of essential Drugs,M14 Patient Services,Urban,Total,value in Absolute Number,
hmis_blood_units_issued_on_replacement_any_donors_to_be_considered_as_replacement_donations_urban_value_in_absolute_number,HMIS,,Blood Units Issued on replacement (Any Donors to be considered as replacement donations),M14 Patient Services,Urban,Total,value in Absolute Number,
hmis_total_number_of_blood_units_issued_in_month_urban_value_in_absolute_number,HMIS,,Total number of blood units issued in month,M14 Patient Services,Urban,Total,value in Absolute Number,
hmis_patients_registered_at_emergency_department_urban_value_in_absolute_number,HMIS,,Patients registered at Emergency Department,M14 Patient Services,Urban,Total,value in Absolute Number,
hmis_emergency_trauma_accident_injury_poisoning_etc_urban_value_in_absolute_number,HMIS,,"Emergency - Trauma ( accident, injury, poisoning etc)",M14 Patient Services,Urban,Total,value in Absolute Number,
hmis_emergency_burn_urban_value_in_absolute_number,HMIS,,Emergency - Burn,M14 Patient Services,Urban,Total,value in Absolute Number,
hmis_emergency_obstetrics_complications_urban_value_in_absolute_number,HMIS,,Emergency - Obstetrics complications,M14 Patient Services,Urban,Total,value in Absolute Number,
hmis_emergency_snake_bite_urban_value_in_absolute_number,HMIS,,Emergency - Snake Bite,M14 Patient Services,Urban,Total,value in Absolute Number,
hmis_emergency_acute_caridiac_emergencies_urban_value_in_absolute_number,HMIS,,Emergency - Acute Caridiac Emergencies,M14 Patient Services,Urban,Total,value in Absolute Number,
hmis_emergency_cva_cerebovascular_disease_urban_value_in_absolute_number,HMIS,,Emergency - CVA ( Cerebovascular Disease),M14 Patient Services,Urban,Total,value in Absolute Number,
hmis_number_of_deaths_occurring_at_emergency_department_urban_value_in_absolute_number,HMIS,,Number of deaths occurring at Emergency Department,M14 Patient Services,Urban,Total,value in Absolute Number,
hmis_operation_major_general_and_spinal_anaesthesia_urban_value_in_absolute_number,HMIS,,Operation major (General and spinal anaesthesia),M14 Patient Services,Urban,Total,value in Absolute Number,
hmis_out_of_operation_major_gynecology_hysterectomy_surgeries_urban_value_in_absolute_number,HMIS,,"Out of Operation major, Gynecology- Hysterectomy surgeries",M14 Patient Services,Urban,Total,value in Absolute Number,
hmis_major_surgeries_excluding_obstetrics_gynaecology_and_opthalmology_etc_urban_value_in_absolute_number,HMIS,,"Major Surgeries excluding Obstetrics, Gynaecology and Opthalmology etc.",M14 Patient Services,Urban,Total,value in Absolute Number,
hmis_operation_minor_no_or_local_anaesthesia_urban_value_in_absolute_number,HMIS,,Operation minor (No or local anaesthesia),M14 Patient Services,Urban,Total,value in Absolute Number,
hmis_number_of_post_operative_surgical_site_infection_urban_value_in_absolute_number,HMIS,,Number of post operative Surgical Site infection,M14 Patient Services,Urban,Total,value in Absolute Number,
hmis_number_of_blood_units_issued_urban_value_in_absolute_number,HMIS,,Number of blood units issued,M14 Patient Services,Urban,Total,value in Absolute Number,
hmis_number_of_blood_transfusions_done_urban_value_in_absolute_number,HMIS,,Number of blood transfusions done,M14 Patient Services,Urban,Total,value in Absolute Number,
hmis_inpatient_deaths_male_urban_value_in_absolute_number,HMIS,,Inpatient Deaths - Male,M14 Patient Services,Urban,Total,value in Absolute Number,
hmis_outpatient_oncology_urban_value_in_absolute_number,HMIS,,Outpatient - Oncology,M14 Patient Services,Urban,Total,value in Absolute Number,
hmis_allopathic_outpatient_attendance_urban_value_in_absolute_number,HMIS,,Allopathic- Outpatient attendance,M14 Patient Services,Urban,Total,value in Absolute Number,
hmis_ayush_outpatient_attendance_urban_value_in_absolute_number,HMIS,,Ayush - Outpatient attendance,M14 Patient Services,Urban,Total,value in Absolute Number,
hmis_inpatient_male_children_18_years_urban_value_in_absolute_number,HMIS,,Inpatient (Male) - Children < 18 years,M14 Patient Services,Urban,Total,value in Absolute Number,
hmis_inpatient_male_adults_urban_value_in_absolute_number,HMIS,,Inpatient (Male)- Adults,M14 Patient Services,Urban,Total,value in Absolute Number,
hmis_inpatient_female_children_18_years_urban_value_in_absolute_number,HMIS,,Inpatient (Female) - Children < 18 years,M14 Patient Services,Urban,Total,value in Absolute Number,
hmis_inpatient_female_adults_urban_value_in_absolute_number,HMIS,,Inpatient (Female)- Adults,M14 Patient Services,Urban,Total,value in Absolute Number,
hmis_number_of_left_against_medical_advice_lama_cases_urban_value_in_absolute_number,HMIS,,Number of Left Against Medical Advice (LAMA) cases,M14 Patient Services,Urban,Total,value in Absolute Number,
hmis_inpatient_malaria_urban_value_in_absolute_number,HMIS,,Inpatient - Malaria,M14 Patient Services,Urban,Total,value in Absolute Number,
hmis_inpatient_dengue_urban_value_in_absolute_number,HMIS,,Inpatient - Dengue,M14 Patient Services,Urban,Total,value in Absolute Number,
hmis_inpatient_typhoid_urban_value_in_absolute_number,HMIS,,Inpatient - Typhoid,M14 Patient Services,Urban,Total,value in Absolute Number,
hmis_inpatient_asthma_chronic_obstructive_pulmonary_disease_copd_respiratory_infections_urban_value_in_absolute_number,HMIS,,"Inpatient - Asthma, Chronic Obstructive Pulmonary Disease (COPD), Respiratory infections",M14 Patient Services,Urban,Total,value in Absolute Number,
hmis_inpatient_tuberculosis_urban_value_in_absolute_number,HMIS,,Inpatient - Tuberculosis,M14 Patient Services,Urban,Total,value in Absolute Number,
hmis_inpatient_pyrexia_of_unknown_origin_puo_urban_value_in_absolute_number,HMIS,,Inpatient - Pyrexia of unknown origin (PUO),M14 Patient Services,Urban,Total,value in Absolute Number,
hmis_inpatient_diarrhea_with_dehydration_urban_value_in_absolute_number,HMIS,,Inpatient - Diarrhea with dehydration,M14 Patient Services,Urban,Total,value in Absolute Number,
hmis_inpatient_hepatitis_urban_value_in_absolute_number,HMIS,,Inpatient - Hepatitis,M14 Patient Services,Urban,Total,value in Absolute Number,
hmis_girls_registered_in_afhc_urban_value_in_absolute_number,HMIS,,Girls registered in AFHC,M12 Adolscent Health,Urban,Total,value in Absolute Number,
hmis_boys_registered_in_afhc_urban_value_in_absolute_number,HMIS,,Boys registered in AFHC,M12 Adolscent Health,Urban,Total,value in Absolute Number,
hmis_out_of_registered_girls_received_clinical_services_urban_value_in_absolute_number,HMIS,,"Out of registered, Girls received clinical services",M12 Adolscent Health,Urban,Total,value in Absolute Number,
hmis_out_of_registered_boys_received_clinical_services_urban_value_in_absolute_number,HMIS,,"Out of registered, Boys received clinical services",M12 Adolscent Health,Urban,Total,value in Absolute Number,
hmis_out_of_registered_girls_received_counselling_urban_value_in_absolute_number,HMIS,,"Out of registered, Girls received counselling",M12 Adolscent Health,Urban,Total,value in Absolute Number,
hmis_out_of_registered_boys_received_counselling_urban_value_in_absolute_number,HMIS,,"Out of registered, Boys received counselling",M12 Adolscent Health,Urban,Total,value in Absolute Number,
hmis_number_of_on_going_dots_patients_registered_urban_value_in_absolute_number,HMIS,,Number of on-going DOTS patients registered,"M13 Directly Observed Treatment, Short-course (DOTS)",Urban,Total,value in Absolute Number,
hmis_number_of_dots_cases_completed_successfully_urban_value_in_absolute_number,HMIS,,Number of DOTS cases completed successfully,"M13 Directly Observed Treatment, Short-course (DOTS)",Urban,Total,value in Absolute Number,
hmis_outpatient_diabetes_urban_value_in_absolute_number,HMIS,,Outpatient - Diabetes,M14 Patient Services,Urban,Total,value in Absolute Number,
hmis_outpatient_hypertension_urban_value_in_absolute_number,HMIS,,Outpatient - Hypertension,M14 Patient Services,Urban,Total,value in Absolute Number,
hmis_outpatient_stroke_paralysis_urban_value_in_absolute_number,HMIS,,Outpatient - Stroke (Paralysis),M14 Patient Services,Urban,Total,value in Absolute Number,
hmis_outpatient_acute_heart_diseases_urban_value_in_absolute_number,HMIS,,Outpatient - Acute Heart Diseases,M14 Patient Services,Urban,Total,value in Absolute Number,
hmis_outpatient_mental_illness_urban_value_in_absolute_number,HMIS,,Outpatient - Mental illness,M14 Patient Services,Urban,Total,value in Absolute Number,
hmis_outpatient_epilepsy_urban_value_in_absolute_number,HMIS,,Outpatient - Epilepsy,M14 Patient Services,Urban,Total,value in Absolute Number,
hmis_outpatient_ophthalmic_related_urban_value_in_absolute_number,HMIS,,Outpatient - Ophthalmic Related,M14 Patient Services,Urban,Total,value in Absolute Number,
hmis_outpatient_dental_urban_value_in_absolute_number,HMIS,,Outpatient - Dental,M14 Patient Services,Urban,Total,value in Absolute Number,
hmis_childhood_diseases_diarrhoea_treated_in_inpatients_urban_value_in_absolute_number,HMIS,,Childhood Diseases - Diarrhoea treated in Inpatients,M10 Number of cases of Childhood Diseases (0-5 years),Urban,Total,value in Absolute Number,
hmis_children_admitted_with_respiratory_infections_urban_value_in_absolute_number,HMIS,,Children admitted with Respiratory Infections,M10 Number of cases of Childhood Diseases (0-5 years),Urban,Total,value in Absolute Number,
hmis_childhood_diseases_severe_acute_malnutrition_sam_urban_value_in_absolute_number,HMIS,,Childhood Diseases - Severe Acute Malnutrition (SAM),M10 Number of cases of Childhood Diseases (0-5 years),Urban,Total,value in Absolute Number,
hmis_total_blood_smears_examined_for_malaria_urban_value_in_absolute_number,HMIS,,Total Blood Smears Examined for Malaria,M11 NVBDCP,Urban,Total,value in Absolute Number,
hmis_malaria_microscopy_tests_plasmodium_vivax_test_positive_urban_value_in_absolute_number,HMIS,,Malaria (Microscopy Tests ) - Plasmodium Vivax test positive,M11 NVBDCP,Urban,Total,value in Absolute Number,
hmis_malaria_microscopy_tests_plasmodium_falciparum_test_positive_urban_value_in_absolute_number,HMIS,,Malaria (Microscopy Tests ) - Plasmodium Falciparum test positive,M11 NVBDCP,Urban,Total,value in Absolute Number,
hmis_rdt_conducted_for_malaria_urban_value_in_absolute_number,HMIS,,RDT conducted for Malaria,M11 NVBDCP,Urban,Total,value in Absolute Number,
hmis_malaria_rdt_plasmodium_vivax_test_positive_urban_value_in_absolute_number,HMIS,,Malaria (RDT) - Plasmodium Vivax test positive,M11 NVBDCP,Urban,Total,value in Absolute Number,
hmis_malaria_rdt_plamodium_falciparum_test_positive_urban_value_in_absolute_number,HMIS,,Malaria (RDT) - Plamodium Falciparum test positive,M11 NVBDCP,Urban,Total,value in Absolute Number,
hmis_kala_azar_rdt_tests_conducted_urban_value_in_absolute_number,HMIS,,Kala Azar (RDT) - Tests Conducted,M11 NVBDCP,Urban,Total,value in Absolute Number,
hmis_kala_azar_positive_cases_urban_value_in_absolute_number,HMIS,,Kala Azar Positive Cases,M11 NVBDCP,Urban,Total,value in Absolute Number,
hmis_post_kala_azar_dermal_leishmaniasis_pkdl_cases_urban_value_in_absolute_number,HMIS,,Post-kala-azar dermal leishmaniasis (PKDL) cases,M11 NVBDCP,Urban,Total,value in Absolute Number,
hmis_dengue_rdt_test_positive_urban_value_in_absolute_number,HMIS,,Dengue - RDT Test Positive,M11 NVBDCP,Urban,Total,value in Absolute Number,
hmis_dengue_enzyme_linked_immuno_sorbent_assay_elisa_test_positive_urban_value_in_absolute_number,HMIS,,Dengue - Enzyme- Linked Immuno Sorbent Assay (ELISA) Test Positive,M11 NVBDCP,Urban,Total,value in Absolute Number,
hmis_tests_conducted_for_je_urban_value_in_absolute_number,HMIS,,Tests Conducted for JE,M11 NVBDCP,Urban,Total,value in Absolute Number,
hmis_tests_positive_for_je_urban_value_in_absolute_number,HMIS,,Tests Positive for JE,M11 NVBDCP,Urban,Total,value in Absolute Number,
hmis_child_immunisation_vitamin_a_dose_5_urban_value_in_absolute_number,HMIS,,Child immunisation - Vitamin A Dose - 5,M9 CHILD IMMUNISATION,Urban,Total,value in Absolute Number,
hmis_child_immunisation_vitamin_a_dose_9_urban_value_in_absolute_number,HMIS,,Child immunisation - Vitamin A Dose - 9,M9 CHILD IMMUNISATION,Urban,Total,value in Absolute Number,
hmis_number_of_children_6_59_months_provided_8_10_doses_1ml_of_ifa_syrup_bi_weekly_urban_value_in_absolute_number,HMIS,,Number of children (6-59 months) provided 8-10 doses (1ml) of IFA syrup (Bi weekly),M9 CHILD IMMUNISATION,Urban,Total,value in Absolute Number,
hmis_number_of_children_12_59_months_provided_albendazole_urban_value_in_absolute_number,HMIS,,Number of children (12-59 months) provided Albendazole,M9 CHILD IMMUNISATION,Urban,Total,value in Absolute Number,
hmis_number_of_severely_underweight_children_provided_health_checkup_0_5_years_urban_value_in_absolute_number,HMIS,,Number of severely underweight children provided Health Checkup (0-5 years),M9 CHILD IMMUNISATION,Urban,Total,value in Absolute Number,
hmis_childhood_diseases_pneumonia_urban_value_in_absolute_number,HMIS,,Childhood Diseases - Pneumonia,M10 Number of cases of Childhood Diseases (0-5 years),Urban,Total,value in Absolute Number,
hmis_childhood_diseases_asthma_urban_value_in_absolute_number,HMIS,,Childhood Diseases - Asthma,M10 Number of cases of Childhood Diseases (0-5 years),Urban,Total,value in Absolute Number,
hmis_childhood_diseases_sepsis_urban_value_in_absolute_number,HMIS,,Childhood Diseases - Sepsis,M10 Number of cases of Childhood Diseases (0-5 years),Urban,Total,value in Absolute Number,
hmis_childhood_diseases_diphtheria_urban_value_in_absolute_number,HMIS,,Childhood Diseases - Diphtheria,M10 Number of cases of Childhood Diseases (0-5 years),Urban,Total,value in Absolute Number,
hmis_childhood_diseases_pertussis_urban_value_in_absolute_number,HMIS,,Childhood Diseases - Pertussis,M10 Number of cases of Childhood Diseases (0-5 years),Urban,Total,value in Absolute Number,
hmis_childhood_diseases_tetanus_neonatorum_urban_value_in_absolute_number,HMIS,,Childhood Diseases - Tetanus Neonatorum,M10 Number of cases of Childhood Diseases (0-5 years),Urban,Total,value in Absolute Number,
hmis_childhood_diseases_tuberculosis_tb_urban_value_in_absolute_number,HMIS,,Childhood Diseases - Tuberculosis (TB),M10 Number of cases of Childhood Diseases (0-5 years),Urban,Total,value in Absolute Number,
hmis_childhood_diseases_acute_flaccid_paralysis_afp_urban_value_in_absolute_number,HMIS,,Childhood Diseases - Acute Flaccid Paralysis(AFP),M10 Number of cases of Childhood Diseases (0-5 years),Urban,Total,value in Absolute Number,
hmis_childhood_diseases_measles_urban_value_in_absolute_number,HMIS,,Childhood Diseases - Measles,M10 Number of cases of Childhood Diseases (0-5 years),Urban,Total,value in Absolute Number,
hmis_childhood_diseases_malaria_urban_value_in_absolute_number,HMIS,,Childhood Diseases - Malaria,M10 Number of cases of Childhood Diseases (0-5 years),Urban,Total,value in Absolute Number,
hmis_childhood_diseases_diarrhoea_urban_value_in_absolute_number,HMIS,,Childhood Diseases - Diarrhoea,M10 Number of cases of Childhood Diseases (0-5 years),Urban,Total,value in Absolute Number,
hmis_child_immunisation_measles_2nd_dose_more_than_16_months_urban_value_in_absolute_number,HMIS,,Child immunisation - Measles 2nd dose (More than 16 months),M9 CHILD IMMUNISATION,Urban,Total,value in Absolute Number,
hmis_child_immunisation_dpt_1st_booster_urban_value_in_absolute_number,HMIS,,Child immunisation - DPT 1st Booster,M9 CHILD IMMUNISATION,Urban,Total,value in Absolute Number,
hmis_child_immunisation_opv_booster_urban_value_in_absolute_number,HMIS,,Child immunisation - OPV Booster,M9 CHILD IMMUNISATION,Urban,Total,value in Absolute Number,
hmis_child_immunisation_measles_mumps_rubella_mmr_vaccine_urban_value_in_absolute_number,HMIS,,"Child immunisation - Measles, Mumps, Rubella (MMR) Vaccine",M9 CHILD IMMUNISATION,Urban,Total,value in Absolute Number,
hmis_number_of_children_more_than_16_months_of_age_who_received_japanese_encephalitis_je_vaccine_urban_value_in_absolute_number,HMIS,,Number of children more than 16 months of age who received Japanese Encephalitis (JE) vaccine,M9 CHILD IMMUNISATION,Urban,Total,value in Absolute Number,
hmis_child_immunisation_typhoid_urban_value_in_absolute_number,HMIS,,Child immunisation - Typhoid,M9 CHILD IMMUNISATION,Urban,Total,value in Absolute Number,
hmis_children_more_than_5_years_received_dpt5_2nd_booster_urban_value_in_absolute_number,HMIS,,Children more than 5 years received DPT5 (2nd Booster),M9 CHILD IMMUNISATION,Urban,Total,value in Absolute Number,
hmis_children_more_than_10_years_received_tt10_td10_urban_value_in_absolute_number,HMIS,,Children more than 10 years received TT10/ Td10,M9 CHILD IMMUNISATION,Urban,Total,value in Absolute Number,
hmis_children_more_than_16_years_received_tt16_td16_urban_value_in_absolute_number,HMIS,,Children more than 16 years received TT16/ Td16,M9 CHILD IMMUNISATION,Urban,Total,value in Absolute Number,
hmis_number_of_cases_of_aefi_abscess_urban_value_in_absolute_number,HMIS,,Number of cases of AEFI - Abscess,M9 CHILD IMMUNISATION,Urban,Total,value in Absolute Number,
hmis_number_of_cases_of_aefi_death_urban_value_in_absolute_number,HMIS,,Number of cases of AEFI - Death,M9 CHILD IMMUNISATION,Urban,Total,value in Absolute Number,
hmis_number_of_cases_of_aefi_others_urban_value_in_absolute_number,HMIS,,Number of cases of AEFI - Others,M9 CHILD IMMUNISATION,Urban,Total,value in Absolute Number,
hmis_immunisation_sessions_planned_urban_value_in_absolute_number,HMIS,,Immunisation sessions planned,M9 CHILD IMMUNISATION,Urban,Total,value in Absolute Number,
hmis_immunisation_sessions_held_urban_value_in_absolute_number,HMIS,,Immunisation sessions held,M9 CHILD IMMUNISATION,Urban,Total,value in Absolute Number,
hmis_number_of_immunisation_sessions_where_ashas_were_present_urban_value_in_absolute_number,HMIS,,Number of Immunisation sessions where ASHAs were present,M9 CHILD IMMUNISATION,Urban,Total,value in Absolute Number,
hmis_child_immunisation_vitamin_a_dose_1_urban_value_in_absolute_number,HMIS,,Child immunisation - Vitamin A Dose - 1,M9 CHILD IMMUNISATION,Urban,Total,value in Absolute Number,
hmis_child_immunisation_rotavirus_1_urban_value_in_absolute_number,HMIS,,Child immunisation - Rotavirus 1,M9 CHILD IMMUNISATION,Urban,Total,value in Absolute Number,
hmis_child_immunisation_rotavirus_2_urban_value_in_absolute_number,HMIS,,Child immunisation - Rotavirus 2,M9 CHILD IMMUNISATION,Urban,Total,value in Absolute Number,
hmis_child_immunisation_rotavirus_3_urban_value_in_absolute_number,HMIS,,Child immunisation - Rotavirus 3,M9 CHILD IMMUNISATION,Urban,Total,value in Absolute Number,
hmis_child_immunisation_pcv_1_urban_value_in_absolute_number,HMIS,,Child Immunisation- PCV 1,M9 CHILD IMMUNISATION,Urban,Total,value in Absolute Number,
hmis_child_immunisation_pcv_2_urban_value_in_absolute_number,HMIS,,Child Immunisation- PCV 2,M9 CHILD IMMUNISATION,Urban,Total,value in Absolute Number,
hmis_child_immunisation_pcv_booster_urban_value_in_absolute_number,HMIS,,Child Immunisation- PCV Booster,M9 CHILD IMMUNISATION,Urban,Total,value in Absolute Number,
hmis_child_immunisation_9_11months_measles_rubella_mr_measles_containing_vaccine_mcv_1st_dose_urban_value_in_absolute_number,HMIS,,Child immunisation (9-11months) - Measles & Rubella (MR)/ Measles containing vaccine(MCV) - 1st Dose,M9 CHILD IMMUNISATION,Urban,Total,value in Absolute Number,
hmis_child_immunisation_9_11months_measles_1st_dose_urban_value_in_absolute_number,HMIS,,Child immunisation (9-11months) - Measles 1st dose,M9 CHILD IMMUNISATION,Urban,Total,value in Absolute Number,
hmis_child_immunisation_9_11months_je_1st_dose_urban_value_in_absolute_number,HMIS,,Child immunisation (9-11months) - JE 1st dose,M9 CHILD IMMUNISATION,Urban,Total,value in Absolute Number,
hmis_children_aged_between_9_and_11_months_fully_immunized_male_urban_value_in_absolute_number,HMIS,,Children aged between 9 and 11 months fully immunized- Male,M9 CHILD IMMUNISATION,Urban,Total,value in Absolute Number,
hmis_children_aged_between_9_and_11_months_fully_immunized_female_urban_value_in_absolute_number,HMIS,,Children aged between 9 and 11 months fully immunized - Female,M9 CHILD IMMUNISATION,Urban,Total,value in Absolute Number,
hmis_child_immunisation_after_12_months_measles_rubella_mr_measles_containing_vaccine_mcv_1st_dose_urban_value_in_absolute_number,HMIS,,Child immunisation(after 12 months) - Measles & Rubella (MR)/Measles containing vaccine(MCV)- 1st Dose,M9 CHILD IMMUNISATION,Urban,Total,value in Absolute Number,
hmis_child_immunisation_after_12_months_measles_1st_dose_urban_value_in_absolute_number,HMIS,,Child immunisation (after 12 months) - Measles-1st dose,M9 CHILD IMMUNISATION,Urban,Total,value in Absolute Number,
hmis_child_immunisation_after_12_months_je_1st_dose_urban_value_in_absolute_number,HMIS,,Child immunisation (after 12 months) - JE 1st dose,M9 CHILD IMMUNISATION,Urban,Total,value in Absolute Number,
hmis_child_immunisation_measles_rubella_mr_2nd_dose_16_24_months_urban_value_in_absolute_number,HMIS,,Child immunisation - Measles & Rubella (MR)- 2nd Dose (16-24 months),M9 CHILD IMMUNISATION,Urban,Total,value in Absolute Number,
hmis_child_immunisation_dpt1_urban_value_in_absolute_number,HMIS,,Child immunisation - DPT1,M9 CHILD IMMUNISATION,Urban,Total,value in Absolute Number,
hmis_child_immunisation_dpt2_urban_value_in_absolute_number,HMIS,,Child immunisation - DPT2,M9 CHILD IMMUNISATION,Urban,Total,value in Absolute Number,
hmis_child_immunisation_dpt3_urban_value_in_absolute_number,HMIS,,Child immunisation - DPT3,M9 CHILD IMMUNISATION,Urban,Total,value in Absolute Number,
hmis_child_immunisation_pentavalent_1_urban_value_in_absolute_number,HMIS,,Child immunisation - Pentavalent 1,M9 CHILD IMMUNISATION,Urban,Total,value in Absolute Number,
hmis_child_immunisation_pentavalent_2_urban_value_in_absolute_number,HMIS,,Child immunisation - Pentavalent 2,M9 CHILD IMMUNISATION,Urban,Total,value in Absolute Number,
hmis_child_immunisation_pentavalent_3_urban_value_in_absolute_number,HMIS,,Child immunisation - Pentavalent 3,M9 CHILD IMMUNISATION,Urban,Total,value in Absolute Number,
hmis_child_immunisation_opv_0_birth_dose_urban_value_in_absolute_number,HMIS,,Child immunisation - OPV 0 (Birth Dose),M9 CHILD IMMUNISATION,Urban,Total,value in Absolute Number,
hmis_child_immunisation_opv1_urban_value_in_absolute_number,HMIS,,Child immunisation - OPV1,M9 CHILD IMMUNISATION,Urban,Total,value in Absolute Number,
hmis_child_immunisation_opv2_urban_value_in_absolute_number,HMIS,,Child immunisation - OPV2,M9 CHILD IMMUNISATION,Urban,Total,value in Absolute Number,
hmis_child_immunisation_opv3_urban_value_in_absolute_number,HMIS,,Child immunisation - OPV3,M9 CHILD IMMUNISATION,Urban,Total,value in Absolute Number,
hmis_child_immunisation_hepatitis_b0_birth_dose_urban_value_in_absolute_number,HMIS,,Child immunisation - Hepatitis-B0 (Birth Dose),M9 CHILD IMMUNISATION,Urban,Total,value in Absolute Number,
hmis_child_immunisation_hepatitis_b1_urban_value_in_absolute_number,HMIS,,Child immunisation - Hepatitis-B1,M9 CHILD IMMUNISATION,Urban,Total,value in Absolute Number,
hmis_child_immunisation_hepatitis_b2_urban_value_in_absolute_number,HMIS,,Child immunisation - Hepatitis-B2,M9 CHILD IMMUNISATION,Urban,Total,value in Absolute Number,
hmis_child_immunisation_hepatitis_b3_urban_value_in_absolute_number,HMIS,,Child immunisation - Hepatitis-B3,M9 CHILD IMMUNISATION,Urban,Total,value in Absolute Number,
hmis_child_immunisation_inactivated_injectable_polio_vaccine_1_ipv_1_urban_value_in_absolute_number,HMIS,,Child immunisation - Inactivated Injectable Polio Vaccine 1 (IPV 1),M9 CHILD IMMUNISATION,Urban,Total,value in Absolute Number,
hmis_child_immunisation_inactivated_injectable_polio_vaccine_2_ipv_2_urban_value_in_absolute_number,HMIS,,Child immunisation - Inactivated Injectable Polio Vaccine 2 (IPV 2),M9 CHILD IMMUNISATION,Urban,Total,value in Absolute Number,
hmis_injectable_contraceptive_antara_program_second_dose_urban_value_in_absolute_number,HMIS,,Injectable Contraceptive-Antara Program- Second Dose,M8 Family Planning,Urban,Total,value in Absolute Number,
hmis_injectable_contraceptive_antara_program_third_dose_urban_value_in_absolute_number,HMIS,,Injectable Contraceptive-Antara Program- Third Dose,M8 Family Planning,Urban,Total,value in Absolute Number,
hmis_injectable_contraceptive_antara_program_fourth_or_more_than_fourth_urban_value_in_absolute_number,HMIS,,Injectable Contraceptive-Antara Program- Fourth or more than fourth,M8 Family Planning,Urban,Total,value in Absolute Number,
hmis_number_of_combined_oral_pill_cycles_distributed_urban_value_in_absolute_number,HMIS,,Number of Combined Oral Pill cycles distributed,M8 Family Planning,Urban,Total,value in Absolute Number,
hmis_number_of_condom_pieces_distributed_urban_value_in_absolute_number,HMIS,,Number of Condom pieces distributed,M8 Family Planning,Urban,Total,value in Absolute Number,
hmis_number_of_centchroman_weekly_pill_strips_distributed_urban_value_in_absolute_number,HMIS,,Number of Centchroman (weekly) pill strips distributed,M8 Family Planning,Urban,Total,value in Absolute Number,
hmis_number_of_emergency_contraceptive_pills_ecp_given_urban_value_in_absolute_number,HMIS,,Number of Emergency Contraceptive Pills (ECP) given,M8 Family Planning,Urban,Total,value in Absolute Number,
hmis_number_of_pregnancy_test_kits_ptk_used_urban_value_in_absolute_number,HMIS,,Number of Pregnancy Test Kits (PTK) used,M8 Family Planning,Urban,Total,value in Absolute Number,
hmis_complications_following_male_sterilization_urban_value_in_absolute_number,HMIS,,Complications following male sterilization,M8 Family Planning,Urban,Total,value in Absolute Number,
hmis_complications_following_female_sterilization_urban_value_in_absolute_number,HMIS,,Complications following female sterilization,M8 Family Planning,Urban,Total,value in Absolute Number,
hmis_failures_following_male_sterilization_urban_value_in_absolute_number,HMIS,,Failures following male sterilization,M8 Family Planning,Urban,Total,value in Absolute Number,
hmis_failures_following_female_sterilization_urban_value_in_absolute_number,HMIS,,Failures following female sterilization,M8 Family Planning,Urban,Total,value in Absolute Number,
hmis_deaths_following_male_sterilization_urban_value_in_absolute_number,HMIS,,Deaths following male sterilization,M8 Family Planning,Urban,Total,value in Absolute Number,
hmis_deaths_following_female_sterilization_urban_value_in_absolute_number,HMIS,,Deaths following female sterilization,M8 Family Planning,Urban,Total,value in Absolute Number,
hmis_child_immunisation_vitamin_k_birth_dose_urban_value_in_absolute_number,HMIS,,Child immunisation - Vitamin K (Birth Dose),M9 CHILD IMMUNISATION,Urban,Total,value in Absolute Number,
hmis_child_immunisation_bcg_urban_value_in_absolute_number,HMIS,,Child immunisation - BCG,M9 CHILD IMMUNISATION,Urban,Total,value in Absolute Number,
hmis_number_of_mothers_provided_full_course_of_360_calcium_tablets_after_delivery_urban_value_in_absolute_number,HMIS,,Number of mothers provided full course of 360 Calcium tablets after delivery,M6 Post Natal Care (PNC),Urban,Total,value in Absolute Number,
hmis_new_rti_sti_cases_identified_male_urban_value_in_absolute_number,HMIS,,New RTI/STI cases identified - Male,M7 Reproductive Tract Infections/Sexually Transmitted Infections (RTI/STI) Cases,Urban,Total,value in Absolute Number,
hmis_new_rti_sti_cases_identified_female_urban_value_in_absolute_number,HMIS,,New RTI/STI cases identified - Female,M7 Reproductive Tract Infections/Sexually Transmitted Infections (RTI/STI) Cases,Urban,Total,value in Absolute Number,
hmis_rti_sti_for_which_treatment_initiated_male_urban_value_in_absolute_number,HMIS,,RTI/STI for which treatment initiated - Male,M7 Reproductive Tract Infections/Sexually Transmitted Infections (RTI/STI) Cases,Urban,Total,value in Absolute Number,
hmis_rti_sti_for_which_treatment_initiated_female_urban_value_in_absolute_number,HMIS,,RTI/STI for which treatment initiated -Female,M7 Reproductive Tract Infections/Sexually Transmitted Infections (RTI/STI) Cases,Urban,Total,value in Absolute Number,
hmis_number_of_non_scalpel_vasectomy_nsv_conventional_vasectomy_conducted_urban_value_in_absolute_number,HMIS,,Number of Non Scalpel Vasectomy (NSV) / Conventional Vasectomy conducted,M8 Family Planning,Urban,Total,value in Absolute Number,
hmis_number_of_laparoscopic_sterilizations_excluding_post_abortion_conducted_urban_value_in_absolute_number,HMIS,,Number of Laparoscopic sterilizations (excluding post abortion) conducted,M8 Family Planning,Urban,Total,value in Absolute Number,
hmis_number_of_interval_mini_lap_other_than_post_partum_and_post_abortion_sterilizations_conducted_urban_value_in_absolute_number,HMIS,,Number of Interval Mini-lap (other than post-partum and post abortion) sterilizations conducted,M8 Family Planning,Urban,Total,value in Absolute Number,
hmis_number_of_postpartum_sterilizations_within_7_days_of_delivery_by_minilap_or_concurrent_with_caesarean_section_conducted_urban_value_in_absolute_number,HMIS,,Number of Postpartum sterilizations (within 7 days of delivery by minilap or concurrent with caesarean section) conducted,M8 Family Planning,Urban,Total,value in Absolute Number,
hmis_number_of_post_abortion_sterilizations_within_7_days_of_spontaneous_or_surgical_abortion_conducted_urban_value_in_absolute_number,HMIS,,Number of Post Abortion sterilizations (within 7 days of spontaneous or surgical abortion) conducted,M8 Family Planning,Urban,Total,value in Absolute Number,
hmis_number_of_interval_iucd_insertions_excluding_ppiucd_and_paiucd_urban_value_in_absolute_number,HMIS,,Number of Interval IUCD Insertions (excluding PPIUCD and PAIUCD),M8 Family Planning,Urban,Total,value in Absolute Number,
hmis_number_of_postpartum_within_48_hours_of_delivery_iucd_insertions_urban_value_in_absolute_number,HMIS,,Number of Postpartum (within 48 hours of delivery) IUCD insertions,M8 Family Planning,Urban,Total,value in Absolute Number,
hmis_number_of_post_abortion_within_12_days_of_spontaneous_or_surgical_abortion_iucd_insertions_urban_value_in_absolute_number,HMIS,,Number of Post Abortion (within 12 days of spontaneous or surgical abortion) IUCD insertions,M8 Family Planning,Urban,Total,value in Absolute Number,
hmis_number_of_iucd_removals_urban_value_in_absolute_number,HMIS,,Number of IUCD Removals,M8 Family Planning,Urban,Total,value in Absolute Number,
hmis_number_of_complications_following_iucd_insertion_urban_value_in_absolute_number,HMIS,,Number of complications following IUCD Insertion,M8 Family Planning,Urban,Total,value in Absolute Number,
hmis_injectable_contraceptive_antara_program_first_dose_urban_value_in_absolute_number,HMIS,,Injectable Contraceptive-Antara Program- First Dose,M8 Family Planning,Urban,Total,value in Absolute Number,
hmis_number_of_pre_term_newborns_37_weeks_of_pregnancy_urban_value_in_absolute_number,HMIS,,Number of Pre term newborns ( < 37 weeks of pregnancy),M4 Pregnancy outcome & details of new-born,Urban,Total,value in Absolute Number,
hmis_still_birth_urban_value_in_absolute_number,HMIS,,Still Birth,M4 Pregnancy outcome & details of new-born,Urban,Total,value in Absolute Number,
hmis_abortion_spontaneous_urban_value_in_absolute_number,HMIS,,Abortion (spontaneous),M4 Pregnancy outcome & details of new-born,Urban,Total,value in Absolute Number,
hmis_mtp_up_to_12_weeks_of_pregnancy_urban_value_in_absolute_number,HMIS,,MTP up to 12 weeks of pregnancy,M4 Pregnancy outcome & details of new-born,Urban,Total,value in Absolute Number,
hmis_mtp_more_than_12_weeks_of_pregnancy_urban_value_in_absolute_number,HMIS,,MTP more than 12 weeks of pregnancy,M4 Pregnancy outcome & details of new-born,Urban,Total,value in Absolute Number,
hmis_post_abortion_mtp_complications_identified_urban_value_in_absolute_number,HMIS,,Post Abortion/ MTP Complications Identified,M4 Pregnancy outcome & details of new-born,Urban,Total,value in Absolute Number,
hmis_post_abortion_mtp_complications_treated_urban_value_in_absolute_number,HMIS,,Post Abortion/ MTP Complications Treated,M4 Pregnancy outcome & details of new-born,Urban,Total,value in Absolute Number,
hmis_number_of_women_provided_with_post_abortion_mtp_contraception_urban_value_in_absolute_number,HMIS,,Number of women provided with post abortion/ MTP contraception,M4 Pregnancy outcome & details of new-born,Urban,Total,value in Absolute Number,
hmis_number_of_newborns_weighed_at_birth_urban_value_in_absolute_number,HMIS,,Number of newborns weighed at birth,M4 Pregnancy outcome & details of new-born,Urban,Total,value in Absolute Number,
hmis_number_of_newborns_having_weight_less_than_2_5_kg_urban_value_in_absolute_number,HMIS,,Number of newborns having weight less than 2.5 kg,M4 Pregnancy outcome & details of new-born,Urban,Total,value in Absolute Number,
hmis_number_of_newborns_breast_fed_within_1_hour_of_birth_urban_value_in_absolute_number,HMIS,,Number of Newborns breast fed within 1 hour of birth,M4 Pregnancy outcome & details of new-born,Urban,Total,value in Absolute Number,
hmis_number_of_cases_of_pregnant_women_with_obstetric_complications_attended_antepartum_haemorrhage_aph_post_partum_hemorrhage_pph_sepsis_eclampsia_and_others_urban_value_in_absolu,HMIS,,"Number of cases of pregnant women with Obstetric Complications attended (Antepartum haemorrhage (APH), Post-Partum Hemorrhage (PPH), Sepsis, Eclampsia and others)",M5 Complicated Pregnancies,Urban,Total,value in Absolute Number,
hmis_number_of_complicated_pregnancies_treated_with_blood_transfusion_urban_value_in_absolute_number,HMIS,,Number of Complicated pregnancies treated with Blood Transfusion,M5 Complicated Pregnancies,Urban,Total,value in Absolute Number,
hmis_women_receiving_1st_post_partum_checkups_within_48_hours_of_home_delivery_urban_value_in_absolute_number,HMIS,,Women receiving 1st post partum checkups within 48 hours of home delivery,M6 Post Natal Care (PNC),Urban,Total,value in Absolute Number,
hmis_women_receiving_1st_post_partum_checkup_between_48_hours_and_14_days_urban_value_in_absolute_number,HMIS,,Women receiving 1st post partum checkup between 48 hours and 14 days,M6 Post Natal Care (PNC),Urban,Total,value in Absolute Number,
hmis_number_of_mothers_provided_full_course_of_180_ifa_tablets_after_delivery_urban_value_in_absolute_number,HMIS,,Number of mothers provided full course of 180 IFA tablets after delivery,M6 Post Natal Care (PNC),Urban,Total,value in Absolute Number,
hmis_number_of_pregnant_women_tested_for_syphilis_urban_value_in_absolute_number,HMIS,,Number of pregnant women tested for Syphilis,M1 Ante Natal Care (ANC),Urban,Total,value in Absolute Number,
hmis_number_of_pregnant_women_tested_found_sero_positive_for_syphilis_urban_value_in_absolute_number,HMIS,,Number of pregnant women tested found sero positive for Syphilis,M1 Ante Natal Care (ANC),Urban,Total,value in Absolute Number,
hmis_number_of_syphilis_positive_pregnanat_women_treated_for_syphilis_urban_value_in_absolute_number,HMIS,,Number of syphilis positive pregnanat women treated for Syphilis,M1 Ante Natal Care (ANC),Urban,Total,value in Absolute Number,
hmis_number_of_babies_daignosed_with_congenital_syphilis_urban_value_in_absolute_number,HMIS,,Number of babies daignosed with Congenital Syphilis,M1 Ante Natal Care (ANC),Urban,Total,value in Absolute Number,
hmis_number_of_babies_treated_for_congenital_syphilis_urban_value_in_absolute_number,HMIS,,Number of babies treated for congenital Syphilis,M1 Ante Natal Care (ANC),Urban,Total,value in Absolute Number,
hmis_number_of_home_deliveries_attended_by_skill_birth_attendant_sba_doctor_nurse_anm_midwife_urban_value_in_absolute_number,HMIS,,Number of Home Deliveries attended by Skill Birth Attendant(SBA) (Doctor/Nurse/ANM/ Midwife),M2 Deliveries,Urban,Total,value in Absolute Number,
hmis_number_of_home_deliveries_attended_by_non_sba_trained_birth_attendant_tba_relatives_etc_urban_value_in_absolute_number,HMIS,,Number of Home Deliveries attended by Non SBA (Trained Birth Attendant(TBA) /Relatives/etc.),M2 Deliveries,Urban,Total,value in Absolute Number,
hmis_number_of_pw_given_tablet_misoprostol_during_home_delivery_urban_value_in_absolute_number,HMIS,,Number of PW given Tablet Misoprostol during home delivery,M2 Deliveries,Urban,Total,value in Absolute Number,
hmis_number_of_newborns_received_7_home_based_newborn_care_hbnc_visits_in_case_of_home_delivery_urban_value_in_absolute_number,HMIS,,Number of newborns received 7 Home Based Newborn Care (HBNC) visits in case of Home delivery,M2 Deliveries,Urban,Total,value in Absolute Number,
hmis_number_of_institutional_deliveries_conducted_including_c_sections_urban_value_in_absolute_number,HMIS,,Number of Institutional Deliveries conducted (Including C-Sections),M2 Deliveries,Urban,Total,value in Absolute Number,
hmis_out_of_total_institutional_deliveries_number_of_women_discharged_within_48_hours_of_delivery_urban_value_in_absolute_number,HMIS,,Out of total institutional deliveries number of women discharged within 48 hours of delivery,M2 Deliveries,Urban,Total,value in Absolute Number,
hmis_number_of_newborns_received_6_hbnc_visits_after_institutional_delivery_urban_value_in_absolute_number,HMIS,,Number of newborns received 6 HBNC visits after Institutional Delivery,M2 Deliveries,Urban,Total,value in Absolute Number,
hmis_total_c_section_deliveries_performed_urban_value_in_absolute_number,HMIS,,Total C -Section deliveries performed,M3 Number of Caesarean (C-Section) deliveries,Urban,Total,value in Absolute Number,
hmis_c_sections_performed_at_night_8_pm_8_am_urban_value_in_absolute_number,HMIS,,"C-sections, performed at night (8 PM- 8 AM)",M3 Number of Caesarean (C-Section) deliveries,Urban,Total,value in Absolute Number,
hmis_live_birth_male_urban_value_in_absolute_number,HMIS,,Live Birth - Male,M4 Pregnancy outcome & details of new-born,Urban,Total,value in Absolute Number,
hmis_live_birth_female_urban_value_in_absolute_number,HMIS,,Live Birth - Female,M4 Pregnancy outcome & details of new-born,Urban,Total,value in Absolute Number,
hmis_number_of_pw_provided_full_course_360_calcium_tablets_urban_value_in_absolute_number,HMIS,,Number of PW provided full Course 360 Calcium tablets,M1 Ante Natal Care (ANC),Urban,Total,value in Absolute Number,
hmis_number_of_pw_given_one_albendazole_tablet_after_1st_trimester_urban_value_in_absolute_number,HMIS,,Number of PW given one Albendazole tablet after 1st trimester,M1 Ante Natal Care (ANC),Urban,Total,value in Absolute Number,
hmis_number_of_pw_received_4_or_more_anc_check_ups_urban_value_in_absolute_number,HMIS,,Number of PW received 4 or more ANC check ups,M1 Ante Natal Care (ANC),Urban,Total,value in Absolute Number,
hmis_number_of_pw_given_anc_corticosteroids_in_pre_term_labour_urban_value_in_absolute_number,HMIS,,Number of PW given ANC Corticosteroids in Pre Term Labour,M1 Ante Natal Care (ANC),Urban,Total,value in Absolute Number,
hmis_new_cases_of_pw_with_hypertension_detected_urban_value_in_absolute_number,HMIS,,New cases of PW with hypertension detected,M1 Ante Natal Care (ANC),Urban,Total,value in Absolute Number,
hmis_out_of_the_new_cases_of_pw_with_hypertension_detected_cases_managed_at_institution_urban_value_in_absolute_number,HMIS,,"Out of the new cases of PW with hypertension detected, cases managed at institution",M1 Ante Natal Care (ANC),Urban,Total,value in Absolute Number,
hmis_number_of_eclampsia_cases_managed_during_delivery_urban_value_in_absolute_number,HMIS,,Number of Eclampsia cases managed during delivery,M1 Ante Natal Care (ANC),Urban,Total,value in Absolute Number,
hmis_number_of_pw_tested_for_haemoglobin_hb_4_or_more_than_4_times_for_respective_ancs_urban_value_in_absolute_number,HMIS,,Number of PW tested for Haemoglobin (Hb ) 4 or more than 4 times for respective ANCs,M1 Ante Natal Care (ANC),Urban,Total,value in Absolute Number,
hmis_number_of_pw_having_hb_level_11_out_of_total_tested_cases_7_1_to_10_9_urban_value_in_absolute_number,HMIS,,Number of PW having Hb level<11 (out of total tested cases)(7.1 to 10.9),M1 Ante Natal Care (ANC),Urban,Total,value in Absolute Number,
hmis_number_of_pw_having_hb_level_7_out_of_total_tested_cases_urban_value_in_absolute_number,HMIS,,Number of PW having Hb level<7 (out of total tested cases),M1 Ante Natal Care (ANC),Urban,Total,value in Absolute Number,
hmis_number_of_pw_having_severe_anaemia_hb_7_treated_urban_value_in_absolute_number,HMIS,,Number of PW having severe anaemia (Hb<7) treated,M1 Ante Natal Care (ANC),Urban,Total,value in Absolute Number,
hmis_number_of_pw_tested_for_blood_sugar_using_ogtt_oral_glucose_tolerance_test_urban_value_in_absolute_number,HMIS,,Number of PW tested for blood sugar using OGTT (Oral Glucose Tolerance Test),M1 Ante Natal Care (ANC),Urban,Total,value in Absolute Number,
hmis_number_of_pw_tested_positive_for_gdm_urban_value_in_absolute_number,HMIS,,Number of PW tested positive for GDM,M1 Ante Natal Care (ANC),Urban,Total,value in Absolute Number,
hmis_number_of_pw_given_insulin_out_of_total_tested_positive_for_gdm_urban_value_in_absolute_number,HMIS,,Number of PW given insulin out of total tested positive for GDM,M1 Ante Natal Care (ANC),Urban,Total,value in Absolute Number,
hmis_total_number_of_pregnant_women_registered_for_anc_urban_value_in_absolute_number,HMIS,,Total number of pregnant women registered for ANC,M1 Ante Natal Care (ANC),Urban,Total,value in Absolute Number,
hmis_out_of_the_total_anc_registered_number_registered_within_1st_trimester_within_12_weeks_urban_value_in_absolute_number,HMIS,,"Out of the total ANC registered, number registered within 1st trimester (within 12 weeks)",M1 Ante Natal Care (ANC),Urban,Total,value in Absolute Number,
hmis_number_of_pw_given_tt1_td1_urban_value_in_absolute_number,HMIS,,Number of PW given TT1/ Td1,M1 Ante Natal Care (ANC),Urban,Total,value in Absolute Number,
hmis_number_of_pw_given_tt2_td2_urban_value_in_absolute_number,HMIS,,Number of PW given TT2 / Td2,M1 Ante Natal Care (ANC),Urban,Total,value in Absolute Number,
hmis_number_of_pw_given_tt_booster_td_booster_urban_value_in_absolute_number,HMIS,,Number of PW given TT Booster/ Td Booster,M1 Ante Natal Care (ANC),Urban,Total,value in Absolute Number,
hmis_number_of_pw_provided_full_course_180_iron_folic_acid_ifa_tablets_urban_value_in_absolute_number,HMIS,,Number of PW provided full Course 180 Iron Folic Acid (IFA) tablets,M1 Ante Natal Care (ANC),Urban,Total,value in Absolute Number,
hmis_number_of_deaths_due_to_acute_encephelitis_syndrome_aes_private_value_in_absolute_number,HMIS,,Number of Deaths due to Acute Encephelitis Syndrome (AES),M16 Details of deaths reported with probable causes:,Private,Total,value in Absolute Number,
hmis_number_of_deaths_due_to_japanese_encephalitis_je_private_value_in_absolute_number,HMIS,,Number of Deaths due to Japanese Encephalitis (JE),M16 Details of deaths reported with probable causes:,Private,Total,value in Absolute Number,
hmis_number_of_adolscent_adult_deaths_due_to_respiratory_diseases_including_infections_other_than_tb_private_value_in_absolute_number,HMIS,,Number of Adolscent / Adult deaths due to Respiratory diseases including infections (other than TB),M16 Details of deaths reported with probable causes:,Private,Total,value in Absolute Number,
hmis_number_of_adolscent_adult_deaths_due_to_other_fever_related_private_value_in_absolute_number,HMIS,,Number of Adolscent / Adult deaths due to Other Fever Related,M16 Details of deaths reported with probable causes:,Private,Total,value in Absolute Number,
hmis_number_of_adolscent_adult_deaths_due_to_hiv_aids_private_value_in_absolute_number,HMIS,,Number of Adolscent / Adult deaths due to HIV/AIDS,M16 Details of deaths reported with probable causes:,Private,Total,value in Absolute Number,
hmis_number_of_adolscent_adult_deaths_due_to_heart_disease_hypertension_related_private_value_in_absolute_number,HMIS,,Number of Adolscent / Adult deaths due to Heart disease/Hypertension related,M16 Details of deaths reported with probable causes:,Private,Total,value in Absolute Number,
hmis_number_of_adolscent_adult_deaths_due_to_cancer_private_value_in_absolute_number,HMIS,,Number of Adolscent / Adult deaths due to Cancer,M16 Details of deaths reported with probable causes:,Private,Total,value in Absolute Number,
hmis_number_of_adolscent_adult_deaths_due_to_neurological_disease_including_strokes_private_value_in_absolute_number,HMIS,,Number of Adolscent / Adult deaths due to Neurological disease including strokes,M16 Details of deaths reported with probable causes:,Private,Total,value in Absolute Number,
hmis_number_of_adolscent_adult_deaths_due_to_accidents_burn_cases_private_value_in_absolute_number,HMIS,,Number of Adolscent / Adult deaths due to Accidents/Burn cases,M16 Details of deaths reported with probable causes:,Private,Total,value in Absolute Number,
hmis_number_of_adolscent_adult_deaths_due_to_suicide_private_value_in_absolute_number,HMIS,,Number of Adolscent / Adult deaths due to Suicide,M16 Details of deaths reported with probable causes:,Private,Total,value in Absolute Number,
hmis_number_of_adolscent_adult_deaths_due_to_animal_bites_and_stings_private_value_in_absolute_number,HMIS,,Number of Adolscent / Adult deaths due to Animal bites and stings,M16 Details of deaths reported with probable causes:,Private,Total,value in Absolute Number,
hmis_number_of_adolscent_adult_deaths_due_to_known_acute_disease_private_value_in_absolute_number,HMIS,,Number of Adolscent / Adult deaths due to Known Acute Disease,M16 Details of deaths reported with probable causes:,Private,Total,value in Absolute Number,
hmis_number_of_adolscent_adult_deaths_due_to_known_chronic_disease_private_value_in_absolute_number,HMIS,,Number of Adolscent / Adult deaths due to Known Chronic Disease,M16 Details of deaths reported with probable causes:,Private,Total,value in Absolute Number,
hmis_number_of_adolscent_adult_deaths_due_to_causes_not_known_private_value_in_absolute_number,HMIS,,Number of Adolscent / Adult deaths due to Causes not known,M16 Details of deaths reported with probable causes:,Private,Total,value in Absolute Number,
hmis_number_of_deaths_due_to_malaria_plasmodium_vivax_private_value_in_absolute_number,HMIS,,Number of Deaths due to Malaria- Plasmodium Vivax,M16 Details of deaths reported with probable causes:,Private,Total,value in Absolute Number,
hmis_number_of_deaths_due_to_malaria_plasmodium_falciparum_private_value_in_absolute_number,HMIS,,Number of Deaths due to Malaria- Plasmodium Falciparum,M16 Details of deaths reported with probable causes:,Private,Total,value in Absolute Number,
hmis_number_of_deaths_due_to_kala_azar_private_value_in_absolute_number,HMIS,,Number of Deaths due to Kala Azar,M16 Details of deaths reported with probable causes:,Private,Total,value in Absolute Number,
hmis_number_of_deaths_due_to_dengue_private_value_in_absolute_number,HMIS,,Number of Deaths due to Dengue,M16 Details of deaths reported with probable causes:,Private,Total,value in Absolute Number,
hmis_number_of_infant_deaths_1_12_months_due_to_measles_private_value_in_absolute_number,HMIS,,Number of Infant Deaths (1 -12 months) due to Measles,M16 Details of deaths reported with probable causes:,Private,Total,value in Absolute Number,
hmis_number_of_infant_deaths_1_12_months_due_to_others_private_value_in_absolute_number,HMIS,,Number of Infant Deaths (1 -12 months) due to Others,M16 Details of deaths reported with probable causes:,Private,Total,value in Absolute Number,
hmis_number_of_child_deaths_1_5_years_due_to_pneumonia_private_value_in_absolute_number,HMIS,,Number of Child Deaths (1 -5 years) due to Pneumonia,M16 Details of deaths reported with probable causes:,Private,Total,value in Absolute Number,
hmis_number_of_child_deaths_1_5_years_due_to_diarrhoea_private_value_in_absolute_number,HMIS,,Number of Child Deaths (1 -5 years) due to Diarrhoea,M16 Details of deaths reported with probable causes:,Private,Total,value in Absolute Number,
hmis_number_of_child_deaths_1_5_years_due_to_fever_related_private_value_in_absolute_number,HMIS,,Number of Child Deaths (1 -5 years) due to Fever related,M16 Details of deaths reported with probable causes:,Private,Total,value in Absolute Number,
hmis_number_of_child_deaths_1_5_years_due_to_measles_private_value_in_absolute_number,HMIS,,Number of Child Deaths (1 -5 years) due to Measles,M16 Details of deaths reported with probable causes:,Private,Total,value in Absolute Number,
hmis_number_of_child_deaths_1_5_years_due_to_others_private_value_in_absolute_number,HMIS,,Number of Child Deaths (1 -5 years) due to Others,M16 Details of deaths reported with probable causes:,Private,Total,value in Absolute Number,
hmis_number_of_maternal_deaths_due_to_bleeding_private_value_in_absolute_number,HMIS,,Number of Maternal Deaths due to Bleeding,M16 Details of deaths reported with probable causes:,Private,Total,value in Absolute Number,
hmis_number_of_maternal_deaths_due_to_high_fever_private_value_in_absolute_number,HMIS,,Number of Maternal Deaths due to High fever,M16 Details of deaths reported with probable causes:,Private,Total,value in Absolute Number,
hmis_number_of_maternal_deaths_due_to_abortion_private_value_in_absolute_number,HMIS,,Number of Maternal Deaths due to Abortion,M16 Details of deaths reported with probable causes:,Private,Total,value in Absolute Number,
hmis_number_of_maternal_deaths_due_to_obstructed_prolonged_labour_private_value_in_absolute_number,HMIS,,Number of Maternal Deaths due to Obstructed/prolonged labour,M16 Details of deaths reported with probable causes:,Private,Total,value in Absolute Number,
hmis_number_of_maternal_deaths_due_to_severe_hypertension_fits_private_value_in_absolute_number,HMIS,,Number of Maternal Deaths due to Severe hypertension/fits,M16 Details of deaths reported with probable causes:,Private,Total,value in Absolute Number,
hmis_number_of_maternal_deaths_due_to_other_causes_including_causes_not_known_private_value_in_absolute_number,HMIS,,Number of Maternal Deaths due to Other Causes (including causes not known),M16 Details of deaths reported with probable causes:,Private,Total,value in Absolute Number,
hmis_total_facility_based_maternal_death_reviews_fbmdr_done_private_value_in_absolute_number,HMIS,,Total Facility Based Maternal Death Reviews (FBMDR) done,M16 Details of deaths reported with probable causes:,Private,Total,value in Absolute Number,
hmis_number_of_adolscent_adult_deaths_due_to_diarrhoeal_diseases_private_value_in_absolute_number,HMIS,,Number of Adolscent / Adult deaths due to Diarrhoeal diseases,M16 Details of deaths reported with probable causes:,Private,Total,value in Absolute Number,
hmis_number_of_adolscent_adult_deaths_due_to_tuberculosis_private_value_in_absolute_number,HMIS,,Number of Adolscent / Adult deaths due to Tuberculosis,M16 Details of deaths reported with probable causes:,Private,Total,value in Absolute Number,
hmis_out_of_the_above_number_screened_positive_number_confirmed_with_hiv_infection_at_integrated_counselling_and_testing_centre_ictc_private_value_in_absolute_number,HMIS,,"Out of the above number screened positive, number confirmed with HIV infection at Integrated Counselling and Testing Centre (ICTC)",M15 Laboratory Testing,Private,Total,value in Absolute Number,
hmis_number_of_male_sti_rti_attendees_tested_for_syphilis_private_value_in_absolute_number,HMIS,,Number of Male STI/RTI attendees tested for syphilis,M15 Laboratory Testing,Private,Total,value in Absolute Number,
hmis_number_of_male_sti_rti_attendeees_found_sero_positive_for_syphilis_private_value_in_absolute_number,HMIS,,Number of Male STI/RTI attendeees found sero Positive for syphilis,M15 Laboratory Testing,Private,Total,value in Absolute Number,
hmis_number_of_female_non_anc_sti_rti_attendees_tested_for_syphilis_private_value_in_absolute_number,HMIS,,Number of Female(Non ANC)STI/RTI attendees tested for syphilis,M15 Laboratory Testing,Private,Total,value in Absolute Number,
hmis_number_of_female_non_anc_sti_rti_attendees_found_sero_positive_for_syphilis_private_value_in_absolute_number,HMIS,,Number of Female(Non ANC)STI/RTI attendees found sero Positive for syphilis,M15 Laboratory Testing,Private,Total,value in Absolute Number,
hmis_widal_tests_number_tested_private_value_in_absolute_number,HMIS,,Widal tests - Number Tested,M15 Laboratory Testing,Private,Total,value in Absolute Number,
hmis_widal_tests_number_positive_private_value_in_absolute_number,HMIS,,Widal tests - Number Positive,M15 Laboratory Testing,Private,Total,value in Absolute Number,
hmis_radiology_x_ray_private_value_in_absolute_number,HMIS,,Radiology - X-ray,M15 Laboratory Testing,Private,Total,value in Absolute Number,
hmis_radiology_ultrasonography_usg_private_value_in_absolute_number,HMIS,,Radiology - Ultrasonography (USG),M15 Laboratory Testing,Private,Total,value in Absolute Number,
hmis_infant_deaths_within_24_hours_1_to_23_hours_of_birth_private_value_in_absolute_number,HMIS,,Infant deaths within 24 hours (1 to 23 hours) of birth,M16 Details of deaths reported with probable causes:,Private,Total,value in Absolute Number,
hmis_infant_deaths_up_to_4_weeks_due_to_sepsis_private_value_in_absolute_number,HMIS,,Infant Deaths up to 4 weeks due to Sepsis,M16 Details of deaths reported with probable causes:,Private,Total,value in Absolute Number,
hmis_infant_deaths_up_to_4_weeks_due_to_asphyxia_private_value_in_absolute_number,HMIS,,Infant Deaths up to 4 weeks due to Asphyxia,M16 Details of deaths reported with probable causes:,Private,Total,value in Absolute Number,
hmis_infant_deaths_up_to_4_weeks_due_to_other_causes_private_value_in_absolute_number,HMIS,,Infant Deaths up to 4 weeks due to Other causes,M16 Details of deaths reported with probable causes:,Private,Total,value in Absolute Number,
hmis_number_of_infant_deaths_1_12_months_due_to_pneumonia_private_value_in_absolute_number,HMIS,,Number of Infant Deaths (1 -12 months) due to Pneumonia,M16 Details of deaths reported with probable causes:,Private,Total,value in Absolute Number,
hmis_number_of_infant_deaths_1_12_months_due_to_diarrhoea_private_value_in_absolute_number,HMIS,,Number of Infant Deaths (1 -12 months) due to Diarrhoea,M16 Details of deaths reported with probable causes:,Private,Total,value in Absolute Number,
hmis_number_of_infant_deaths_1_12_months_due_to_fever_related_private_value_in_absolute_number,HMIS,,Number of Infant Deaths (1 -12 months) due to Fever related,M16 Details of deaths reported with probable causes:,Private,Total,value in Absolute Number,
hmis_number_of_children_discharged_with_target_weight_gain_from_the_nrcs_private_value_in_absolute_number,HMIS,,Number of children discharged with target weight gain from the NRCs,M14 Patient Services,Private,Total,value in Absolute Number,
hmis_number_of_rogi_kalyan_samiti_rks_meetings_held_private_value_in_absolute_number,HMIS,,Number of Rogi Kalyan Samiti (RKS) meetings held,M14 Patient Services,Private,Total,value in Absolute Number,
hmis_number_of_anganwadi_centres_uphcs_reported_to_have_conducted_village_health_nutrition_day_vhnds_urban_health_nutrition_day_uhnds_outreach_special_outreach_private_value_in_abs,HMIS,,Number of Anganwadi centres/ UPHCs reported to have conducted Village Health & Nutrition Day (VHNDs)/ Urban Health & Nutrition Day (UHNDs)/ Outreach / Special Outreach,M14 Patient Services,Private,Total,value in Absolute Number,
hmis_stock_out_rate_of_essential_drugs_private_value_in_absolute_number,HMIS,,Stock out rate of essential Drugs,M14 Patient Services,Private,Total,value in Absolute Number,
hmis_blood_units_issued_on_replacement_any_donors_to_be_considered_as_replacement_donations_private_value_in_absolute_number,HMIS,,Blood Units Issued on replacement (Any Donors to be considered as replacement donations),M14 Patient Services,Private,Total,value in Absolute Number,
hmis_total_number_of_blood_units_issued_in_month_private_value_in_absolute_number,HMIS,,Total number of blood units issued in month,M14 Patient Services,Private,Total,value in Absolute Number,
hmis_patient_satisfaction_score_of_the_facility_in_percentage_from_mera_aspatal_private_value_in_absolute_number,HMIS,,Patient Satisfaction Score of the facility in percentage (from Mera Aspatal),M14 Patient Services,Private,Total,value in Absolute Number,
hmis_number_of_lab_tests_done_private_value_in_absolute_number,HMIS,,Number of Lab Tests done,M15 Laboratory Testing,Private,Total,value in Absolute Number,
hmis_number_of_hb_tests_conducted_private_value_in_absolute_number,HMIS,,Number of Hb tests conducted,M15 Laboratory Testing,Private,Total,value in Absolute Number,
hmis_out_of_the_total_number_of_hb_tests_done_number_having_hb_7_mg_private_value_in_absolute_number,HMIS,,"Out of the total number of Hb tests done, Number having Hb < 7 mg",M15 Laboratory Testing,Private,Total,value in Absolute Number,
hmis_male_hiv_number_tested_by_finger_prick_test_private_value_in_absolute_number,HMIS,,Male HIV - Number Tested (by finger prick test),M15 Laboratory Testing,Private,Total,value in Absolute Number,
hmis_male_hiv_number_positive_private_value_in_absolute_number,HMIS,,Male HIV - Number Positive,M15 Laboratory Testing,Private,Total,value in Absolute Number,
hmis_female_non_anc_hiv_number_tested_by_finger_prick_test_private_value_in_absolute_number,HMIS,,Female Non ANC HIV - Number Tested (by finger prick test),M15 Laboratory Testing,Private,Total,value in Absolute Number,
hmis_female_non_anc_hiv_number_positive_private_value_in_absolute_number,HMIS,,Female Non ANC HIV - Number Positive,M15 Laboratory Testing,Private,Total,value in Absolute Number,
hmis_number_of_pregnant_women_screened_for_hiv_by_finger_prick_test_private_value_in_absolute_number,HMIS,,Number of pregnant women screened for HIV (by finger prick test),M15 Laboratory Testing,Private,Total,value in Absolute Number,
hmis_out_of_the_above_number_screened_positive_private_value_in_absolute_number,HMIS,,"Out of the above, number screened positive",M15 Laboratory Testing,Private,Total,value in Absolute Number,
hmis_major_surgeries_excluding_obstetrics_gynaecology_and_opthalmology_etc_private_value_in_absolute_number,HMIS,,"Major Surgeries excluding Obstetrics, Gynaecology and Opthalmology etc.",M14 Patient Services,Private,Total,value in Absolute Number,
hmis_operation_minor_no_or_local_anaesthesia_private_value_in_absolute_number,HMIS,,Operation minor (No or local anaesthesia),M14 Patient Services,Private,Total,value in Absolute Number,
hmis_number_of_post_operative_surgical_site_infection_private_value_in_absolute_number,HMIS,,Number of post operative Surgical Site infection,M14 Patient Services,Private,Total,value in Absolute Number,
hmis_number_of_blood_units_issued_private_value_in_absolute_number,HMIS,,Number of blood units issued,M14 Patient Services,Private,Total,value in Absolute Number,
hmis_number_of_blood_transfusions_done_private_value_in_absolute_number,HMIS,,Number of blood transfusions done,M14 Patient Services,Private,Total,value in Absolute Number,
hmis_inpatient_deaths_male_private_value_in_absolute_number,HMIS,,Inpatient Deaths - Male,M14 Patient Services,Private,Total,value in Absolute Number,
hmis_inpatient_deaths_female_private_value_in_absolute_number,HMIS,,Inpatient Deaths - Female,M14 Patient Services,Private,Total,value in Absolute Number,
hmis_in_patient_head_count_at_midnight_private_value_in_absolute_number,HMIS,,In-Patient Head Count at midnight,M14 Patient Services,Private,Total,value in Absolute Number,
hmis_number_of_admission_in_nbsu_new_born_stabilisation_unit_private_value_in_absolute_number,HMIS,,Number of Admission in NBSU ( New Born Stabilisation Unit),M14 Patient Services,Private,Total,value in Absolute Number,
hmis_special_newborn_care_unit_sncu_admissions_inborn_male_private_value_in_absolute_number,HMIS,,Special Newborn Care Unit (SNCU Admissions) - Inborn Male,M14 Patient Services,Private,Total,value in Absolute Number,
hmis_special_newborn_care_unit_sncu_admissions_inborn_female_private_value_in_absolute_number,HMIS,,Special Newborn Care Unit (SNCU Admissions) - Inborn Female,M14 Patient Services,Private,Total,value in Absolute Number,
hmis_outborn_male_private_value_in_absolute_number,HMIS,,Outborn – Male,M14 Patient Services,Private,Total,value in Absolute Number,
hmis_outborn_female_private_value_in_absolute_number,HMIS,,Outborn - Female,M14 Patient Services,Private,Total,value in Absolute Number,
hmis_number_of_newborns_admitted_in_sncu_referred_by_asha_private_value_in_absolute_number,HMIS,,Number of newborns admitted in SNCU - referred by ASHA,M14 Patient Services,Private,Total,value in Absolute Number,
hmis_number_of_deaths_occurring_at_sncu_private_value_in_absolute_number,HMIS,,Number of deaths occurring at SNCU,M14 Patient Services,Private,Total,value in Absolute Number,
hmis_number_of_children_admitted_in_nrc_private_value_in_absolute_number,HMIS,,Number of children admitted in NRC,M14 Patient Services,Private,Total,value in Absolute Number,
hmis_inpatient_typhoid_private_value_in_absolute_number,HMIS,,Inpatient - Typhoid,M14 Patient Services,Private,Total,value in Absolute Number,
hmis_inpatient_asthma_chronic_obstructive_pulmonary_disease_copd_respiratory_infections_private_value_in_absolute_number,HMIS,,"Inpatient - Asthma, Chronic Obstructive Pulmonary Disease (COPD), Respiratory infections",M14 Patient Services,Private,Total,value in Absolute Number,
hmis_inpatient_tuberculosis_private_value_in_absolute_number,HMIS,,Inpatient - Tuberculosis,M14 Patient Services,Private,Total,value in Absolute Number,
hmis_inpatient_pyrexia_of_unknown_origin_puo_private_value_in_absolute_number,HMIS,,Inpatient - Pyrexia of unknown origin (PUO),M14 Patient Services,Private,Total,value in Absolute Number,
hmis_inpatient_diarrhea_with_dehydration_private_value_in_absolute_number,HMIS,,Inpatient - Diarrhea with dehydration,M14 Patient Services,Private,Total,value in Absolute Number,
hmis_inpatient_hepatitis_private_value_in_absolute_number,HMIS,,Inpatient - Hepatitis,M14 Patient Services,Private,Total,value in Absolute Number,
hmis_patients_registered_at_emergency_department_private_value_in_absolute_number,HMIS,,Patients registered at Emergency Department,M14 Patient Services,Private,Total,value in Absolute Number,
hmis_emergency_trauma_accident_injury_poisoning_etc_private_value_in_absolute_number,HMIS,,"Emergency - Trauma ( accident, injury, poisoning etc)",M14 Patient Services,Private,Total,value in Absolute Number,
hmis_emergency_burn_private_value_in_absolute_number,HMIS,,Emergency - Burn,M14 Patient Services,Private,Total,value in Absolute Number,
hmis_emergency_obstetrics_complications_private_value_in_absolute_number,HMIS,,Emergency - Obstetrics complications,M14 Patient Services,Private,Total,value in Absolute Number,
hmis_emergency_snake_bite_private_value_in_absolute_number,HMIS,,Emergency - Snake Bite,M14 Patient Services,Private,Total,value in Absolute Number,
hmis_emergency_acute_caridiac_emergencies_private_value_in_absolute_number,HMIS,,Emergency - Acute Caridiac Emergencies,M14 Patient Services,Private,Total,value in Absolute Number,
hmis_emergency_cva_cerebovascular_disease_private_value_in_absolute_number,HMIS,,Emergency - CVA ( Cerebovascular Disease),M14 Patient Services,Private,Total,value in Absolute Number,
hmis_number_of_deaths_occurring_at_emergency_department_private_value_in_absolute_number,HMIS,,Number of deaths occurring at Emergency Department,M14 Patient Services,Private,Total,value in Absolute Number,
hmis_operation_major_general_and_spinal_anaesthesia_private_value_in_absolute_number,HMIS,,Operation major (General and spinal anaesthesia),M14 Patient Services,Private,Total,value in Absolute Number,
hmis_out_of_operation_major_gynecology_hysterectomy_surgeries_private_value_in_absolute_number,HMIS,,"Out of Operation major, Gynecology- Hysterectomy surgeries",M14 Patient Services,Private,Total,value in Absolute Number,
hmis_outpatient_stroke_paralysis_private_value_in_absolute_number,HMIS,,Outpatient - Stroke (Paralysis),M14 Patient Services,Private,Total,value in Absolute Number,
hmis_outpatient_acute_heart_diseases_private_value_in_absolute_number,HMIS,,Outpatient - Acute Heart Diseases,M14 Patient Services,Private,Total,value in Absolute Number,
hmis_outpatient_mental_illness_private_value_in_absolute_number,HMIS,,Outpatient - Mental illness,M14 Patient Services,Private,Total,value in Absolute Number,
hmis_outpatient_epilepsy_private_value_in_absolute_number,HMIS,,Outpatient - Epilepsy,M14 Patient Services,Private,Total,value in Absolute Number,
hmis_outpatient_ophthalmic_related_private_value_in_absolute_number,HMIS,,Outpatient - Ophthalmic Related,M14 Patient Services,Private,Total,value in Absolute Number,
hmis_outpatient_dental_private_value_in_absolute_number,HMIS,,Outpatient - Dental,M14 Patient Services,Private,Total,value in Absolute Number,
hmis_outpatient_oncology_private_value_in_absolute_number,HMIS,,Outpatient - Oncology,M14 Patient Services,Private,Total,value in Absolute Number,
hmis_allopathic_outpatient_attendance_private_value_in_absolute_number,HMIS,,Allopathic- Outpatient attendance,M14 Patient Services,Private,Total,value in Absolute Number,
hmis_ayush_outpatient_attendance_private_value_in_absolute_number,HMIS,,Ayush - Outpatient attendance,M14 Patient Services,Private,Total,value in Absolute Number,
hmis_inpatient_male_children_18_years_private_value_in_absolute_number,HMIS,,Inpatient (Male) - Children < 18 years,M14 Patient Services,Private,Total,value in Absolute Number,
hmis_inpatient_male_adults_private_value_in_absolute_number,HMIS,,Inpatient (Male)- Adults,M14 Patient Services,Private,Total,value in Absolute Number,
hmis_inpatient_female_children_18_years_private_value_in_absolute_number,HMIS,,Inpatient (Female) - Children < 18 years,M14 Patient Services,Private,Total,value in Absolute Number,
hmis_inpatient_female_adults_private_value_in_absolute_number,HMIS,,Inpatient (Female)- Adults,M14 Patient Services,Private,Total,value in Absolute Number,
hmis_number_of_left_against_medical_advice_lama_cases_private_value_in_absolute_number,HMIS,,Number of Left Against Medical Advice (LAMA) cases,M14 Patient Services,Private,Total,value in Absolute Number,
hmis_inpatient_malaria_private_value_in_absolute_number,HMIS,,Inpatient - Malaria,M14 Patient Services,Private,Total,value in Absolute Number,
hmis_inpatient_dengue_private_value_in_absolute_number,HMIS,,Inpatient - Dengue,M14 Patient Services,Private,Total,value in Absolute Number,
hmis_kala_azar_positive_cases_private_value_in_absolute_number,HMIS,,Kala Azar Positive Cases,M11 NVBDCP,Private,Total,value in Absolute Number,
hmis_post_kala_azar_dermal_leishmaniasis_pkdl_cases_private_value_in_absolute_number,HMIS,,Post-kala-azar dermal leishmaniasis (PKDL) cases,M11 NVBDCP,Private,Total,value in Absolute Number,
hmis_dengue_rdt_test_positive_private_value_in_absolute_number,HMIS,,Dengue - RDT Test Positive,M11 NVBDCP,Private,Total,value in Absolute Number,
hmis_dengue_enzyme_linked_immuno_sorbent_assay_elisa_test_positive_private_value_in_absolute_number,HMIS,,Dengue - Enzyme- Linked Immuno Sorbent Assay (ELISA) Test Positive,M11 NVBDCP,Private,Total,value in Absolute Number,
hmis_tests_conducted_for_je_private_value_in_absolute_number,HMIS,,Tests Conducted for JE,M11 NVBDCP,Private,Total,value in Absolute Number,
hmis_tests_positive_for_je_private_value_in_absolute_number,HMIS,,Tests Positive for JE,M11 NVBDCP,Private,Total,value in Absolute Number,
hmis_girls_registered_in_afhc_private_value_in_absolute_number,HMIS,,Girls registered in AFHC,M12 Adolscent Health,Private,Total,value in Absolute Number,
hmis_boys_registered_in_afhc_private_value_in_absolute_number,HMIS,,Boys registered in AFHC,M12 Adolscent Health,Private,Total,value in Absolute Number,
hmis_out_of_registered_girls_received_clinical_services_private_value_in_absolute_number,HMIS,,"Out of registered, Girls received clinical services",M12 Adolscent Health,Private,Total,value in Absolute Number,
hmis_out_of_registered_boys_received_clinical_services_private_value_in_absolute_number,HMIS,,"Out of registered, Boys received clinical services",M12 Adolscent Health,Private,Total,value in Absolute Number,
hmis_out_of_registered_girls_received_counselling_private_value_in_absolute_number,HMIS,,"Out of registered, Girls received counselling",M12 Adolscent Health,Private,Total,value in Absolute Number,
hmis_out_of_registered_boys_received_counselling_private_value_in_absolute_number,HMIS,,"Out of registered, Boys received counselling",M12 Adolscent Health,Private,Total,value in Absolute Number,
hmis_number_of_on_going_dots_patients_registered_private_value_in_absolute_number,HMIS,,Number of on-going DOTS patients registered,"M13 Directly Observed Treatment, Short-course (DOTS)",Private,Total,value in Absolute Number,
hmis_number_of_dots_cases_completed_successfully_private_value_in_absolute_number,HMIS,,Number of DOTS cases completed successfully,"M13 Directly Observed Treatment, Short-course (DOTS)",Private,Total,value in Absolute Number,
hmis_outpatient_diabetes_private_value_in_absolute_number,HMIS,,Outpatient - Diabetes,M14 Patient Services,Private,Total,value in Absolute Number,
hmis_outpatient_hypertension_private_value_in_absolute_number,HMIS,,Outpatient - Hypertension,M14 Patient Services,Private,Total,value in Absolute Number,
hmis_childhood_diseases_tetanus_neonatorum_private_value_in_absolute_number,HMIS,,Childhood Diseases - Tetanus Neonatorum,M10 Number of cases of Childhood Diseases (0-5 years),Private,Total,value in Absolute Number,
hmis_childhood_diseases_tuberculosis_tb_private_value_in_absolute_number,HMIS,,Childhood Diseases - Tuberculosis (TB),M10 Number of cases of Childhood Diseases (0-5 years),Private,Total,value in Absolute Number,
hmis_childhood_diseases_acute_flaccid_paralysis_afp_private_value_in_absolute_number,HMIS,,Childhood Diseases - Acute Flaccid Paralysis(AFP),M10 Number of cases of Childhood Diseases (0-5 years),Private,Total,value in Absolute Number,
hmis_childhood_diseases_measles_private_value_in_absolute_number,HMIS,,Childhood Diseases - Measles,M10 Number of cases of Childhood Diseases (0-5 years),Private,Total,value in Absolute Number,
hmis_childhood_diseases_malaria_private_value_in_absolute_number,HMIS,,Childhood Diseases - Malaria,M10 Number of cases of Childhood Diseases (0-5 years),Private,Total,value in Absolute Number,
hmis_childhood_diseases_diarrhoea_private_value_in_absolute_number,HMIS,,Childhood Diseases - Diarrhoea,M10 Number of cases of Childhood Diseases (0-5 years),Private,Total,value in Absolute Number,
hmis_childhood_diseases_diarrhoea_treated_in_inpatients_private_value_in_absolute_number,HMIS,,Childhood Diseases - Diarrhoea treated in Inpatients,M10 Number of cases of Childhood Diseases (0-5 years),Private,Total,value in Absolute Number,
hmis_children_admitted_with_respiratory_infections_private_value_in_absolute_number,HMIS,,Children admitted with Respiratory Infections,M10 Number of cases of Childhood Diseases (0-5 years),Private,Total,value in Absolute Number,
hmis_childhood_diseases_severe_acute_malnutrition_sam_private_value_in_absolute_number,HMIS,,Childhood Diseases - Severe Acute Malnutrition (SAM),M10 Number of cases of Childhood Diseases (0-5 years),Private,Total,value in Absolute Number,
hmis_total_blood_smears_examined_for_malaria_private_value_in_absolute_number,HMIS,,Total Blood Smears Examined for Malaria,M11 NVBDCP,Private,Total,value in Absolute Number,
hmis_malaria_microscopy_tests_plasmodium_vivax_test_positive_private_value_in_absolute_number,HMIS,,Malaria (Microscopy Tests ) - Plasmodium Vivax test positive,M11 NVBDCP,Private,Total,value in Absolute Number,
hmis_malaria_microscopy_tests_plasmodium_falciparum_test_positive_private_value_in_absolute_number,HMIS,,Malaria (Microscopy Tests ) - Plasmodium Falciparum test positive,M11 NVBDCP,Private,Total,value in Absolute Number,
hmis_rdt_conducted_for_malaria_private_value_in_absolute_number,HMIS,,RDT conducted for Malaria,M11 NVBDCP,Private,Total,value in Absolute Number,
hmis_malaria_rdt_plasmodium_vivax_test_positive_private_value_in_absolute_number,HMIS,,Malaria (RDT) - Plasmodium Vivax test positive,M11 NVBDCP,Private,Total,value in Absolute Number,
hmis_malaria_rdt_plamodium_falciparum_test_positive_private_value_in_absolute_number,HMIS,,Malaria (RDT) - Plamodium Falciparum test positive,M11 NVBDCP,Private,Total,value in Absolute Number,
hmis_kala_azar_rdt_tests_conducted_private_value_in_absolute_number,HMIS,,Kala Azar (RDT) - Tests Conducted,M11 NVBDCP,Private,Total,value in Absolute Number,
hmis_number_of_cases_of_aefi_death_private_value_in_absolute_number,HMIS,,Number of cases of AEFI - Death,M9 CHILD IMMUNISATION,Private,Total,value in Absolute Number,
hmis_number_of_cases_of_aefi_others_private_value_in_absolute_number,HMIS,,Number of cases of AEFI - Others,M9 CHILD IMMUNISATION,Private,Total,value in Absolute Number,
hmis_immunisation_sessions_planned_private_value_in_absolute_number,HMIS,,Immunisation sessions planned,M9 CHILD IMMUNISATION,Private,Total,value in Absolute Number,
hmis_immunisation_sessions_held_private_value_in_absolute_number,HMIS,,Immunisation sessions held,M9 CHILD IMMUNISATION,Private,Total,value in Absolute Number,
hmis_number_of_immunisation_sessions_where_ashas_were_present_private_value_in_absolute_number,HMIS,,Number of Immunisation sessions where ASHAs were present,M9 CHILD IMMUNISATION,Private,Total,value in Absolute Number,
hmis_child_immunisation_vitamin_a_dose_1_private_value_in_absolute_number,HMIS,,Child immunisation - Vitamin A Dose - 1,M9 CHILD IMMUNISATION,Private,Total,value in Absolute Number,
hmis_child_immunisation_vitamin_a_dose_5_private_value_in_absolute_number,HMIS,,Child immunisation - Vitamin A Dose - 5,M9 CHILD IMMUNISATION,Private,Total,value in Absolute Number,
hmis_child_immunisation_vitamin_a_dose_9_private_value_in_absolute_number,HMIS,,Child immunisation - Vitamin A Dose - 9,M9 CHILD IMMUNISATION,Private,Total,value in Absolute Number,
hmis_number_of_children_6_59_months_provided_8_10_doses_1ml_of_ifa_syrup_bi_weekly_private_value_in_absolute_number,HMIS,,Number of children (6-59 months) provided 8-10 doses (1ml) of IFA syrup (Bi weekly),M9 CHILD IMMUNISATION,Private,Total,value in Absolute Number,
hmis_number_of_children_12_59_months_provided_albendazole_private_value_in_absolute_number,HMIS,,Number of children (12-59 months) provided Albendazole,M9 CHILD IMMUNISATION,Private,Total,value in Absolute Number,
hmis_number_of_severely_underweight_children_provided_health_checkup_0_5_years_private_value_in_absolute_number,HMIS,,Number of severely underweight children provided Health Checkup (0-5 years),M9 CHILD IMMUNISATION,Private,Total,value in Absolute Number,
hmis_childhood_diseases_pneumonia_private_value_in_absolute_number,HMIS,,Childhood Diseases - Pneumonia,M10 Number of cases of Childhood Diseases (0-5 years),Private,Total,value in Absolute Number,
hmis_childhood_diseases_asthma_private_value_in_absolute_number,HMIS,,Childhood Diseases - Asthma,M10 Number of cases of Childhood Diseases (0-5 years),Private,Total,value in Absolute Number,
hmis_childhood_diseases_sepsis_private_value_in_absolute_number,HMIS,,Childhood Diseases - Sepsis,M10 Number of cases of Childhood Diseases (0-5 years),Private,Total,value in Absolute Number,
hmis_childhood_diseases_diphtheria_private_value_in_absolute_number,HMIS,,Childhood Diseases - Diphtheria,M10 Number of cases of Childhood Diseases (0-5 years),Private,Total,value in Absolute Number,
hmis_childhood_diseases_pertussis_private_value_in_absolute_number,HMIS,,Childhood Diseases - Pertussis,M10 Number of cases of Childhood Diseases (0-5 years),Private,Total,value in Absolute Number,
hmis_children_aged_between_9_and_11_months_fully_immunized_female_private_value_in_absolute_number,HMIS,,Children aged between 9 and 11 months fully immunized - Female,M9 CHILD IMMUNISATION,Private,Total,value in Absolute Number,
hmis_child_immunisation_after_12_months_measles_rubella_mr_measles_containing_vaccine_mcv_1st_dose_private_value_in_absolute_number,HMIS,,Child immunisation(after 12 months) - Measles & Rubella (MR)/Measles containing vaccine(MCV)- 1st Dose,M9 CHILD IMMUNISATION,Private,Total,value in Absolute Number,
hmis_child_immunisation_after_12_months_measles_1st_dose_private_value_in_absolute_number,HMIS,,Child immunisation (after 12 months) - Measles-1st dose,M9 CHILD IMMUNISATION,Private,Total,value in Absolute Number,
hmis_child_immunisation_after_12_months_je_1st_dose_private_value_in_absolute_number,HMIS,,Child immunisation (after 12 months) - JE 1st dose,M9 CHILD IMMUNISATION,Private,Total,value in Absolute Number,
hmis_child_immunisation_measles_rubella_mr_2nd_dose_16_24_months_private_value_in_absolute_number,HMIS,,Child immunisation - Measles & Rubella (MR)- 2nd Dose (16-24 months),M9 CHILD IMMUNISATION,Private,Total,value in Absolute Number,
hmis_child_immunisation_measles_2nd_dose_more_than_16_months_private_value_in_absolute_number,HMIS,,Child immunisation - Measles 2nd dose (More than 16 months),M9 CHILD IMMUNISATION,Private,Total,value in Absolute Number,
hmis_child_immunisation_dpt_1st_booster_private_value_in_absolute_number,HMIS,,Child immunisation - DPT 1st Booster,M9 CHILD IMMUNISATION,Private,Total,value in Absolute Number,
hmis_child_immunisation_opv_booster_private_value_in_absolute_number,HMIS,,Child immunisation - OPV Booster,M9 CHILD IMMUNISATION,Private,Total,value in Absolute Number,
hmis_child_immunisation_measles_mumps_rubella_mmr_vaccine_private_value_in_absolute_number,HMIS,,"Child immunisation - Measles, Mumps, Rubella (MMR) Vaccine",M9 CHILD IMMUNISATION,Private,Total,value in Absolute Number,
hmis_number_of_children_more_than_16_months_of_age_who_received_japanese_encephalitis_je_vaccine_private_value_in_absolute_number,HMIS,,Number of children more than 16 months of age who received Japanese Encephalitis (JE) vaccine,M9 CHILD IMMUNISATION,Private,Total,value in Absolute Number,
hmis_child_immunisation_typhoid_private_value_in_absolute_number,HMIS,,Child immunisation - Typhoid,M9 CHILD IMMUNISATION,Private,Total,value in Absolute Number,
hmis_children_more_than_5_years_received_dpt5_2nd_booster_private_value_in_absolute_number,HMIS,,Children more than 5 years received DPT5 (2nd Booster),M9 CHILD IMMUNISATION,Private,Total,value in Absolute Number,
hmis_children_more_than_10_years_received_tt10_td10_private_value_in_absolute_number,HMIS,,Children more than 10 years received TT10/ Td10,M9 CHILD IMMUNISATION,Private,Total,value in Absolute Number,
hmis_children_more_than_16_years_received_tt16_td16_private_value_in_absolute_number,HMIS,,Children more than 16 years received TT16/ Td16,M9 CHILD IMMUNISATION,Private,Total,value in Absolute Number,
hmis_number_of_cases_of_aefi_abscess_private_value_in_absolute_number,HMIS,,Number of cases of AEFI - Abscess,M9 CHILD IMMUNISATION,Private,Total,value in Absolute Number,
hmis_child_immunisation_hepatitis_b0_birth_dose_private_value_in_absolute_number,HMIS,,Child immunisation - Hepatitis-B0 (Birth Dose),M9 CHILD IMMUNISATION,Private,Total,value in Absolute Number,
hmis_child_immunisation_hepatitis_b1_private_value_in_absolute_number,HMIS,,Child immunisation - Hepatitis-B1,M9 CHILD IMMUNISATION,Private,Total,value in Absolute Number,
hmis_child_immunisation_hepatitis_b2_private_value_in_absolute_number,HMIS,,Child immunisation - Hepatitis-B2,M9 CHILD IMMUNISATION,Private,Total,value in Absolute Number,
hmis_child_immunisation_hepatitis_b3_private_value_in_absolute_number,HMIS,,Child immunisation - Hepatitis-B3,M9 CHILD IMMUNISATION,Private,Total,value in Absolute Number,
hmis_child_immunisation_inactivated_injectable_polio_vaccine_1_ipv_1_private_value_in_absolute_number,HMIS,,Child immunisation - Inactivated Injectable Polio Vaccine 1 (IPV 1),M9 CHILD IMMUNISATION,Private,Total,value in Absolute Number,
hmis_child_immunisation_inactivated_injectable_polio_vaccine_2_ipv_2_private_value_in_absolute_number,HMIS,,Child immunisation - Inactivated Injectable Polio Vaccine 2 (IPV 2),M9 CHILD IMMUNISATION,Private,Total,value in Absolute Number,
hmis_child_immunisation_rotavirus_1_private_value_in_absolute_number,HMIS,,Child immunisation - Rotavirus 1,M9 CHILD IMMUNISATION,Private,Total,value in Absolute Number,
hmis_child_immunisation_rotavirus_2_private_value_in_absolute_number,HMIS,,Child immunisation - Rotavirus 2,M9 CHILD IMMUNISATION,Private,Total,value in Absolute Number,
hmis_child_immunisation_rotavirus_3_private_value_in_absolute_number,HMIS,,Child immunisation - Rotavirus 3,M9 CHILD IMMUNISATION,Private,Total,value in Absolute Number,
hmis_child_immunisation_pcv_1_private_value_in_absolute_number,HMIS,,Child Immunisation- PCV 1,M9 CHILD IMMUNISATION,Private,Total,value in Absolute Number,
hmis_child_immunisation_pcv_2_private_value_in_absolute_number,HMIS,,Child Immunisation- PCV 2,M9 CHILD IMMUNISATION,Private,Total,value in Absolute Number,
hmis_child_immunisation_pcv_booster_private_value_in_absolute_number,HMIS,,Child Immunisation- PCV Booster,M9 CHILD IMMUNISATION,Private,Total,value in Absolute Number,
hmis_child_immunisation_9_11months_measles_rubella_mr_measles_containing_vaccine_mcv_1st_dose_private_value_in_absolute_number,HMIS,,Child immunisation (9-11months) - Measles & Rubella (MR)/ Measles containing vaccine(MCV) - 1st Dose,M9 CHILD IMMUNISATION,Private,Total,value in Absolute Number,
hmis_child_immunisation_9_11months_measles_1st_dose_private_value_in_absolute_number,HMIS,,Child immunisation (9-11months) - Measles 1st dose,M9 CHILD IMMUNISATION,Private,Total,value in Absolute Number,
hmis_child_immunisation_9_11months_je_1st_dose_private_value_in_absolute_number,HMIS,,Child immunisation (9-11months) - JE 1st dose,M9 CHILD IMMUNISATION,Private,Total,value in Absolute Number,
hmis_children_aged_between_9_and_11_months_fully_immunized_male_private_value_in_absolute_number,HMIS,,Children aged between 9 and 11 months fully immunized- Male,M9 CHILD IMMUNISATION,Private,Total,value in Absolute Number,
hmis_failures_following_male_sterilization_private_value_in_absolute_number,HMIS,,Failures following male sterilization,M8 Family Planning,Private,Total,value in Absolute Number,
hmis_failures_following_female_sterilization_private_value_in_absolute_number,HMIS,,Failures following female sterilization,M8 Family Planning,Private,Total,value in Absolute Number,
hmis_deaths_following_male_sterilization_private_value_in_absolute_number,HMIS,,Deaths following male sterilization,M8 Family Planning,Private,Total,value in Absolute Number,
hmis_deaths_following_female_sterilization_private_value_in_absolute_number,HMIS,,Deaths following female sterilization,M8 Family Planning,Private,Total,value in Absolute Number,
hmis_child_immunisation_vitamin_k_birth_dose_private_value_in_absolute_number,HMIS,,Child immunisation - Vitamin K (Birth Dose),M9 CHILD IMMUNISATION,Private,Total,value in Absolute Number,
hmis_child_immunisation_bcg_private_value_in_absolute_number,HMIS,,Child immunisation - BCG,M9 CHILD IMMUNISATION,Private,Total,value in Absolute Number,
hmis_child_immunisation_dpt1_private_value_in_absolute_number,HMIS,,Child immunisation - DPT1,M9 CHILD IMMUNISATION,Private,Total,value in Absolute Number,
hmis_child_immunisation_dpt2_private_value_in_absolute_number,HMIS,,Child immunisation - DPT2,M9 CHILD IMMUNISATION,Private,Total,value in Absolute Number,
hmis_child_immunisation_dpt3_private_value_in_absolute_number,HMIS,,Child immunisation - DPT3,M9 CHILD IMMUNISATION,Private,Total,value in Absolute Number,
hmis_child_immunisation_pentavalent_1_private_value_in_absolute_number,HMIS,,Child immunisation - Pentavalent 1,M9 CHILD IMMUNISATION,Private,Total,value in Absolute Number,
hmis_child_immunisation_pentavalent_2_private_value_in_absolute_number,HMIS,,Child immunisation - Pentavalent 2,M9 CHILD IMMUNISATION,Private,Total,value in Absolute Number,
hmis_child_immunisation_pentavalent_3_private_value_in_absolute_number,HMIS,,Child immunisation - Pentavalent 3,M9 CHILD IMMUNISATION,Private,Total,value in Absolute Number,
hmis_child_immunisation_opv_0_birth_dose_private_value_in_absolute_number,HMIS,,Child immunisation - OPV 0 (Birth Dose),M9 CHILD IMMUNISATION,Private,Total,value in Absolute Number,
hmis_child_immunisation_opv1_private_value_in_absolute_number,HMIS,,Child immunisation - OPV1,M9 CHILD IMMUNISATION,Private,Total,value in Absolute Number,
hmis_child_immunisation_opv2_private_value_in_absolute_number,HMIS,,Child immunisation - OPV2,M9 CHILD IMMUNISATION,Private,Total,value in Absolute Number,
hmis_child_immunisation_opv3_private_value_in_absolute_number,HMIS,,Child immunisation - OPV3,M9 CHILD IMMUNISATION,Private,Total,value in Absolute Number,
hmis_number_of_interval_iucd_insertions_excluding_ppiucd_and_paiucd_private_value_in_absolute_number,HMIS,,Number of Interval IUCD Insertions (excluding PPIUCD and PAIUCD),M8 Family Planning,Private,Total,value in Absolute Number,
hmis_number_of_postpartum_within_48_hours_of_delivery_iucd_insertions_private_value_in_absolute_number,HMIS,,Number of Postpartum (within 48 hours of delivery) IUCD insertions,M8 Family Planning,Private,Total,value in Absolute Number,
hmis_number_of_post_abortion_within_12_days_of_spontaneous_or_surgical_abortion_iucd_insertions_private_value_in_absolute_number,HMIS,,Number of Post Abortion (within 12 days of spontaneous or surgical abortion) IUCD insertions,M8 Family Planning,Private,Total,value in Absolute Number,
hmis_number_of_iucd_removals_private_value_in_absolute_number,HMIS,,Number of IUCD Removals,M8 Family Planning,Private,Total,value in Absolute Number,
hmis_number_of_complications_following_iucd_insertion_private_value_in_absolute_number,HMIS,,Number of complications following IUCD Insertion,M8 Family Planning,Private,Total,value in Absolute Number,
hmis_injectable_contraceptive_antara_program_first_dose_private_value_in_absolute_number,HMIS,,Injectable Contraceptive-Antara Program- First Dose,M8 Family Planning,Private,Total,value in Absolute Number,
hmis_injectable_contraceptive_antara_program_second_dose_private_value_in_absolute_number,HMIS,,Injectable Contraceptive-Antara Program- Second Dose,M8 Family Planning,Private,Total,value in Absolute Number,
hmis_injectable_contraceptive_antara_program_third_dose_private_value_in_absolute_number,HMIS,,Injectable Contraceptive-Antara Program- Third Dose,M8 Family Planning,Private,Total,value in Absolute Number,
hmis_injectable_contraceptive_antara_program_fourth_or_more_than_fourth_private_value_in_absolute_number,HMIS,,Injectable Contraceptive-Antara Program- Fourth or more than fourth,M8 Family Planning,Private,Total,value in Absolute Number,
hmis_number_of_combined_oral_pill_cycles_distributed_private_value_in_absolute_number,HMIS,,Number of Combined Oral Pill cycles distributed,M8 Family Planning,Private,Total,value in Absolute Number,
hmis_number_of_condom_pieces_distributed_private_value_in_absolute_number,HMIS,,Number of Condom pieces distributed,M8 Family Planning,Private,Total,value in Absolute Number,
hmis_number_of_centchroman_weekly_pill_strips_distributed_private_value_in_absolute_number,HMIS,,Number of Centchroman (weekly) pill strips distributed,M8 Family Planning,Private,Total,value in Absolute Number,
hmis_number_of_emergency_contraceptive_pills_ecp_given_private_value_in_absolute_number,HMIS,,Number of Emergency Contraceptive Pills (ECP) given,M8 Family Planning,Private,Total,value in Absolute Number,
hmis_number_of_pregnancy_test_kits_ptk_used_private_value_in_absolute_number,HMIS,,Number of Pregnancy Test Kits (PTK) used,M8 Family Planning,Private,Total,value in Absolute Number,
hmis_complications_following_male_sterilization_private_value_in_absolute_number,HMIS,,Complications following male sterilization,M8 Family Planning,Private,Total,value in Absolute Number,
hmis_complications_following_female_sterilization_private_value_in_absolute_number,HMIS,,Complications following female sterilization,M8 Family Planning,Private,Total,value in Absolute Number,
hmis_number_of_newborns_breast_fed_within_1_hour_of_birth_private_value_in_absolute_number,HMIS,,Number of Newborns breast fed within 1 hour of birth,M4 Pregnancy outcome & details of new-born,Private,Total,value in Absolute Number,
hmis_number_of_cases_of_pregnant_women_with_obstetric_complications_attended_antepartum_haemorrhage_aph_post_partum_hemorrhage_pph_sepsis_eclampsia_and_others_private_value_in_abso,HMIS,,"Number of cases of pregnant women with Obstetric Complications attended (Antepartum haemorrhage (APH), Post-Partum Hemorrhage (PPH), Sepsis, Eclampsia and others)",M5 Complicated Pregnancies,Private,Total,value in Absolute Number,
hmis_number_of_complicated_pregnancies_treated_with_blood_transfusion_private_value_in_absolute_number,HMIS,,Number of Complicated pregnancies treated with Blood Transfusion,M5 Complicated Pregnancies,Private,Total,value in Absolute Number,
hmis_women_receiving_1st_post_partum_checkups_within_48_hours_of_home_delivery_private_value_in_absolute_number,HMIS,,Women receiving 1st post partum checkups within 48 hours of home delivery,M6 Post Natal Care (PNC),Private,Total,value in Absolute Number,
hmis_women_receiving_1st_post_partum_checkup_between_48_hours_and_14_days_private_value_in_absolute_number,HMIS,,Women receiving 1st post partum checkup between 48 hours and 14 days,M6 Post Natal Care (PNC),Private,Total,value in Absolute Number,
hmis_number_of_mothers_provided_full_course_of_180_ifa_tablets_after_delivery_private_value_in_absolute_number,HMIS,,Number of mothers provided full course of 180 IFA tablets after delivery,M6 Post Natal Care (PNC),Private,Total,value in Absolute Number,
hmis_number_of_mothers_provided_full_course_of_360_calcium_tablets_after_delivery_private_value_in_absolute_number,HMIS,,Number of mothers provided full course of 360 Calcium tablets after delivery,M6 Post Natal Care (PNC),Private,Total,value in Absolute Number,
hmis_new_rti_sti_cases_identified_male_private_value_in_absolute_number,HMIS,,New RTI/STI cases identified - Male,M7 Reproductive Tract Infections/Sexually Transmitted Infections (RTI/STI) Cases,Private,Total,value in Absolute Number,
hmis_new_rti_sti_cases_identified_female_private_value_in_absolute_number,HMIS,,New RTI/STI cases identified - Female,M7 Reproductive Tract Infections/Sexually Transmitted Infections (RTI/STI) Cases,Private,Total,value in Absolute Number,
hmis_rti_sti_for_which_treatment_initiated_male_private_value_in_absolute_number,HMIS,,RTI/STI for which treatment initiated - Male,M7 Reproductive Tract Infections/Sexually Transmitted Infections (RTI/STI) Cases,Private,Total,value in Absolute Number,
hmis_rti_sti_for_which_treatment_initiated_female_private_value_in_absolute_number,HMIS,,RTI/STI for which treatment initiated -Female,M7 Reproductive Tract Infections/Sexually Transmitted Infections (RTI/STI) Cases,Private,Total,value in Absolute Number,
hmis_number_of_non_scalpel_vasectomy_nsv_conventional_vasectomy_conducted_private_value_in_absolute_number,HMIS,,Number of Non Scalpel Vasectomy (NSV) / Conventional Vasectomy conducted,M8 Family Planning,Private,Total,value in Absolute Number,
hmis_number_of_laparoscopic_sterilizations_excluding_post_abortion_conducted_private_value_in_absolute_number,HMIS,,Number of Laparoscopic sterilizations (excluding post abortion) conducted,M8 Family Planning,Private,Total,value in Absolute Number,
hmis_number_of_interval_mini_lap_other_than_post_partum_and_post_abortion_sterilizations_conducted_private_value_in_absolute_number,HMIS,,Number of Interval Mini-lap (other than post-partum and post abortion) sterilizations conducted,M8 Family Planning,Private,Total,value in Absolute Number,
hmis_number_of_postpartum_sterilizations_within_7_days_of_delivery_by_minilap_or_concurrent_with_caesarean_section_conducted_private_value_in_absolute_number,HMIS,,Number of Postpartum sterilizations (within 7 days of delivery by minilap or concurrent with caesarean section) conducted,M8 Family Planning,Private,Total,value in Absolute Number,
hmis_number_of_post_abortion_sterilizations_within_7_days_of_spontaneous_or_surgical_abortion_conducted_private_value_in_absolute_number,HMIS,,Number of Post Abortion sterilizations (within 7 days of spontaneous or surgical abortion) conducted,M8 Family Planning,Private,Total,value in Absolute Number,
hmis_out_of_total_institutional_deliveries_number_of_women_discharged_within_48_hours_of_delivery_private_value_in_absolute_number,HMIS,,Out of total institutional deliveries number of women discharged within 48 hours of delivery,M2 Deliveries,Private,Total,value in Absolute Number,
hmis_number_of_newborns_received_6_hbnc_visits_after_institutional_delivery_private_value_in_absolute_number,HMIS,,Number of newborns received 6 HBNC visits after Institutional Delivery,M2 Deliveries,Private,Total,value in Absolute Number,
hmis_total_c_section_deliveries_performed_private_value_in_absolute_number,HMIS,,Total C -Section deliveries performed,M3 Number of Caesarean (C-Section) deliveries,Private,Total,value in Absolute Number,
hmis_c_sections_performed_at_night_8_pm_8_am_private_value_in_absolute_number,HMIS,,"C-sections, performed at night (8 PM- 8 AM)",M3 Number of Caesarean (C-Section) deliveries,Private,Total,value in Absolute Number,
hmis_live_birth_male_private_value_in_absolute_number,HMIS,,Live Birth - Male,M4 Pregnancy outcome & details of new-born,Private,Total,value in Absolute Number,
hmis_live_birth_female_private_value_in_absolute_number,HMIS,,Live Birth - Female,M4 Pregnancy outcome & details of new-born,Private,Total,value in Absolute Number,
hmis_number_of_pre_term_newborns_37_weeks_of_pregnancy_private_value_in_absolute_number,HMIS,,Number of Pre term newborns ( < 37 weeks of pregnancy),M4 Pregnancy outcome & details of new-born,Private,Total,value in Absolute Number,
hmis_still_birth_private_value_in_absolute_number,HMIS,,Still Birth,M4 Pregnancy outcome & details of new-born,Private,Total,value in Absolute Number,
hmis_abortion_spontaneous_private_value_in_absolute_number,HMIS,,Abortion (spontaneous),M4 Pregnancy outcome & details of new-born,Private,Total,value in Absolute Number,
hmis_mtp_up_to_12_weeks_of_pregnancy_private_value_in_absolute_number,HMIS,,MTP up to 12 weeks of pregnancy,M4 Pregnancy outcome & details of new-born,Private,Total,value in Absolute Number,
hmis_mtp_more_than_12_weeks_of_pregnancy_private_value_in_absolute_number,HMIS,,MTP more than 12 weeks of pregnancy,M4 Pregnancy outcome & details of new-born,Private,Total,value in Absolute Number,
hmis_post_abortion_mtp_complications_identified_private_value_in_absolute_number,HMIS,,Post Abortion/ MTP Complications Identified,M4 Pregnancy outcome & details of new-born,Private,Total,value in Absolute Number,
hmis_post_abortion_mtp_complications_treated_private_value_in_absolute_number,HMIS,,Post Abortion/ MTP Complications Treated,M4 Pregnancy outcome & details of new-born,Private,Total,value in Absolute Number,
hmis_number_of_women_provided_with_post_abortion_mtp_contraception_private_value_in_absolute_number,HMIS,,Number of women provided with post abortion/ MTP contraception,M4 Pregnancy outcome & details of new-born,Private,Total,value in Absolute Number,
hmis_number_of_newborns_weighed_at_birth_private_value_in_absolute_number,HMIS,,Number of newborns weighed at birth,M4 Pregnancy outcome & details of new-born,Private,Total,value in Absolute Number,
hmis_number_of_newborns_having_weight_less_than_2_5_kg_private_value_in_absolute_number,HMIS,,Number of newborns having weight less than 2.5 kg,M4 Pregnancy outcome & details of new-born,Private,Total,value in Absolute Number,
hmis_number_of_pw_having_severe_anaemia_hb_7_treated_private_value_in_absolute_number,HMIS,,Number of PW having severe anaemia (Hb<7) treated,M1 Ante Natal Care (ANC),Private,Total,value in Absolute Number,
hmis_number_of_pw_tested_for_blood_sugar_using_ogtt_oral_glucose_tolerance_test_private_value_in_absolute_number,HMIS,,Number of PW tested for blood sugar using OGTT (Oral Glucose Tolerance Test),M1 Ante Natal Care (ANC),Private,Total,value in Absolute Number,
hmis_number_of_pw_tested_positive_for_gdm_private_value_in_absolute_number,HMIS,,Number of PW tested positive for GDM,M1 Ante Natal Care (ANC),Private,Total,value in Absolute Number,
hmis_number_of_pw_given_insulin_out_of_total_tested_positive_for_gdm_private_value_in_absolute_number,HMIS,,Number of PW given insulin out of total tested positive for GDM,M1 Ante Natal Care (ANC),Private,Total,value in Absolute Number,
hmis_number_of_pregnant_women_tested_for_syphilis_private_value_in_absolute_number,HMIS,,Number of pregnant women tested for Syphilis,M1 Ante Natal Care (ANC),Private,Total,value in Absolute Number,
hmis_number_of_pregnant_women_tested_found_sero_positive_for_syphilis_private_value_in_absolute_number,HMIS,,Number of pregnant women tested found sero positive for Syphilis,M1 Ante Natal Care (ANC),Private,Total,value in Absolute Number,
hmis_number_of_syphilis_positive_pregnanat_women_treated_for_syphilis_private_value_in_absolute_number,HMIS,,Number of syphilis positive pregnanat women treated for Syphilis,M1 Ante Natal Care (ANC),Private,Total,value in Absolute Number,
hmis_number_of_babies_daignosed_with_congenital_syphilis_private_value_in_absolute_number,HMIS,,Number of babies daignosed with Congenital Syphilis,M1 Ante Natal Care (ANC),Private,Total,value in Absolute Number,
hmis_number_of_babies_treated_for_congenital_syphilis_private_value_in_absolute_number,HMIS,,Number of babies treated for congenital Syphilis,M1 Ante Natal Care (ANC),Private,Total,value in Absolute Number,
hmis_number_of_home_deliveries_attended_by_skill_birth_attendant_sba_doctor_nurse_anm_midwife_private_value_in_absolute_number,HMIS,,Number of Home Deliveries attended by Skill Birth Attendant(SBA) (Doctor/Nurse/ANM/ Midwife),M2 Deliveries,Private,Total,value in Absolute Number,
hmis_number_of_home_deliveries_attended_by_non_sba_trained_birth_attendant_tba_relatives_etc_private_value_in_absolute_number,HMIS,,Number of Home Deliveries attended by Non SBA (Trained Birth Attendant(TBA) /Relatives/etc.),M2 Deliveries,Private,Total,value in Absolute Number,
hmis_number_of_pw_given_tablet_misoprostol_during_home_delivery_private_value_in_absolute_number,HMIS,,Number of PW given Tablet Misoprostol during home delivery,M2 Deliveries,Private,Total,value in Absolute Number,
hmis_number_of_newborns_received_7_home_based_newborn_care_hbnc_visits_in_case_of_home_delivery_private_value_in_absolute_number,HMIS,,Number of newborns received 7 Home Based Newborn Care (HBNC) visits in case of Home delivery,M2 Deliveries,Private,Total,value in Absolute Number,
hmis_number_of_institutional_deliveries_conducted_including_c_sections_private_value_in_absolute_number,HMIS,,Number of Institutional Deliveries conducted (Including C-Sections),M2 Deliveries,Private,Total,value in Absolute Number,
hmis_total_number_of_pregnant_women_registered_for_anc_private_value_in_absolute_number,HMIS,,Total number of pregnant women registered for ANC,M1 Ante Natal Care (ANC),Private,Total,value in Absolute Number,
hmis_out_of_the_total_anc_registered_number_registered_within_1st_trimester_within_12_weeks_private_value_in_absolute_number,HMIS,,"Out of the total ANC registered, number registered within 1st trimester (within 12 weeks)",M1 Ante Natal Care (ANC),Private,Total,value in Absolute Number,
hmis_number_of_pw_given_tt1_td1_private_value_in_absolute_number,HMIS,,Number of PW given TT1/ Td1,M1 Ante Natal Care (ANC),Private,Total,value in Absolute Number,
hmis_number_of_pw_given_tt2_td2_private_value_in_absolute_number,HMIS,,Number of PW given TT2 / Td2,M1 Ante Natal Care (ANC),Private,Total,value in Absolute Number,
hmis_number_of_pw_given_tt_booster_td_booster_private_value_in_absolute_number,HMIS,,Number of PW given TT Booster/ Td Booster,M1 Ante Natal Care (ANC),Private,Total,value in Absolute Number,
hmis_number_of_pw_provided_full_course_180_iron_folic_acid_ifa_tablets_private_value_in_absolute_number,HMIS,,Number of PW provided full Course 180 Iron Folic Acid (IFA) tablets,M1 Ante Natal Care (ANC),Private,Total,value in Absolute Number,
hmis_number_of_pw_provided_full_course_360_calcium_tablets_private_value_in_absolute_number,HMIS,,Number of PW provided full Course 360 Calcium tablets,M1 Ante Natal Care (ANC),Private,Total,value in Absolute Number,
hmis_number_of_pw_given_one_albendazole_tablet_after_1st_trimester_private_value_in_absolute_number,HMIS,,Number of PW given one Albendazole tablet after 1st trimester,M1 Ante Natal Care (ANC),Private,Total,value in Absolute Number,
hmis_number_of_pw_received_4_or_more_anc_check_ups_private_value_in_absolute_number,HMIS,,Number of PW received 4 or more ANC check ups,M1 Ante Natal Care (ANC),Private,Total,value in Absolute Number,
hmis_number_of_pw_given_anc_corticosteroids_in_pre_term_labour_private_value_in_absolute_number,HMIS,,Number of PW given ANC Corticosteroids in Pre Term Labour,M1 Ante Natal Care (ANC),Private,Total,value in Absolute Number,
hmis_new_cases_of_pw_with_hypertension_detected_private_value_in_absolute_number,HMIS,,New cases of PW with hypertension detected,M1 Ante Natal Care (ANC),Private,Total,value in Absolute Number,
hmis_out_of_the_new_cases_of_pw_with_hypertension_detected_cases_managed_at_institution_private_value_in_absolute_number,HMIS,,"Out of the new cases of PW with hypertension detected, cases managed at institution",M1 Ante Natal Care (ANC),Private,Total,value in Absolute Number,
hmis_number_of_eclampsia_cases_managed_during_delivery_private_value_in_absolute_number,HMIS,,Number of Eclampsia cases managed during delivery,M1 Ante Natal Care (ANC),Private,Total,value in Absolute Number,
hmis_number_of_pw_tested_for_haemoglobin_hb_4_or_more_than_4_times_for_respective_ancs_private_value_in_absolute_number,HMIS,,Number of PW tested for Haemoglobin (Hb ) 4 or more than 4 times for respective ANCs,M1 Ante Natal Care (ANC),Private,Total,value in Absolute Number,
hmis_number_of_pw_having_hb_level_11_out_of_total_tested_cases_7_1_to_10_9_private_value_in_absolute_number,HMIS,,Number of PW having Hb level<11 (out of total tested cases)(7.1 to 10.9),M1 Ante Natal Care (ANC),Private,Total,value in Absolute Number,
hmis_number_of_pw_having_hb_level_7_out_of_total_tested_cases_private_value_in_absolute_number,HMIS,,Number of PW having Hb level<7 (out of total tested cases),M1 Ante Natal Care (ANC),Private,Total,value in Absolute Number,
hmis_number_of_adolscent_adult_deaths_due_to_known_chronic_disease_public_value_in_absolute_number,HMIS,,Number of Adolscent / Adult deaths due to Known Chronic Disease,M16 Details of deaths reported with probable causes:,Public,Total,value in Absolute Number,
hmis_number_of_adolscent_adult_deaths_due_to_causes_not_known_public_value_in_absolute_number,HMIS,,Number of Adolscent / Adult deaths due to Causes not known,M16 Details of deaths reported with probable causes:,Public,Total,value in Absolute Number,
hmis_number_of_deaths_due_to_malaria_plasmodium_vivax_public_value_in_absolute_number,HMIS,,Number of Deaths due to Malaria- Plasmodium Vivax,M16 Details of deaths reported with probable causes:,Public,Total,value in Absolute Number,
hmis_number_of_deaths_due_to_malaria_plasmodium_falciparum_public_value_in_absolute_number,HMIS,,Number of Deaths due to Malaria- Plasmodium Falciparum,M16 Details of deaths reported with probable causes:,Public,Total,value in Absolute Number,
hmis_number_of_deaths_due_to_kala_azar_public_value_in_absolute_number,HMIS,,Number of Deaths due to Kala Azar,M16 Details of deaths reported with probable causes:,Public,Total,value in Absolute Number,
hmis_number_of_deaths_due_to_dengue_public_value_in_absolute_number,HMIS,,Number of Deaths due to Dengue,M16 Details of deaths reported with probable causes:,Public,Total,value in Absolute Number,
hmis_number_of_deaths_due_to_acute_encephelitis_syndrome_aes_public_value_in_absolute_number,HMIS,,Number of Deaths due to Acute Encephelitis Syndrome (AES),M16 Details of deaths reported with probable causes:,Public,Total,value in Absolute Number,
hmis_number_of_deaths_due_to_japanese_encephalitis_je_public_value_in_absolute_number,HMIS,,Number of Deaths due to Japanese Encephalitis (JE),M16 Details of deaths reported with probable causes:,Public,Total,value in Absolute Number,
hmis_number_of_maternal_deaths_due_to_obstructed_prolonged_labour_public_value_in_absolute_number,HMIS,,Number of Maternal Deaths due to Obstructed/prolonged labour,M16 Details of deaths reported with probable causes:,Public,Total,value in Absolute Number,
hmis_number_of_maternal_deaths_due_to_severe_hypertension_fits_public_value_in_absolute_number,HMIS,,Number of Maternal Deaths due to Severe hypertension/fits,M16 Details of deaths reported with probable causes:,Public,Total,value in Absolute Number,
hmis_number_of_maternal_deaths_due_to_other_causes_including_causes_not_known_public_value_in_absolute_number,HMIS,,Number of Maternal Deaths due to Other Causes (including causes not known),M16 Details of deaths reported with probable causes:,Public,Total,value in Absolute Number,
hmis_total_facility_based_maternal_death_reviews_fbmdr_done_public_value_in_absolute_number,HMIS,,Total Facility Based Maternal Death Reviews (FBMDR) done,M16 Details of deaths reported with probable causes:,Public,Total,value in Absolute Number,
hmis_number_of_adolscent_adult_deaths_due_to_diarrhoeal_diseases_public_value_in_absolute_number,HMIS,,Number of Adolscent / Adult deaths due to Diarrhoeal diseases,M16 Details of deaths reported with probable causes:,Public,Total,value in Absolute Number,
hmis_number_of_adolscent_adult_deaths_due_to_tuberculosis_public_value_in_absolute_number,HMIS,,Number of Adolscent / Adult deaths due to Tuberculosis,M16 Details of deaths reported with probable causes:,Public,Total,value in Absolute Number,
hmis_number_of_adolscent_adult_deaths_due_to_respiratory_diseases_including_infections_other_than_tb_public_value_in_absolute_number,HMIS,,Number of Adolscent / Adult deaths due to Respiratory diseases including infections (other than TB),M16 Details of deaths reported with probable causes:,Public,Total,value in Absolute Number,
hmis_number_of_adolscent_adult_deaths_due_to_other_fever_related_public_value_in_absolute_number,HMIS,,Number of Adolscent / Adult deaths due to Other Fever Related,M16 Details of deaths reported with probable causes:,Public,Total,value in Absolute Number,
hmis_number_of_adolscent_adult_deaths_due_to_hiv_aids_public_value_in_absolute_number,HMIS,,Number of Adolscent / Adult deaths due to HIV/AIDS,M16 Details of deaths reported with probable causes:,Public,Total,value in Absolute Number,
hmis_number_of_adolscent_adult_deaths_due_to_heart_disease_hypertension_related_public_value_in_absolute_number,HMIS,,Number of Adolscent / Adult deaths due to Heart disease/Hypertension related,M16 Details of deaths reported with probable causes:,Public,Total,value in Absolute Number,
hmis_number_of_adolscent_adult_deaths_due_to_cancer_public_value_in_absolute_number,HMIS,,Number of Adolscent / Adult deaths due to Cancer,M16 Details of deaths reported with probable causes:,Public,Total,value in Absolute Number,
hmis_number_of_adolscent_adult_deaths_due_to_neurological_disease_including_strokes_public_value_in_absolute_number,HMIS,,Number of Adolscent / Adult deaths due to Neurological disease including strokes,M16 Details of deaths reported with probable causes:,Public,Total,value in Absolute Number,
hmis_number_of_adolscent_adult_deaths_due_to_accidents_burn_cases_public_value_in_absolute_number,HMIS,,Number of Adolscent / Adult deaths due to Accidents/Burn cases,M16 Details of deaths reported with probable causes:,Public,Total,value in Absolute Number,
hmis_number_of_adolscent_adult_deaths_due_to_suicide_public_value_in_absolute_number,HMIS,,Number of Adolscent / Adult deaths due to Suicide,M16 Details of deaths reported with probable causes:,Public,Total,value in Absolute Number,
hmis_number_of_adolscent_adult_deaths_due_to_animal_bites_and_stings_public_value_in_absolute_number,HMIS,,Number of Adolscent / Adult deaths due to Animal bites and stings,M16 Details of deaths reported with probable causes:,Public,Total,value in Absolute Number,
hmis_number_of_adolscent_adult_deaths_due_to_known_acute_disease_public_value_in_absolute_number,HMIS,,Number of Adolscent / Adult deaths due to Known Acute Disease,M16 Details of deaths reported with probable causes:,Public,Total,value in Absolute Number,
hmis_infant_deaths_up_to_4_weeks_due_to_sepsis_public_value_in_absolute_number,HMIS,,Infant Deaths up to 4 weeks due to Sepsis,M16 Details of deaths reported with probable causes:,Public,Total,value in Absolute Number,
hmis_infant_deaths_up_to_4_weeks_due_to_asphyxia_public_value_in_absolute_number,HMIS,,Infant Deaths up to 4 weeks due to Asphyxia,M16 Details of deaths reported with probable causes:,Public,Total,value in Absolute Number,
hmis_infant_deaths_up_to_4_weeks_due_to_other_causes_public_value_in_absolute_number,HMIS,,Infant Deaths up to 4 weeks due to Other causes,M16 Details of deaths reported with probable causes:,Public,Total,value in Absolute Number,
hmis_number_of_infant_deaths_1_12_months_due_to_pneumonia_public_value_in_absolute_number,HMIS,,Number of Infant Deaths (1 -12 months) due to Pneumonia,M16 Details of deaths reported with probable causes:,Public,Total,value in Absolute Number,
hmis_number_of_infant_deaths_1_12_months_due_to_diarrhoea_public_value_in_absolute_number,HMIS,,Number of Infant Deaths (1 -12 months) due to Diarrhoea,M16 Details of deaths reported with probable causes:,Public,Total,value in Absolute Number,
hmis_number_of_infant_deaths_1_12_months_due_to_fever_related_public_value_in_absolute_number,HMIS,,Number of Infant Deaths (1 -12 months) due to Fever related,M16 Details of deaths reported with probable causes:,Public,Total,value in Absolute Number,
hmis_number_of_infant_deaths_1_12_months_due_to_measles_public_value_in_absolute_number,HMIS,,Number of Infant Deaths (1 -12 months) due to Measles,M16 Details of deaths reported with probable causes:,Public,Total,value in Absolute Number,
hmis_number_of_infant_deaths_1_12_months_due_to_others_public_value_in_absolute_number,HMIS,,Number of Infant Deaths (1 -12 months) due to Others,M16 Details of deaths reported with probable causes:,Public,Total,value in Absolute Number,
hmis_number_of_child_deaths_1_5_years_due_to_pneumonia_public_value_in_absolute_number,HMIS,,Number of Child Deaths (1 -5 years) due to Pneumonia,M16 Details of deaths reported with probable causes:,Public,Total,value in Absolute Number,
hmis_number_of_child_deaths_1_5_years_due_to_diarrhoea_public_value_in_absolute_number,HMIS,,Number of Child Deaths (1 -5 years) due to Diarrhoea,M16 Details of deaths reported with probable causes:,Public,Total,value in Absolute Number,
hmis_number_of_child_deaths_1_5_years_due_to_fever_related_public_value_in_absolute_number,HMIS,,Number of Child Deaths (1 -5 years) due to Fever related,M16 Details of deaths reported with probable causes:,Public,Total,value in Absolute Number,
hmis_number_of_child_deaths_1_5_years_due_to_measles_public_value_in_absolute_number,HMIS,,Number of Child Deaths (1 -5 years) due to Measles,M16 Details of deaths reported with probable causes:,Public,Total,value in Absolute Number,
hmis_number_of_child_deaths_1_5_years_due_to_others_public_value_in_absolute_number,HMIS,,Number of Child Deaths (1 -5 years) due to Others,M16 Details of deaths reported with probable causes:,Public,Total,value in Absolute Number,
hmis_number_of_maternal_deaths_due_to_bleeding_public_value_in_absolute_number,HMIS,,Number of Maternal Deaths due to Bleeding,M16 Details of deaths reported with probable causes:,Public,Total,value in Absolute Number,
hmis_number_of_maternal_deaths_due_to_high_fever_public_value_in_absolute_number,HMIS,,Number of Maternal Deaths due to High fever,M16 Details of deaths reported with probable causes:,Public,Total,value in Absolute Number,
hmis_number_of_maternal_deaths_due_to_abortion_public_value_in_absolute_number,HMIS,,Number of Maternal Deaths due to Abortion,M16 Details of deaths reported with probable causes:,Public,Total,value in Absolute Number,
hmis_male_hiv_number_tested_by_finger_prick_test_public_value_in_absolute_number,HMIS,,Male HIV - Number Tested (by finger prick test),M15 Laboratory Testing,Public,Total,value in Absolute Number,
hmis_male_hiv_number_positive_public_value_in_absolute_number,HMIS,,Male HIV - Number Positive,M15 Laboratory Testing,Public,Total,value in Absolute Number,
hmis_female_non_anc_hiv_number_tested_by_finger_prick_test_public_value_in_absolute_number,HMIS,,Female Non ANC HIV - Number Tested (by finger prick test),M15 Laboratory Testing,Public,Total,value in Absolute Number,
hmis_female_non_anc_hiv_number_positive_public_value_in_absolute_number,HMIS,,Female Non ANC HIV - Number Positive,M15 Laboratory Testing,Public,Total,value in Absolute Number,
hmis_number_of_pregnant_women_screened_for_hiv_by_finger_prick_test_public_value_in_absolute_number,HMIS,,Number of pregnant women screened for HIV (by finger prick test),M15 Laboratory Testing,Public,Total,value in Absolute Number,
hmis_out_of_the_above_number_screened_positive_public_value_in_absolute_number,HMIS,,"Out of the above, number screened positive",M15 Laboratory Testing,Public,Total,value in Absolute Number,
hmis_out_of_the_above_number_screened_positive_number_confirmed_with_hiv_infection_at_integrated_counselling_and_testing_centre_ictc_public_value_in_absolute_number,HMIS,,"Out of the above number screened positive, number confirmed with HIV infection at Integrated Counselling and Testing Centre (ICTC)",M15 Laboratory Testing,Public,Total,value in Absolute Number,
hmis_number_of_male_sti_rti_attendees_tested_for_syphilis_public_value_in_absolute_number,HMIS,,Number of Male STI/RTI attendees tested for syphilis,M15 Laboratory Testing,Public,Total,value in Absolute Number,
hmis_number_of_male_sti_rti_attendeees_found_sero_positive_for_syphilis_public_value_in_absolute_number,HMIS,,Number of Male STI/RTI attendeees found sero Positive for syphilis,M15 Laboratory Testing,Public,Total,value in Absolute Number,
hmis_number_of_female_non_anc_sti_rti_attendees_tested_for_syphilis_public_value_in_absolute_number,HMIS,,Number of Female (Non ANC)STI/RTI attendees tested for syphilis,M15 Laboratory Testing,Public,Total,value in Absolute Number,
hmis_number_of_female_non_anc_sti_rti_attendees_found_sero_positive_for_syphilis_public_value_in_absolute_number,HMIS,,Number of Female (Non ANC) STI/RTI attendees found sero Positive for syphilis,M15 Laboratory Testing,Public,Total,value in Absolute Number,
hmis_widal_tests_number_tested_public_value_in_absolute_number,HMIS,,Widal tests - Number Tested,M15 Laboratory Testing,Public,Total,value in Absolute Number,
hmis_widal_tests_number_positive_public_value_in_absolute_number,HMIS,,Widal tests - Number Positive,M15 Laboratory Testing,Public,Total,value in Absolute Number,
hmis_radiology_x_ray_public_value_in_absolute_number,HMIS,,Radiology - X-ray,M15 Laboratory Testing,Public,Total,value in Absolute Number,
hmis_radiology_ultrasonography_usg_public_value_in_absolute_number,HMIS,,Radiology - Ultrasonography (USG),M15 Laboratory Testing,Public,Total,value in Absolute Number,
hmis_infant_deaths_within_24_hours_1_to_23_hours_of_birth_public_value_in_absolute_number,HMIS,,Infant deaths within 24 hours (1 to 23 hours) of birth,M16 Details of deaths reported with probable causes:,Public,Total,value in Absolute Number,
hmis_special_newborn_care_unit_sncu_admissions_inborn_female_public_value_in_absolute_number,HMIS,,Special Newborn Care Unit (SNCU Admissions) - Inborn Female,M14 Patient Services,Public,Total,value in Absolute Number,
hmis_outborn_male_public_value_in_absolute_number,HMIS,,Outborn – Male,M14 Patient Services,Public,Total,value in Absolute Number,
hmis_outborn_female_public_value_in_absolute_number,HMIS,,Outborn - Female,M14 Patient Services,Public,Total,value in Absolute Number,
hmis_number_of_newborns_admitted_in_sncu_referred_by_asha_public_value_in_absolute_number,HMIS,,Number of newborns admitted in SNCU - referred by ASHA,M14 Patient Services,Public,Total,value in Absolute Number,
hmis_number_of_deaths_occurring_at_sncu_public_value_in_absolute_number,HMIS,,Number of deaths occurring at SNCU,M14 Patient Services,Public,Total,value in Absolute Number,
hmis_number_of_children_admitted_in_nrc_public_value_in_absolute_number,HMIS,,Number of children admitted in NRC,M14 Patient Services,Public,Total,value in Absolute Number,
hmis_number_of_children_discharged_with_target_weight_gain_from_the_nrcs_public_value_in_absolute_number,HMIS,,Number of children discharged with target weight gain from the NRCs,M14 Patient Services,Public,Total,value in Absolute Number,
hmis_number_of_rogi_kalyan_samiti_rks_meetings_held_public_value_in_absolute_number,HMIS,,Number of Rogi Kalyan Samiti (RKS) meetings held,M14 Patient Services,Public,Total,value in Absolute Number,
hmis_number_of_anganwadi_centres_uphcs_reported_to_have_conducted_village_health_nutrition_day_vhnds_urban_health_nutrition_day_uhnds_outreach_special_outreach_public_value_in_abso,HMIS,,Number of Anganwadi centres/ UPHCs reported to have conducted Village Health & Nutrition Day (VHNDs)/ Urban Health & Nutrition Day (UHNDs)/ Outreach / Special Outreach,M14 Patient Services,Public,Total,value in Absolute Number,
hmis_stock_out_rate_of_essential_drugs_public_value_in_absolute_number,HMIS,,Stock out rate of essential Drugs,M14 Patient Services,Public,Total,value in Absolute Number,
hmis_blood_units_issued_on_replacement_any_donors_to_be_considered_as_replacement_donations_public_value_in_absolute_number,HMIS,,Blood Units Issued on replacement (Any Donors to be considered as replacement donations),M14 Patient Services,Public,Total,value in Absolute Number,
hmis_total_number_of_blood_units_issued_in_month_public_value_in_absolute_number,HMIS,,Total number of blood units issued in month,M14 Patient Services,Public,Total,value in Absolute Number,
hmis_patient_satisfaction_score_of_the_facility_in_percentage_from_mera_aspatal_public_value_in_absolute_number,HMIS,,Patient Satisfaction Score of the facility in percentage (from Mera Aspatal),M14 Patient Services,Public,Total,value in Absolute Number,
hmis_number_of_lab_tests_done_public_value_in_absolute_number,HMIS,,Number of Lab Tests done,M15 Laboratory Testing,Public,Total,value in Absolute Number,
hmis_number_of_hb_tests_conducted_public_value_in_absolute_number,HMIS,,Number of Hb tests conducted,M15 Laboratory Testing,Public,Total,value in Absolute Number,
hmis_out_of_the_total_number_of_hb_tests_done_number_having_hb_7_mg_public_value_in_absolute_number,HMIS,,"Out of the total number of Hb tests done, Number having Hb < 7 mg",M15 Laboratory Testing,Public,Total,value in Absolute Number,
hmis_emergency_snake_bite_public_value_in_absolute_number,HMIS,,Emergency - Snake Bite,M14 Patient Services,Public,Total,value in Absolute Number,
hmis_emergency_acute_caridiac_emergencies_public_value_in_absolute_number,HMIS,,Emergency - Acute Caridiac Emergencies,M14 Patient Services,Public,Total,value in Absolute Number,
hmis_emergency_cva_cerebovascular_disease_public_value_in_absolute_number,HMIS,,Emergency - CVA ( Cerebovascular Disease),M14 Patient Services,Public,Total,value in Absolute Number,
hmis_number_of_deaths_occurring_at_emergency_department_public_value_in_absolute_number,HMIS,,Number of deaths occurring at Emergency Department,M14 Patient Services,Public,Total,value in Absolute Number,
hmis_operation_major_general_and_spinal_anaesthesia_public_value_in_absolute_number,HMIS,,Operation major (General and spinal anaesthesia),M14 Patient Services,Public,Total,value in Absolute Number,
hmis_out_of_operation_major_gynecology_hysterectomy_surgeries_public_value_in_absolute_number,HMIS,,"Out of Operation major, Gynecology- Hysterectomy surgeries",M14 Patient Services,Public,Total,value in Absolute Number,
hmis_major_surgeries_excluding_obstetrics_gynaecology_and_opthalmology_etc_public_value_in_absolute_number,HMIS,,"Major Surgeries excluding Obstetrics, Gynaecology and Opthalmology etc.",M14 Patient Services,Public,Total,value in Absolute Number,
hmis_operation_minor_no_or_local_anaesthesia_public_value_in_absolute_number,HMIS,,Operation minor (No or local anaesthesia),M14 Patient Services,Public,Total,value in Absolute Number,
hmis_number_of_post_operative_surgical_site_infection_public_value_in_absolute_number,HMIS,,Number of post operative Surgical Site infection,M14 Patient Services,Public,Total,value in Absolute Number,
hmis_number_of_blood_units_issued_public_value_in_absolute_number,HMIS,,Number of blood units issued,M14 Patient Services,Public,Total,value in Absolute Number,
hmis_number_of_blood_transfusions_done_public_value_in_absolute_number,HMIS,,Number of blood transfusions done,M14 Patient Services,Public,Total,value in Absolute Number,
hmis_inpatient_deaths_male_public_value_in_absolute_number,HMIS,,Inpatient Deaths - Male,M14 Patient Services,Public,Total,value in Absolute Number,
hmis_inpatient_deaths_female_public_value_in_absolute_number,HMIS,,Inpatient Deaths - Female,M14 Patient Services,Public,Total,value in Absolute Number,
hmis_in_patient_head_count_at_midnight_public_value_in_absolute_number,HMIS,,In-Patient Head Count at midnight,M14 Patient Services,Public,Total,value in Absolute Number,
hmis_number_of_admission_in_nbsu_new_born_stabilisation_unit_public_value_in_absolute_number,HMIS,,Number of Admission in NBSU ( New Born Stabilisation Unit),M14 Patient Services,Public,Total,value in Absolute Number,
hmis_special_newborn_care_unit_sncu_admissions_inborn_male_public_value_in_absolute_number,HMIS,,Special Newborn Care Unit (SNCU Admissions) - Inborn Male,M14 Patient Services,Public,Total,value in Absolute Number,
hmis_inpatient_male_adults_public_value_in_absolute_number,HMIS,,Inpatient (Male)- Adults,M14 Patient Services,Public,Total,value in Absolute Number,
hmis_inpatient_female_children_18_years_public_value_in_absolute_number,HMIS,,Inpatient (Female) - Children < 18 years,M14 Patient Services,Public,Total,value in Absolute Number,
hmis_inpatient_female_adults_public_value_in_absolute_number,HMIS,,Inpatient (Female)- Adults,M14 Patient Services,Public,Total,value in Absolute Number,
hmis_number_of_left_against_medical_advice_lama_cases_public_value_in_absolute_number,HMIS,,Number of Left Against Medical Advice (LAMA) cases,M14 Patient Services,Public,Total,value in Absolute Number,
hmis_inpatient_malaria_public_value_in_absolute_number,HMIS,,Inpatient - Malaria,M14 Patient Services,Public,Total,value in Absolute Number,
hmis_inpatient_dengue_public_value_in_absolute_number,HMIS,,Inpatient - Dengue,M14 Patient Services,Public,Total,value in Absolute Number,
hmis_inpatient_typhoid_public_value_in_absolute_number,HMIS,,Inpatient - Typhoid,M14 Patient Services,Public,Total,value in Absolute Number,
hmis_inpatient_asthma_chronic_obstructive_pulmonary_disease_copd_respiratory_infections_public_value_in_absolute_number,HMIS,,"Inpatient - Asthma, Chronic Obstructive Pulmonary Disease (COPD), Respiratory infections",M14 Patient Services,Public,Total,value in Absolute Number,
hmis_inpatient_tuberculosis_public_value_in_absolute_number,HMIS,,Inpatient - Tuberculosis,M14 Patient Services,Public,Total,value in Absolute Number,
hmis_inpatient_pyrexia_of_unknown_origin_puo_public_value_in_absolute_number,HMIS,,Inpatient - Pyrexia of unknown origin (PUO),M14 Patient Services,Public,Total,value in Absolute Number,
hmis_inpatient_diarrhea_with_dehydration_public_value_in_absolute_number,HMIS,,Inpatient - Diarrhea with dehydration,M14 Patient Services,Public,Total,value in Absolute Number,
hmis_inpatient_hepatitis_public_value_in_absolute_number,HMIS,,Inpatient - Hepatitis,M14 Patient Services,Public,Total,value in Absolute Number,
hmis_patients_registered_at_emergency_department_public_value_in_absolute_number,HMIS,,Patients registered at Emergency Department,M14 Patient Services,Public,Total,value in Absolute Number,
hmis_emergency_trauma_accident_injury_poisoning_etc_public_value_in_absolute_number,HMIS,,"Emergency - Trauma ( accident, injury, poisoning etc)",M14 Patient Services,Public,Total,value in Absolute Number,
hmis_emergency_burn_public_value_in_absolute_number,HMIS,,Emergency - Burn,M14 Patient Services,Public,Total,value in Absolute Number,
hmis_emergency_obstetrics_complications_public_value_in_absolute_number,HMIS,,Emergency - Obstetrics complications,M14 Patient Services,Public,Total,value in Absolute Number,
hmis_out_of_registered_girls_received_counselling_public_value_in_absolute_number,HMIS,,"Out of registered, Girls received counselling",M12 Adolscent Health,Public,Total,value in Absolute Number,
hmis_out_of_registered_boys_received_counselling_public_value_in_absolute_number,HMIS,,"Out of registered, Boys received counselling",M12 Adolscent Health,Public,Total,value in Absolute Number,
hmis_number_of_on_going_dots_patients_registered_public_value_in_absolute_number,HMIS,,Number of on-going DOTS patients registered,"M13 Directly Observed Treatment, Short-course (DOTS)",Public,Total,value in Absolute Number,
hmis_number_of_dots_cases_completed_successfully_public_value_in_absolute_number,HMIS,,Number of DOTS cases completed successfully,"M13 Directly Observed Treatment, Short-course (DOTS)",Public,Total,value in Absolute Number,
hmis_outpatient_diabetes_public_value_in_absolute_number,HMIS,,Outpatient - Diabetes,M14 Patient Services,Public,Total,value in Absolute Number,
hmis_outpatient_hypertension_public_value_in_absolute_number,HMIS,,Outpatient - Hypertension,M14 Patient Services,Public,Total,value in Absolute Number,
hmis_outpatient_stroke_paralysis_public_value_in_absolute_number,HMIS,,Outpatient - Stroke (Paralysis),M14 Patient Services,Public,Total,value in Absolute Number,
hmis_outpatient_acute_heart_diseases_public_value_in_absolute_number,HMIS,,Outpatient - Acute Heart Diseases,M14 Patient Services,Public,Total,value in Absolute Number,
hmis_outpatient_mental_illness_public_value_in_absolute_number,HMIS,,Outpatient - Mental illness,M14 Patient Services,Public,Total,value in Absolute Number,
hmis_outpatient_epilepsy_public_value_in_absolute_number,HMIS,,Outpatient - Epilepsy,M14 Patient Services,Public,Total,value in Absolute Number,
hmis_outpatient_ophthalmic_related_public_value_in_absolute_number,HMIS,,Outpatient - Ophthalmic Related,M14 Patient Services,Public,Total,value in Absolute Number,
hmis_outpatient_dental_public_value_in_absolute_number,HMIS,,Outpatient - Dental,M14 Patient Services,Public,Total,value in Absolute Number,
hmis_outpatient_oncology_public_value_in_absolute_number,HMIS,,Outpatient - Oncology,M14 Patient Services,Public,Total,value in Absolute Number,
hmis_allopathic_outpatient_attendance_public_value_in_absolute_number,HMIS,,Allopathic- Outpatient attendance,M14 Patient Services,Public,Total,value in Absolute Number,
hmis_ayush_outpatient_attendance_public_value_in_absolute_number,HMIS,,Ayush - Outpatient attendance,M14 Patient Services,Public,Total,value in Absolute Number,
hmis_inpatient_male_children_18_years_public_value_in_absolute_number,HMIS,,Inpatient (Male) - Children < 18 years,M14 Patient Services,Public,Total,value in Absolute Number,
hmis_malaria_microscopy_tests_plasmodium_vivax_test_positive_public_value_in_absolute_number,HMIS,,Malaria (Microscopy Tests ) - Plasmodium Vivax test positive,M11 NVBDCP,Public,Total,value in Absolute Number,
hmis_malaria_microscopy_tests_plasmodium_falciparum_test_positive_public_value_in_absolute_number,HMIS,,Malaria (Microscopy Tests ) - Plasmodium Falciparum test positive,M11 NVBDCP,Public,Total,value in Absolute Number,
hmis_rdt_conducted_for_malaria_public_value_in_absolute_number,HMIS,,RDT conducted for Malaria,M11 NVBDCP,Public,Total,value in Absolute Number,
hmis_malaria_rdt_plasmodium_vivax_test_positive_public_value_in_absolute_number,HMIS,,Malaria (RDT) - Plasmodium Vivax test positive,M11 NVBDCP,Public,Total,value in Absolute Number,
hmis_malaria_rdt_plamodium_falciparum_test_positive_public_value_in_absolute_number,HMIS,,Malaria (RDT) - Plamodium Falciparum test positive,M11 NVBDCP,Public,Total,value in Absolute Number,
hmis_kala_azar_rdt_tests_conducted_public_value_in_absolute_number,HMIS,,Kala Azar (RDT) - Tests Conducted,M11 NVBDCP,Public,Total,value in Absolute Number,
hmis_kala_azar_positive_cases_public_value_in_absolute_number,HMIS,,Kala Azar Positive Cases,M11 NVBDCP,Public,Total,value in Absolute Number,
hmis_post_kala_azar_dermal_leishmaniasis_pkdl_cases_public_value_in_absolute_number,HMIS,,Post-kala-azar dermal leishmaniasis (PKDL) cases,M11 NVBDCP,Public,Total,value in Absolute Number,
hmis_dengue_rdt_test_positive_public_value_in_absolute_number,HMIS,,Dengue - RDT Test Positive,M11 NVBDCP,Public,Total,value in Absolute Number,
hmis_dengue_enzyme_linked_immuno_sorbent_assay_elisa_test_positive_public_value_in_absolute_number,HMIS,,Dengue - Enzyme- Linked Immuno Sorbent Assay (ELISA) Test Positive,M11 NVBDCP,Public,Total,value in Absolute Number,
hmis_tests_conducted_for_je_public_value_in_absolute_number,HMIS,,Tests Conducted for JE,M11 NVBDCP,Public,Total,value in Absolute Number,
hmis_tests_positive_for_je_public_value_in_absolute_number,HMIS,,Tests Positive for JE,M11 NVBDCP,Public,Total,value in Absolute Number,
hmis_girls_registered_in_afhc_public_value_in_absolute_number,HMIS,,Girls registered in AFHC,M12 Adolscent Health,Public,Total,value in Absolute Number,
hmis_boys_registered_in_afhc_public_value_in_absolute_number,HMIS,,Boys registered in AFHC,M12 Adolscent Health,Public,Total,value in Absolute Number,
hmis_out_of_registered_girls_received_clinical_services_public_value_in_absolute_number,HMIS,,"Out of registered, Girls received clinical services",M12 Adolscent Health,Public,Total,value in Absolute Number,
hmis_out_of_registered_boys_received_clinical_services_public_value_in_absolute_number,HMIS,,"Out of registered, Boys received clinical services",M12 Adolscent Health,Public,Total,value in Absolute Number,
hmis_number_of_severely_underweight_children_provided_health_checkup_0_5_years_public_value_in_absolute_number,HMIS,,Number of severely underweight children provided Health Checkup (0-5 years),M9 CHILD IMMUNISATION,Public,Total,value in Absolute Number,
hmis_childhood_diseases_pneumonia_public_value_in_absolute_number,HMIS,,Childhood Diseases - Pneumonia,M10 Number of cases of Childhood Diseases (0-5 years),Public,Total,value in Absolute Number,
hmis_childhood_diseases_asthma_public_value_in_absolute_number,HMIS,,Childhood Diseases - Asthma,M10 Number of cases of Childhood Diseases (0-5 years),Public,Total,value in Absolute Number,
hmis_childhood_diseases_sepsis_public_value_in_absolute_number,HMIS,,Childhood Diseases - Sepsis,M10 Number of cases of Childhood Diseases (0-5 years),Public,Total,value in Absolute Number,
hmis_childhood_diseases_diphtheria_public_value_in_absolute_number,HMIS,,Childhood Diseases - Diphtheria,M10 Number of cases of Childhood Diseases (0-5 years),Public,Total,value in Absolute Number,
hmis_childhood_diseases_pertussis_public_value_in_absolute_number,HMIS,,Childhood Diseases - Pertussis,M10 Number of cases of Childhood Diseases (0-5 years),Public,Total,value in Absolute Number,
hmis_childhood_diseases_tetanus_neonatorum_public_value_in_absolute_number,HMIS,,Childhood Diseases - Tetanus Neonatorum,M10 Number of cases of Childhood Diseases (0-5 years),Public,Total,value in Absolute Number,
hmis_childhood_diseases_tuberculosis_tb_public_value_in_absolute_number,HMIS,,Childhood Diseases - Tuberculosis (TB),M10 Number of cases of Childhood Diseases (0-5 years),Public,Total,value in Absolute Number,
hmis_childhood_diseases_acute_flaccid_paralysis_afp_public_value_in_absolute_number,HMIS,,Childhood Diseases - Acute Flaccid Paralysis(AFP),M10 Number of cases of Childhood Diseases (0-5 years),Public,Total,value in Absolute Number,
hmis_childhood_diseases_measles_public_value_in_absolute_number,HMIS,,Childhood Diseases - Measles,M10 Number of cases of Childhood Diseases (0-5 years),Public,Total,value in Absolute Number,
hmis_childhood_diseases_malaria_public_value_in_absolute_number,HMIS,,Childhood Diseases - Malaria,M10 Number of cases of Childhood Diseases (0-5 years),Public,Total,value in Absolute Number,
hmis_childhood_diseases_diarrhoea_public_value_in_absolute_number,HMIS,,Childhood Diseases - Diarrhoea,M10 Number of cases of Childhood Diseases (0-5 years),Public,Total,value in Absolute Number,
hmis_childhood_diseases_diarrhoea_treated_in_inpatients_public_value_in_absolute_number,HMIS,,Childhood Diseases - Diarrhoea treated in Inpatients,M10 Number of cases of Childhood Diseases (0-5 years),Public,Total,value in Absolute Number,
hmis_children_admitted_with_respiratory_infections_public_value_in_absolute_number,HMIS,,Children admitted with Respiratory Infections,M10 Number of cases of Childhood Diseases (0-5 years),Public,Total,value in Absolute Number,
hmis_childhood_diseases_severe_acute_malnutrition_sam_public_value_in_absolute_number,HMIS,,Childhood Diseases - Severe Acute Malnutrition (SAM),M10 Number of cases of Childhood Diseases (0-5 years),Public,Total,value in Absolute Number,
hmis_total_blood_smears_examined_for_malaria_public_value_in_absolute_number,HMIS,,Total Blood Smears Examined for Malaria,M11 NVBDCP,Public,Total,value in Absolute Number,
hmis_number_of_children_more_than_16_months_of_age_who_received_japanese_encephalitis_je_vaccine_public_value_in_absolute_number,HMIS,,Number of children more than 16 months of age who received Japanese Encephalitis (JE) vaccine,M9 CHILD IMMUNISATION,Public,Total,value in Absolute Number,
hmis_child_immunisation_typhoid_public_value_in_absolute_number,HMIS,,Child immunisation - Typhoid,M9 CHILD IMMUNISATION,Public,Total,value in Absolute Number,
hmis_children_more_than_5_years_received_dpt5_2nd_booster_public_value_in_absolute_number,HMIS,,Children more than 5 years received DPT5 (2nd Booster),M9 CHILD IMMUNISATION,Public,Total,value in Absolute Number,
hmis_children_more_than_10_years_received_tt10_td10_public_value_in_absolute_number,HMIS,,Children more than 10 years received TT10/ Td10,M9 CHILD IMMUNISATION,Public,Total,value in Absolute Number,
hmis_children_more_than_16_years_received_tt16_td16_public_value_in_absolute_number,HMIS,,Children more than 16 years received TT16/ Td16,M9 CHILD IMMUNISATION,Public,Total,value in Absolute Number,
hmis_number_of_cases_of_aefi_abscess_public_value_in_absolute_number,HMIS,,Number of cases of AEFI - Abscess,M9 CHILD IMMUNISATION,Public,Total,value in Absolute Number,
hmis_number_of_cases_of_aefi_death_public_value_in_absolute_number,HMIS,,Number of cases of AEFI - Death,M9 CHILD IMMUNISATION,Public,Total,value in Absolute Number,
hmis_number_of_cases_of_aefi_others_public_value_in_absolute_number,HMIS,,Number of cases of AEFI - Others,M9 CHILD IMMUNISATION,Public,Total,value in Absolute Number,
hmis_immunisation_sessions_planned_public_value_in_absolute_number,HMIS,,Immunisation sessions planned,M9 CHILD IMMUNISATION,Public,Total,value in Absolute Number,
hmis_immunisation_sessions_held_public_value_in_absolute_number,HMIS,,Immunisation sessions held,M9 CHILD IMMUNISATION,Public,Total,value in Absolute Number,
hmis_number_of_immunisation_sessions_where_ashas_were_present_public_value_in_absolute_number,HMIS,,Number of Immunisation sessions where ASHAs were present,M9 CHILD IMMUNISATION,Public,Total,value in Absolute Number,
hmis_child_immunisation_vitamin_a_dose_1_public_value_in_absolute_number,HMIS,,Child immunisation - Vitamin A Dose - 1,M9 CHILD IMMUNISATION,Public,Total,value in Absolute Number,
hmis_child_immunisation_vitamin_a_dose_5_public_value_in_absolute_number,HMIS,,Child immunisation - Vitamin A Dose - 5,M9 CHILD IMMUNISATION,Public,Total,value in Absolute Number,
hmis_child_immunisation_vitamin_a_dose_9_public_value_in_absolute_number,HMIS,,Child immunisation - Vitamin A Dose - 9,M9 CHILD IMMUNISATION,Public,Total,value in Absolute Number,
hmis_number_of_children_6_59_months_provided_8_10_doses_1ml_of_ifa_syrup_bi_weekly_public_value_in_absolute_number,HMIS,,Number of children (6-59 months) provided 8-10 doses (1ml) of IFA syrup (Bi weekly),M9 CHILD IMMUNISATION,Public,Total,value in Absolute Number,
hmis_number_of_children_12_59_months_provided_albendazole_public_value_in_absolute_number,HMIS,,Number of children (12-59 months) provided Albendazole,M9 CHILD IMMUNISATION,Public,Total,value in Absolute Number,
hmis_child_immunisation_pcv_2_public_value_in_absolute_number,HMIS,,Child Immunisation- PCV 2,M9 CHILD IMMUNISATION,Public,Total,value in Absolute Number,
hmis_child_immunisation_pcv_booster_public_value_in_absolute_number,HMIS,,Child Immunisation- PCV Booster,M9 CHILD IMMUNISATION,Public,Total,value in Absolute Number,
hmis_child_immunisation_9_11months_measles_rubella_mr_measles_containing_vaccine_mcv_1st_dose_public_value_in_absolute_number,HMIS,,Child immunisation (9-11months) - Measles & Rubella (MR)/ Measles containing vaccine(MCV) - 1st Dose,M9 CHILD IMMUNISATION,Public,Total,value in Absolute Number,
hmis_child_immunisation_9_11months_measles_1st_dose_public_value_in_absolute_number,HMIS,,Child immunisation (9-11months) - Measles 1st dose,M9 CHILD IMMUNISATION,Public,Total,value in Absolute Number,
hmis_child_immunisation_9_11months_je_1st_dose_public_value_in_absolute_number,HMIS,,Child immunisation (9-11months) - JE 1st dose,M9 CHILD IMMUNISATION,Public,Total,value in Absolute Number,
hmis_children_aged_between_9_and_11_months_fully_immunized_male_public_value_in_absolute_number,HMIS,,Children aged between 9 and 11 months fully immunized- Male,M9 CHILD IMMUNISATION,Public,Total,value in Absolute Number,
hmis_children_aged_between_9_and_11_months_fully_immunized_female_public_value_in_absolute_number,HMIS,,Children aged between 9 and 11 months fully immunized - Female,M9 CHILD IMMUNISATION,Public,Total,value in Absolute Number,
hmis_child_immunisation_after_12_months_measles_rubella_mr_measles_containing_vaccine_mcv_1st_dose_public_value_in_absolute_number,HMIS,,Child immunisation(after 12 months) - Measles & Rubella (MR)/Measles containing vaccine(MCV)- 1st Dose,M9 CHILD IMMUNISATION,Public,Total,value in Absolute Number,
hmis_child_immunisation_after_12_months_measles_1st_dose_public_value_in_absolute_number,HMIS,,Child immunisation (after 12 months) - Measles-1st dose,M9 CHILD IMMUNISATION,Public,Total,value in Absolute Number,
hmis_child_immunisation_after_12_months_je_1st_dose_public_value_in_absolute_number,HMIS,,Child immunisation (after 12 months) - JE 1st dose,M9 CHILD IMMUNISATION,Public,Total,value in Absolute Number,
hmis_child_immunisation_measles_rubella_mr_2nd_dose_16_24_months_public_value_in_absolute_number,HMIS,,Child immunisation - Measles & Rubella (MR)- 2nd Dose (16-24 months),M9 CHILD IMMUNISATION,Public,Total,value in Absolute Number,
hmis_child_immunisation_measles_2nd_dose_more_than_16_months_public_value_in_absolute_number,HMIS,,Child immunisation - Measles 2nd dose (More than 16 months),M9 CHILD IMMUNISATION,Public,Total,value in Absolute Number,
hmis_child_immunisation_dpt_1st_booster_public_value_in_absolute_number,HMIS,,Child immunisation - DPT 1st Booster,M9 CHILD IMMUNISATION,Public,Total,value in Absolute Number,
hmis_child_immunisation_opv_booster_public_value_in_absolute_number,HMIS,,Child immunisation - OPV Booster,M9 CHILD IMMUNISATION,Public,Total,value in Absolute Number,
hmis_child_immunisation_measles_mumps_rubella_mmr_vaccine_public_value_in_absolute_number,HMIS,,"Child immunisation - Measles, Mumps, Rubella (MMR) Vaccine",M9 CHILD IMMUNISATION,Public,Total,value in Absolute Number,
hmis_child_immunisation_pentavalent_2_public_value_in_absolute_number,HMIS,,Child immunisation - Pentavalent 2,M9 CHILD IMMUNISATION,Public,Total,value in Absolute Number,
hmis_child_immunisation_pentavalent_3_public_value_in_absolute_number,HMIS,,Child immunisation - Pentavalent 3,M9 CHILD IMMUNISATION,Public,Total,value in Absolute Number,
hmis_child_immunisation_opv_0_birth_dose_public_value_in_absolute_number,HMIS,,Child immunisation - OPV 0 (Birth Dose),M9 CHILD IMMUNISATION,Public,Total,value in Absolute Number,
hmis_child_immunisation_opv1_public_value_in_absolute_number,HMIS,,Child immunisation - OPV1,M9 CHILD IMMUNISATION,Public,Total,value in Absolute Number,
hmis_child_immunisation_opv2_public_value_in_absolute_number,HMIS,,Child immunisation - OPV2,M9 CHILD IMMUNISATION,Public,Total,value in Absolute Number,
hmis_child_immunisation_opv3_public_value_in_absolute_number,HMIS,,Child immunisation - OPV3,M9 CHILD IMMUNISATION,Public,Total,value in Absolute Number,
hmis_child_immunisation_hepatitis_b0_birth_dose_public_value_in_absolute_number,HMIS,,Child immunisation - Hepatitis-B0 (Birth Dose),M9 CHILD IMMUNISATION,Public,Total,value in Absolute Number,
hmis_child_immunisation_hepatitis_b1_public_value_in_absolute_number,HMIS,,Child immunisation - Hepatitis-B1,M9 CHILD IMMUNISATION,Public,Total,value in Absolute Number,
hmis_child_immunisation_hepatitis_b2_public_value_in_absolute_number,HMIS,,Child immunisation - Hepatitis-B2,M9 CHILD IMMUNISATION,Public,Total,value in Absolute Number,
hmis_child_immunisation_hepatitis_b3_public_value_in_absolute_number,HMIS,,Child immunisation - Hepatitis-B3,M9 CHILD IMMUNISATION,Public,Total,value in Absolute Number,
hmis_child_immunisation_inactivated_injectable_polio_vaccine_1_ipv_1_public_value_in_absolute_number,HMIS,,Child immunisation - Inactivated Injectable Polio Vaccine 1 (IPV 1),M9 CHILD IMMUNISATION,Public,Total,value in Absolute Number,
hmis_child_immunisation_inactivated_injectable_polio_vaccine_2_ipv_2_public_value_in_absolute_number,HMIS,,Child immunisation - Inactivated Injectable Polio Vaccine 2 (IPV 2),M9 CHILD IMMUNISATION,Public,Total,value in Absolute Number,
hmis_child_immunisation_rotavirus_1_public_value_in_absolute_number,HMIS,,Child immunisation - Rotavirus 1,M9 CHILD IMMUNISATION,Public,Total,value in Absolute Number,
hmis_child_immunisation_rotavirus_2_public_value_in_absolute_number,HMIS,,Child immunisation - Rotavirus 2,M9 CHILD IMMUNISATION,Public,Total,value in Absolute Number,
hmis_child_immunisation_rotavirus_3_public_value_in_absolute_number,HMIS,,Child immunisation - Rotavirus 3,M9 CHILD IMMUNISATION,Public,Total,value in Absolute Number,
hmis_child_immunisation_pcv_1_public_value_in_absolute_number,HMIS,,Child Immunisation- PCV 1,M9 CHILD IMMUNISATION,Public,Total,value in Absolute Number,
hmis_number_of_condom_pieces_distributed_public_value_in_absolute_number,HMIS,,Number of Condom pieces distributed,M8 Family Planning,Public,Total,value in Absolute Number,
hmis_number_of_centchroman_weekly_pill_strips_distributed_public_value_in_absolute_number,HMIS,,Number of Centchroman (weekly) pill strips distributed,M8 Family Planning,Public,Total,value in Absolute Number,
hmis_number_of_emergency_contraceptive_pills_ecp_given_public_value_in_absolute_number,HMIS,,Number of Emergency Contraceptive Pills (ECP) given,M8 Family Planning,Public,Total,value in Absolute Number,
hmis_number_of_pregnancy_test_kits_ptk_used_public_value_in_absolute_number,HMIS,,Number of Pregnancy Test Kits (PTK) used,M8 Family Planning,Public,Total,value in Absolute Number,
hmis_complications_following_male_sterilization_public_value_in_absolute_number,HMIS,,Complications following male sterilization,M8 Family Planning,Public,Total,value in Absolute Number,
hmis_complications_following_female_sterilization_public_value_in_absolute_number,HMIS,,Complications following female sterilization,M8 Family Planning,Public,Total,value in Absolute Number,
hmis_failures_following_male_sterilization_public_value_in_absolute_number,HMIS,,Failures following male sterilization,M8 Family Planning,Public,Total,value in Absolute Number,
hmis_failures_following_female_sterilization_public_value_in_absolute_number,HMIS,,Failures following female sterilization,M8 Family Planning,Public,Total,value in Absolute Number,
hmis_deaths_following_male_sterilization_public_value_in_absolute_number,HMIS,,Deaths following male sterilization,M8 Family Planning,Public,Total,value in Absolute Number,
hmis_deaths_following_female_sterilization_public_value_in_absolute_number,HMIS,,Deaths following female sterilization,M8 Family Planning,Public,Total,value in Absolute Number,
hmis_child_immunisation_vitamin_k_birth_dose_public_value_in_absolute_number,HMIS,,Child immunisation - Vitamin K (Birth Dose),M9 CHILD IMMUNISATION,Public,Total,value in Absolute Number,
hmis_child_immunisation_bcg_public_value_in_absolute_number,HMIS,,Child immunisation - BCG,M9 CHILD IMMUNISATION,Public,Total,value in Absolute Number,
hmis_child_immunisation_dpt1_public_value_in_absolute_number,HMIS,,Child immunisation - DPT1,M9 CHILD IMMUNISATION,Public,Total,value in Absolute Number,
hmis_child_immunisation_dpt2_public_value_in_absolute_number,HMIS,,Child immunisation - DPT2,M9 CHILD IMMUNISATION,Public,Total,value in Absolute Number,
hmis_child_immunisation_dpt3_public_value_in_absolute_number,HMIS,,Child immunisation - DPT3,M9 CHILD IMMUNISATION,Public,Total,value in Absolute Number,
hmis_child_immunisation_pentavalent_1_public_value_in_absolute_number,HMIS,,Child immunisation - Pentavalent 1,M9 CHILD IMMUNISATION,Public,Total,value in Absolute Number,
hmis_rti_sti_for_which_treatment_initiated_female_public_value_in_absolute_number,HMIS,,RTI/STI for which treatment initiated -Female,M7 Reproductive Tract Infections/Sexually Transmitted Infections (RTI/STI) Cases,Public,Total,value in Absolute Number,
hmis_number_of_non_scalpel_vasectomy_nsv_conventional_vasectomy_conducted_public_value_in_absolute_number,HMIS,,Number of Non Scalpel Vasectomy (NSV) / Conventional Vasectomy conducted,M8 Family Planning,Public,Total,value in Absolute Number,
hmis_number_of_laparoscopic_sterilizations_excluding_post_abortion_conducted_public_value_in_absolute_number,HMIS,,Number of Laparoscopic sterilizations (excluding post abortion) conducted,M8 Family Planning,Public,Total,value in Absolute Number,
hmis_number_of_interval_mini_lap_other_than_post_partum_and_post_abortion_sterilizations_conducted_public_value_in_absolute_number,HMIS,,Number of Interval Mini-lap (other than post-partum and post abortion) sterilizations conducted,M8 Family Planning,Public,Total,value in Absolute Number,
hmis_number_of_postpartum_sterilizations_within_7_days_of_delivery_by_minilap_or_concurrent_with_caesarean_section_conducted_public_value_in_absolute_number,HMIS,,Number of Postpartum sterilizations (within 7 days of delivery by minilap or concurrent with caesarean section) conducted,M8 Family Planning,Public,Total,value in Absolute Number,
hmis_number_of_post_abortion_sterilizations_within_7_days_of_spontaneous_or_surgical_abortion_conducted_public_value_in_absolute_number,HMIS,,Number of Post Abortion sterilizations (within 7 days of spontaneous or surgical abortion) conducted,M8 Family Planning,Public,Total,value in Absolute Number,
hmis_number_of_interval_iucd_insertions_excluding_ppiucd_and_paiucd_public_value_in_absolute_number,HMIS,,Number of Interval IUCD Insertions (excluding PPIUCD and PAIUCD),M8 Family Planning,Public,Total,value in Absolute Number,
hmis_number_of_postpartum_within_48_hours_of_delivery_iucd_insertions_public_value_in_absolute_number,HMIS,,Number of Postpartum (within 48 hours of delivery) IUCD insertions,M8 Family Planning,Public,Total,value in Absolute Number,
hmis_number_of_post_abortion_within_12_days_of_spontaneous_or_surgical_abortion_iucd_insertions_public_value_in_absolute_number,HMIS,,Number of Post Abortion (within 12 days of spontaneous or surgical abortion) IUCD insertions,M8 Family Planning,Public,Total,value in Absolute Number,
hmis_number_of_iucd_removals_public_value_in_absolute_number,HMIS,,Number of IUCD Removals,M8 Family Planning,Public,Total,value in Absolute Number,
hmis_number_of_complications_following_iucd_insertion_public_value_in_absolute_number,HMIS,,Number of complications following IUCD Insertion,M8 Family Planning,Public,Total,value in Absolute Number,
hmis_injectable_contraceptive_antara_program_first_dose_public_value_in_absolute_number,HMIS,,Injectable Contraceptive-Antara Program- First Dose,M8 Family Planning,Public,Total,value in Absolute Number,
hmis_injectable_contraceptive_antara_program_second_dose_public_value_in_absolute_number,HMIS,,Injectable Contraceptive-Antara Program- Second Dose,M8 Family Planning,Public,Total,value in Absolute Number,
hmis_injectable_contraceptive_antara_program_third_dose_public_value_in_absolute_number,HMIS,,Injectable Contraceptive-Antara Program- Third Dose,M8 Family Planning,Public,Total,value in Absolute Number,
hmis_injectable_contraceptive_antara_program_fourth_or_more_than_fourth_public_value_in_absolute_number,HMIS,,Injectable Contraceptive-Antara Program- Fourth or more than fourth,M8 Family Planning,Public,Total,value in Absolute Number,
hmis_number_of_combined_oral_pill_cycles_distributed_public_value_in_absolute_number,HMIS,,Number of Combined Oral Pill cycles distributed,M8 Family Planning,Public,Total,value in Absolute Number,
hmis_mtp_more_than_12_weeks_of_pregnancy_public_value_in_absolute_number,HMIS,,MTP more than 12 weeks of pregnancy,M4 Pregnancy outcome & details of new-born,Public,Total,value in Absolute Number,
hmis_post_abortion_mtp_complications_identified_public_value_in_absolute_number,HMIS,,Post Abortion/ MTP Complications Identified,M4 Pregnancy outcome & details of new-born,Public,Total,value in Absolute Number,
hmis_post_abortion_mtp_complications_treated_public_value_in_absolute_number,HMIS,,Post Abortion/ MTP Complications Treated,M4 Pregnancy outcome & details of new-born,Public,Total,value in Absolute Number,
hmis_number_of_women_provided_with_post_abortion_mtp_contraception_public_value_in_absolute_number,HMIS,,Number of women provided with post abortion/ MTP contraception,M4 Pregnancy outcome & details of new-born,Public,Total,value in Absolute Number,
hmis_number_of_newborns_weighed_at_birth_public_value_in_absolute_number,HMIS,,Number of newborns weighed at birth,M4 Pregnancy outcome & details of new-born,Public,Total,value in Absolute Number,
hmis_number_of_newborns_having_weight_less_than_2_5_kg_public_value_in_absolute_number,HMIS,,Number of newborns having weight less than 2.5 kg,M4 Pregnancy outcome & details of new-born,Public,Total,value in Absolute Number,
hmis_number_of_newborns_breast_fed_within_1_hour_of_birth_public_value_in_absolute_number,HMIS,,Number of Newborns breast fed within 1 hour of birth,M4 Pregnancy outcome & details of new-born,Public,Total,value in Absolute Number,
hmis_number_of_cases_of_pregnant_women_with_obstetric_complications_attended_antepartum_haemorrhage_aph_post_partum_hemorrhage_pph_sepsis_eclampsia_and_others_public_value_in_absol,HMIS,,"Number of cases of pregnant women with Obstetric Complications attended (Antepartum haemorrhage (APH), Post-Partum Hemorrhage (PPH), Sepsis, Eclampsia and others)",M5 Complicated Pregnancies,Public,Total,value in Absolute Number,
hmis_number_of_complicated_pregnancies_treated_with_blood_transfusion_public_value_in_absolute_number,HMIS,,Number of Complicated pregnancies treated with Blood Transfusion,M5 Complicated Pregnancies,Public,Total,value in Absolute Number,
hmis_women_receiving_1st_post_partum_checkups_within_48_hours_of_home_delivery_public_value_in_absolute_number,HMIS,,Women receiving 1st post partum checkups within 48 hours of home delivery,M6 Post Natal Care (PNC),Public,Total,value in Absolute Number,
hmis_women_receiving_1st_post_partum_checkup_between_48_hours_and_14_days_public_value_in_absolute_number,HMIS,,Women receiving 1st post partum checkup between 48 hours and 14 days,M6 Post Natal Care (PNC),Public,Total,value in Absolute Number,
hmis_number_of_mothers_provided_full_course_of_180_ifa_tablets_after_delivery_public_value_in_absolute_number,HMIS,,Number of mothers provided full course of 180 IFA tablets after delivery,M6 Post Natal Care (PNC),Public,Total,value in Absolute Number,
hmis_number_of_mothers_provided_full_course_of_360_calcium_tablets_after_delivery_public_value_in_absolute_number,HMIS,,Number of mothers provided full course of 360 Calcium tablets after delivery,M6 Post Natal Care (PNC),Public,Total,value in Absolute Number,
hmis_new_rti_sti_cases_identified_male_public_value_in_absolute_number,HMIS,,New RTI/STI cases identified - Male,M7 Reproductive Tract Infections/Sexually Transmitted Infections (RTI/STI) Cases,Public,Total,value in Absolute Number,
hmis_new_rti_sti_cases_identified_female_public_value_in_absolute_number,HMIS,,New RTI/STI cases identified - Female,M7 Reproductive Tract Infections/Sexually Transmitted Infections (RTI/STI) Cases,Public,Total,value in Absolute Number,
hmis_rti_sti_for_which_treatment_initiated_male_public_value_in_absolute_number,HMIS,,RTI/STI for which treatment initiated - Male,M7 Reproductive Tract Infections/Sexually Transmitted Infections (RTI/STI) Cases,Public,Total,value in Absolute Number,
hmis_number_of_babies_treated_for_congenital_syphilis_public_value_in_absolute_number,HMIS,,Number of babies treated for congenital Syphilis,M1 Ante Natal Care (ANC),Public,Total,value in Absolute Number,
hmis_number_of_home_deliveries_attended_by_skill_birth_attendant_sba_doctor_nurse_anm_midwife_public_value_in_absolute_number,HMIS,,Number of Home Deliveries attended by Skill Birth Attendant(SBA) (Doctor/Nurse/ANM/ Midwife),M2 Deliveries,Public,Total,value in Absolute Number,
hmis_number_of_home_deliveries_attended_by_non_sba_trained_birth_attendant_tba_relatives_etc_public_value_in_absolute_number,HMIS,,Number of Home Deliveries attended by Non SBA (Trained Birth Attendant(TBA) /Relatives/etc.),M2 Deliveries,Public,Total,value in Absolute Number,
hmis_number_of_pw_given_tablet_misoprostol_during_home_delivery_public_value_in_absolute_number,HMIS,,Number of PW given Tablet Misoprostol during home delivery,M2 Deliveries,Public,Total,value in Absolute Number,
hmis_number_of_newborns_received_7_home_based_newborn_care_hbnc_visits_in_case_of_home_delivery_public_value_in_absolute_number,HMIS,,Number of newborns received 7 Home Based Newborn Care (HBNC) visits in case of Home delivery,M2 Deliveries,Public,Total,value in Absolute Number,
hmis_number_of_institutional_deliveries_conducted_including_c_sections_public_value_in_absolute_number,HMIS,,Number of Institutional Deliveries conducted (Including C-Sections),M2 Deliveries,Public,Total,value in Absolute Number,
hmis_out_of_total_institutional_deliveries_number_of_women_discharged_within_48_hours_of_delivery_public_value_in_absolute_number,HMIS,,Out of total institutional deliveries number of women discharged within 48 hours of delivery,M2 Deliveries,Public,Total,value in Absolute Number,
hmis_number_of_newborns_received_6_hbnc_visits_after_institutional_delivery_public_value_in_absolute_number,HMIS,,Number of newborns received 6 HBNC visits after Institutional Delivery,M2 Deliveries,Public,Total,value in Absolute Number,
hmis_total_c_section_deliveries_performed_public_value_in_absolute_number,HMIS,,Total C -Section deliveries performed,M3 Number of Caesarean (C-Section) deliveries,Public,Total,value in Absolute Number,
hmis_c_sections_performed_at_night_8_pm_8_am_public_value_in_absolute_number,HMIS,,"C-sections, performed at night (8 PM- 8 AM)",M3 Number of Caesarean (C-Section) deliveries,Public,Total,value in Absolute Number,
hmis_live_birth_male_public_value_in_absolute_number,HMIS,,Live Birth - Male,M4 Pregnancy outcome & details of new-born,Public,Total,value in Absolute Number,
hmis_live_birth_female_public_value_in_absolute_number,HMIS,,Live Birth - Female,M4 Pregnancy outcome & details of new-born,Public,Total,value in Absolute Number,
hmis_number_of_pre_term_newborns_37_weeks_of_pregnancy_public_value_in_absolute_number,HMIS,,Number of Pre term newborns ( < 37 weeks of pregnancy),M4 Pregnancy outcome & details of new-born,Public,Total,value in Absolute Number,
hmis_still_birth_public_value_in_absolute_number,HMIS,,Still Birth,M4 Pregnancy outcome & details of new-born,Public,Total,value in Absolute Number,
hmis_abortion_spontaneous_public_value_in_absolute_number,HMIS,,Abortion (spontaneous),M4 Pregnancy outcome & details of new-born,Public,Total,value in Absolute Number,
hmis_mtp_up_to_12_weeks_of_pregnancy_public_value_in_absolute_number,HMIS,,MTP up to 12 weeks of pregnancy,M4 Pregnancy outcome & details of new-born,Public,Total,value in Absolute Number,
hmis_new_cases_of_pw_with_hypertension_detected_public_value_in_absolute_number,HMIS,,New cases of PW with hypertension detected,M1 Ante Natal Care (ANC),Public,Total,value in Absolute Number,
hmis_out_of_the_new_cases_of_pw_with_hypertension_detected_cases_managed_at_institution_public_value_in_absolute_number,HMIS,,"Out of the new cases of PW with hypertension detected, cases managed at institution",M1 Ante Natal Care (ANC),Public,Total,value in Absolute Number,
hmis_number_of_eclampsia_cases_managed_during_delivery_public_value_in_absolute_number,HMIS,,Number of Eclampsia cases managed during delivery,M1 Ante Natal Care (ANC),Public,Total,value in Absolute Number,
hmis_number_of_pw_tested_for_haemoglobin_hb_4_or_more_than_4_times_for_respective_ancs_public_value_in_absolute_number,HMIS,,Number of PW tested for Haemoglobin (Hb ) 4 or more than 4 times for respective ANCs,M1 Ante Natal Care (ANC),Public,Total,value in Absolute Number,
hmis_number_of_pw_having_hb_level_11_out_of_total_tested_cases_7_1_to_10_9_public_value_in_absolute_number,HMIS,,Number of PW having Hb level<11 (out of total tested cases)(7.1 to 10.9),M1 Ante Natal Care (ANC),Public,Total,value in Absolute Number,
hmis_number_of_pw_having_hb_level_7_out_of_total_tested_cases_public_value_in_absolute_number,HMIS,,Number of PW having Hb level<7 (out of total tested cases),M1 Ante Natal Care (ANC),Public,Total,value in Absolute Number,
hmis_number_of_pw_having_severe_anaemia_hb_7_treated_public_value_in_absolute_number,HMIS,,Number of PW having severe anaemia (Hb<7) treated,M1 Ante Natal Care (ANC),Public,Total,value in Absolute Number,
hmis_number_of_pw_tested_for_blood_sugar_using_ogtt_oral_glucose_tolerance_test_public_value_in_absolute_number,HMIS,,Number of PW tested for blood sugar using OGTT (Oral Glucose Tolerance Test),M1 Ante Natal Care (ANC),Public,Total,value in Absolute Number,
hmis_number_of_pw_tested_positive_for_gdm_public_value_in_absolute_number,HMIS,,Number of PW tested positive for GDM,M1 Ante Natal Care (ANC),Public,Total,value in Absolute Number,
hmis_number_of_pw_given_insulin_out_of_total_tested_positive_for_gdm_public_value_in_absolute_number,HMIS,,Number of PW given insulin out of total tested positive for GDM,M1 Ante Natal Care (ANC),Public,Total,value in Absolute Number,
hmis_number_of_pregnant_women_tested_for_syphilis_public_value_in_absolute_number,HMIS,,Number of pregnant women tested for Syphilis,M1 Ante Natal Care (ANC),Public,Total,value in Absolute Number,
hmis_number_of_pregnant_women_tested_found_sero_positive_for_syphilis_public_value_in_absolute_number,HMIS,,Number of pregnant women tested found sero positive for Syphilis,M1 Ante Natal Care (ANC),Public,Total,value in Absolute Number,
hmis_number_of_syphilis_positive_pregnanat_women_treated_for_syphilis_public_value_in_absolute_number,HMIS,,Number of syphilis positive pregnanat women treated for Syphilis,M1 Ante Natal Care (ANC),Public,Total,value in Absolute Number,
hmis_number_of_babies_daignosed_with_congenital_syphilis_public_value_in_absolute_number,HMIS,,Number of babies daignosed with Congenital Syphilis,M1 Ante Natal Care (ANC),Public,Total,value in Absolute Number,
hmis_number_of_sick_infants_provided_free_medicines_under_jssk_public_and_private_facilities_or_rural_and_urban_facilities_value_in_absolute_number,HMIS,,Number of sick infants provided - Free Medicines under JSSK,M25 Janani Shishu Suraksha Karyakram (JSSK),Public and Private Facilities OR Rural and Urban Facilities,Total,value in Absolute Number,
hmis_number_of_sick_infants_provided_free_diagnostics_under_jssk_public_and_private_facilities_or_rural_and_urban_facilities_value_in_absolute_number,HMIS,,Number of sick infants provided - Free Diagnostics under JSSK,M25 Janani Shishu Suraksha Karyakram (JSSK),Public and Private Facilities OR Rural and Urban Facilities,Total,value in Absolute Number,
hmis_number_of_sick_infants_provided_free_home_to_facility_transport_under_jssk_public_and_private_facilities_or_rural_and_urban_facilities_value_in_absolute_number,HMIS,,Number of sick infants provided - Free Home to facility transport under JSSK,M25 Janani Shishu Suraksha Karyakram (JSSK),Public and Private Facilities OR Rural and Urban Facilities,Total,value in Absolute Number,
hmis_total_number_of_pregnant_women_registered_for_anc_public_value_in_absolute_number,HMIS,,Total number of pregnant women registered for ANC,M1 Ante Natal Care (ANC),Public,Total,value in Absolute Number,
hmis_out_of_the_total_anc_registered_number_registered_within_1st_trimester_within_12_weeks_public_value_in_absolute_number,HMIS,,"Out of the total ANC registered, number registered within 1st trimester (within 12 weeks)",M1 Ante Natal Care (ANC),Public,Total,value in Absolute Number,
hmis_number_of_pw_given_tt1_td1_public_value_in_absolute_number,HMIS,,Number of PW given TT1/ Td1,M1 Ante Natal Care (ANC),Public,Total,value in Absolute Number,
hmis_number_of_pw_given_tt2_td2_public_value_in_absolute_number,HMIS,,Number of PW given TT2 / Td2,M1 Ante Natal Care (ANC),Public,Total,value in Absolute Number,
hmis_number_of_pw_given_tt_booster_td_booster_public_value_in_absolute_number,HMIS,,Number of PW given TT Booster/ Td Booster,M1 Ante Natal Care (ANC),Public,Total,value in Absolute Number,
hmis_number_of_pw_provided_full_course_180_iron_folic_acid_ifa_tablets_public_value_in_absolute_number,HMIS,,Number of PW provided full Course 180 Iron Folic Acid (IFA) tablets,M1 Ante Natal Care (ANC),Public,Total,value in Absolute Number,
hmis_number_of_pw_provided_full_course_360_calcium_tablets_public_value_in_absolute_number,HMIS,,Number of PW provided full Course 360 Calcium tablets,M1 Ante Natal Care (ANC),Public,Total,value in Absolute Number,
hmis_number_of_pw_given_one_albendazole_tablet_after_1st_trimester_public_value_in_absolute_number,HMIS,,Number of PW given one Albendazole tablet after 1st trimester,M1 Ante Natal Care (ANC),Public,Total,value in Absolute Number,
hmis_number_of_pw_received_4_or_more_anc_check_ups_public_value_in_absolute_number,HMIS,,Number of PW received 4 or more ANC check ups,M1 Ante Natal Care (ANC),Public,Total,value in Absolute Number,
hmis_number_of_pw_given_anc_corticosteroids_in_pre_term_labour_public_value_in_absolute_number,HMIS,,Number of PW given ANC Corticosteroids in Pre Term Labour,M1 Ante Natal Care (ANC),Public,Total,value in Absolute Number,
hmis_number_of_adolescent_girls_provided_sanitary_napkin_packs_public_and_private_facilities_or_rural_and_urban_facilities_value_in_absolute_number,HMIS,,Number of adolescent girls provided sanitary napkin packs,M22 Adolscent Health,Public and Private Facilities OR Rural and Urban Facilities,Total,value in Absolute Number,
hmis_number_of_sanitary_napkin_packs_sold_to_adolescent_girls_public_and_private_facilities_or_rural_and_urban_facilities_value_in_absolute_number,HMIS,,Number of sanitary napkin packs sold to adolescent girls,M22 Adolscent Health,Public and Private Facilities OR Rural and Urban Facilities,Total,value in Absolute Number,
hmis_number_of_sanitary_napkin_packs_distributed_free_to_asha_public_and_private_facilities_or_rural_and_urban_facilities_value_in_absolute_number,HMIS,,Number of sanitary napkin packs distributed free to ASHA,M22 Adolscent Health,Public and Private Facilities OR Rural and Urban Facilities,Total,value in Absolute Number,
hmis_number_of_adolescent_girls_attended_monthly_meeting_public_and_private_facilities_or_rural_and_urban_facilities_value_in_absolute_number,HMIS,,Number of adolescent girls attended monthly meeting,M22 Adolscent Health,Public and Private Facilities OR Rural and Urban Facilities,Total,value in Absolute Number,
hmis_number_of_children_covered_under_wifs_junior_6_10_years_provided_4_5_ifa_tablets_in_schools_public_and_private_facilities_or_rural_and_urban_facilities_value_in_absolute_numbe,HMIS,,Number of children covered under WIFS JUNIOR (6 - 10 years ) provided 4-5 IFA tablets in schools,M23 Coverage under WIFS JUNIOR (Weekly Iron Folic Acid Supplementation Programme for children 6 - 1,Public and Private Facilities OR Rural and Urban Facilities,Total,value in Absolute Number,
hmis_number_of_children_6_10_years_provided_albendazole_in_schools_public_and_private_facilities_or_rural_and_urban_facilities_value_in_absolute_number,HMIS,,Number of children (6 - 10 years) provided albendazole in schools,M23 Coverage under WIFS JUNIOR (Weekly Iron Folic Acid Supplementation Programme for children 6 - 1,Public and Private Facilities OR Rural and Urban Facilities,Total,value in Absolute Number,
hmis_number_of_out_of_school_children_6_10_years_given_4_5_ifa_tablets_at_anganwadi_centres_public_and_private_facilities_or_rural_and_urban_facilities_value_in_absolute_number,HMIS,,Number of out of school children (6-10 years) given 4-5 IFA tablets at Anganwadi Centres,M23 Coverage under WIFS JUNIOR (Weekly Iron Folic Acid Supplementation Programme for children 6 - 1,Public and Private Facilities OR Rural and Urban Facilities,Total,value in Absolute Number,
hmis_number_of_out_of_school_children_6_10_years_provided_albendazole_at_anganwadi_centres_public_and_private_facilities_or_rural_and_urban_facilities_value_in_absolute_number,HMIS,,Number of out of school children (6-10 years) provided albendazole at Anganwadi Centres,M23 Coverage under WIFS JUNIOR (Weekly Iron Folic Acid Supplementation Programme for children 6 - 1,Public and Private Facilities OR Rural and Urban Facilities,Total,value in Absolute Number,
hmis_total_maternal_deaths_reviewed_mdr_by_cmo_public_and_private_facilities_or_rural_and_urban_facilities_value_in_absolute_number,HMIS,,Total Maternal Deaths Reviewed (MDR) by CMO,M24 Maternal Death Reviews (MDR) Done,Public and Private Facilities OR Rural and Urban Facilities,Total,value in Absolute Number,
hmis_number_of_pregnant_women_provided_free_medicines_under_jssk_public_and_private_facilities_or_rural_and_urban_facilities_value_in_absolute_number,HMIS,,Number of Pregnant Women provided - Free Medicines under JSSK,M25 Janani Shishu Suraksha Karyakram (JSSK),Public and Private Facilities OR Rural and Urban Facilities,Total,value in Absolute Number,
hmis_number_of_pregnant_women_provided_free_diet_under_jssk_public_and_private_facilities_or_rural_and_urban_facilities_value_in_absolute_number,HMIS,,Number of Pregnant Women provided - Free Diet under JSSK,M25 Janani Shishu Suraksha Karyakram (JSSK),Public and Private Facilities OR Rural and Urban Facilities,Total,value in Absolute Number,
hmis_number_of_pregnant_women_provided_free_diagnostics_under_jssk_public_and_private_facilities_or_rural_and_urban_facilities_value_in_absolute_number,HMIS,,Number of Pregnant Women provided - Free Diagnostics under JSSK,M25 Janani Shishu Suraksha Karyakram (JSSK),Public and Private Facilities OR Rural and Urban Facilities,Total,value in Absolute Number,
hmis_number_of_children_6_years_to_18_years_screened_by_rbsk_mobile_health_teams_at_govt_and_govt_aided_schools_public_and_private_facilities_or_rural_and_urban_facilities_value_in,HMIS,,Number of children (6 years to 18 years) screened by RBSK mobile health teams at Govt and Govt aided schools,M21 Rashtriya Bal Swasthaya Karyakram (RBSK),Public and Private Facilities OR Rural and Urban Facilities,Total,value in Absolute Number,
hmis_number_of_male_children_identified_with_disease_public_and_private_facilities_or_rural_and_urban_facilities_value_in_absolute_number,HMIS,,Number of Male children identified with Disease,M21 Rashtriya Bal Swasthaya Karyakram (RBSK),Public and Private Facilities OR Rural and Urban Facilities,Total,value in Absolute Number,
hmis_number_of_female_children_identified_with_disease_public_and_private_facilities_or_rural_and_urban_facilities_value_in_absolute_number,HMIS,,Number of Female children identified with Disease,M21 Rashtriya Bal Swasthaya Karyakram (RBSK),Public and Private Facilities OR Rural and Urban Facilities,Total,value in Absolute Number,
hmis_number_of_male_children_identified_with_deficiency_public_and_private_facilities_or_rural_and_urban_facilities_value_in_absolute_number,HMIS,,Number of Male children identified with Deficiency,M21 Rashtriya Bal Swasthaya Karyakram (RBSK),Public and Private Facilities OR Rural and Urban Facilities,Total,value in Absolute Number,
hmis_number_of_female_children_identified_with_deficiency_public_and_private_facilities_or_rural_and_urban_facilities_value_in_absolute_number,HMIS,,Number of Female children identified with Deficiency,M21 Rashtriya Bal Swasthaya Karyakram (RBSK),Public and Private Facilities OR Rural and Urban Facilities,Total,value in Absolute Number,
hmis_number_of_male_children_identified_with_developmental_delay_public_and_private_facilities_or_rural_and_urban_facilities_value_in_absolute_number,HMIS,,Number of Male children identified with Developmental delay,M21 Rashtriya Bal Swasthaya Karyakram (RBSK),Public and Private Facilities OR Rural and Urban Facilities,Total,value in Absolute Number,
hmis_number_of_female_children_identified_with_developmental_delay_public_and_private_facilities_or_rural_and_urban_facilities_value_in_absolute_number,HMIS,,Number of Female children identified with Developmental delay,M21 Rashtriya Bal Swasthaya Karyakram (RBSK),Public and Private Facilities OR Rural and Urban Facilities,Total,value in Absolute Number,
hmis_number_of_children_managed_by_intervention_medical_public_and_private_facilities_or_rural_and_urban_facilities_value_in_absolute_number,HMIS,,Number of Children Managed by Intervention - Medical,M21 Rashtriya Bal Swasthaya Karyakram (RBSK),Public and Private Facilities OR Rural and Urban Facilities,Total,value in Absolute Number,
hmis_number_of_children_managed_by_intervention_surgical_public_and_private_facilities_or_rural_and_urban_facilities_value_in_absolute_number,HMIS,,Number of Children Managed by Intervention - Surgical,M21 Rashtriya Bal Swasthaya Karyakram (RBSK),Public and Private Facilities OR Rural and Urban Facilities,Total,value in Absolute Number,
hmis_early_intervention_at_deic_district_early_intervention_centre_public_and_private_facilities_or_rural_and_urban_facilities_value_in_absolute_number,HMIS,,Early intervention at DEIC ( District Early Intervention Centre),M21 Rashtriya Bal Swasthaya Karyakram (RBSK),Public and Private Facilities OR Rural and Urban Facilities,Total,value in Absolute Number,
hmis_girls_6th_12th_class_provided_4_ifa_tablets_in_schools_public_and_private_facilities_or_rural_and_urban_facilities_value_in_absolute_number,HMIS,,Girls (6th -12th class) provided 4 IFA tablets in schools,M22 Adolscent Health,Public and Private Facilities OR Rural and Urban Facilities,Total,value in Absolute Number,
hmis_boys_6th_12th_class_provided_4_ifa_tablets_in_schools_public_and_private_facilities_or_rural_and_urban_facilities_value_in_absolute_number,HMIS,,Boys (6th -12th class) provided 4 IFA tablets in schools,M22 Adolscent Health,Public and Private Facilities OR Rural and Urban Facilities,Total,value in Absolute Number,
hmis_girls_6th_12th_class_provided_albendazole_in_schools_public_and_private_facilities_or_rural_and_urban_facilities_value_in_absolute_number,HMIS,,Girls (6th -12th class) provided albendazole in schools,M22 Adolscent Health,Public and Private Facilities OR Rural and Urban Facilities,Total,value in Absolute Number,
hmis_boys_6th_12th_class_provided_albendazole_in_schools_public_and_private_facilities_or_rural_and_urban_facilities_value_in_absolute_number,HMIS,,Boys (6th -12th class) provided albendazole in schools,M22 Adolscent Health,Public and Private Facilities OR Rural and Urban Facilities,Total,value in Absolute Number,
hmis_number_of_out_of_school_adolscent_girls_10_19_years_provided_4_ifa_tablets_at_anganwadi_centres_public_and_private_facilities_or_rural_and_urban_facilities_value_in_absolute_n,HMIS,,Number of out of school adolscent girls (10-19 years) provided 4 IFA tablets at Anganwadi Centres,M22 Adolscent Health,Public and Private Facilities OR Rural and Urban Facilities,Total,value in Absolute Number,
hmis_number_of_out_of_school_adolscent_girls_10_19_years_provided_albendazole_at_anganwadi_centres_public_and_private_facilities_or_rural_and_urban_facilities_value_in_absolute_num,HMIS,,Number of out of school adolscent girls (10-19 years) provided albendazole at Anganwadi Centres,M22 Adolscent Health,Public and Private Facilities OR Rural and Urban Facilities,Total,value in Absolute Number,
hmis_number_of_adolscent_adult_deaths_due_to_cancer_public_and_private_facilities_or_rural_and_urban_facilities_value_in_absolute_number,HMIS,,Number of Adolscent / Adult deaths due to Cancer,M16 Details of deaths reported with probable causes:,Public and Private Facilities OR Rural and Urban Facilities,Total,value in Absolute Number,
hmis_number_of_adolscent_adult_deaths_due_to_neurological_disease_including_strokes_public_and_private_facilities_or_rural_and_urban_facilities_value_in_absolute_number,HMIS,,Number of Adolscent / Adult deaths due to Neurological disease including strokes,M16 Details of deaths reported with probable causes:,Public and Private Facilities OR Rural and Urban Facilities,Total,value in Absolute Number,
hmis_number_of_adolscent_adult_deaths_due_to_accidents_burn_cases_public_and_private_facilities_or_rural_and_urban_facilities_value_in_absolute_number,HMIS,,Number of Adolscent / Adult deaths due to Accidents/Burn cases,M16 Details of deaths reported with probable causes:,Public and Private Facilities OR Rural and Urban Facilities,Total,value in Absolute Number,
hmis_number_of_adolscent_adult_deaths_due_to_suicide_public_and_private_facilities_or_rural_and_urban_facilities_value_in_absolute_number,HMIS,,Number of Adolscent / Adult deaths due to Suicide,M16 Details of deaths reported with probable causes:,Public and Private Facilities OR Rural and Urban Facilities,Total,value in Absolute Number,
hmis_number_of_adolscent_adult_deaths_due_to_animal_bites_and_stings_public_and_private_facilities_or_rural_and_urban_facilities_value_in_absolute_number,HMIS,,Number of Adolscent / Adult deaths due to Animal bites and stings,M16 Details of deaths reported with probable causes:,Public and Private Facilities OR Rural and Urban Facilities,Total,value in Absolute Number,
hmis_number_of_adolscent_adult_deaths_due_to_known_acute_disease_public_and_private_facilities_or_rural_and_urban_facilities_value_in_absolute_number,HMIS,,Number of Adolscent / Adult deaths due to Known Acute Disease,M16 Details of deaths reported with probable causes:,Public and Private Facilities OR Rural and Urban Facilities,Total,value in Absolute Number,
hmis_number_of_adolscent_adult_deaths_due_to_known_chronic_disease_public_and_private_facilities_or_rural_and_urban_facilities_value_in_absolute_number,HMIS,,Number of Adolscent / Adult deaths due to Known Chronic Disease,M16 Details of deaths reported with probable causes:,Public and Private Facilities OR Rural and Urban Facilities,Total,value in Absolute Number,
hmis_number_of_adolscent_adult_deaths_due_to_causes_not_known_public_and_private_facilities_or_rural_and_urban_facilities_value_in_absolute_number,HMIS,,Number of Adolscent / Adult deaths due to Causes not known,M16 Details of deaths reported with probable causes:,Public and Private Facilities OR Rural and Urban Facilities,Total,value in Absolute Number,
hmis_number_of_deaths_due_to_malaria_plasmodium_vivax_public_and_private_facilities_or_rural_and_urban_facilities_value_in_absolute_number,HMIS,,Number of Deaths due to Malaria- Plasmodium Vivax,M16 Details of deaths reported with probable causes:,Public and Private Facilities OR Rural and Urban Facilities,Total,value in Absolute Number,
hmis_number_of_deaths_due_to_malaria_plasmodium_falciparum_public_and_private_facilities_or_rural_and_urban_facilities_value_in_absolute_number,HMIS,,Number of Deaths due to Malaria- Plasmodium Falciparum,M16 Details of deaths reported with probable causes:,Public and Private Facilities OR Rural and Urban Facilities,Total,value in Absolute Number,
hmis_number_of_deaths_due_to_kala_azar_public_and_private_facilities_or_rural_and_urban_facilities_value_in_absolute_number,HMIS,,Number of Deaths due to Kala Azar,M16 Details of deaths reported with probable causes:,Public and Private Facilities OR Rural and Urban Facilities,Total,value in Absolute Number,
hmis_number_of_deaths_due_to_dengue_public_and_private_facilities_or_rural_and_urban_facilities_value_in_absolute_number,HMIS,,Number of Deaths due to Dengue,M16 Details of deaths reported with probable causes:,Public and Private Facilities OR Rural and Urban Facilities,Total,value in Absolute Number,
hmis_number_of_deaths_due_to_acute_encephelitis_syndrome_aes_public_and_private_facilities_or_rural_and_urban_facilities_value_in_absolute_number,HMIS,,Number of Deaths due to Acute Encephelitis Syndrome (AES),M16 Details of deaths reported with probable causes:,Public and Private Facilities OR Rural and Urban Facilities,Total,value in Absolute Number,
hmis_number_of_deaths_due_to_japanese_encephalitis_je_public_and_private_facilities_or_rural_and_urban_facilities_value_in_absolute_number,HMIS,,Number of Deaths due to Japanese Encephalitis (JE),M16 Details of deaths reported with probable causes:,Public and Private Facilities OR Rural and Urban Facilities,Total,value in Absolute Number,
hmis_number_of_newborn_screened_for_defects_at_birth_as_per_rbsk_public_and_private_facilities_or_rural_and_urban_facilities_value_in_absolute_number,HMIS,,Number of newborn screened for defects at birth (as per RBSK),M21 Rashtriya Bal Swasthaya Karyakram (RBSK),Public and Private Facilities OR Rural and Urban Facilities,Total,value in Absolute Number,
hmis_number_of_children_6_month_to_6_years_screened_by_rbsk_mobile_health_teams_at_anganwadi_center_public_and_private_facilities_or_rural_and_urban_facilities_value_in_absolute_nu,HMIS,,Number of children (6 month to 6 years) screened by RBSK mobile health teams at Anganwadi center,M21 Rashtriya Bal Swasthaya Karyakram (RBSK),Public and Private Facilities OR Rural and Urban Facilities,Total,value in Absolute Number,
hmis_number_of_child_deaths_1_5_years_due_to_fever_related_public_and_private_facilities_or_rural_and_urban_facilities_value_in_absolute_number,HMIS,,Number of Child Deaths (1 -5 years) due to Fever related,M16 Details of deaths reported with probable causes:,Public and Private Facilities OR Rural and Urban Facilities,Total,value in Absolute Number,
hmis_number_of_child_deaths_1_5_years_due_to_measles_public_and_private_facilities_or_rural_and_urban_facilities_value_in_absolute_number,HMIS,,Number of Child Deaths (1 -5 years) due to Measles,M16 Details of deaths reported with probable causes:,Public and Private Facilities OR Rural and Urban Facilities,Total,value in Absolute Number,
hmis_number_of_child_deaths_1_5_years_due_to_others_public_and_private_facilities_or_rural_and_urban_facilities_value_in_absolute_number,HMIS,,Number of Child Deaths (1 -5 years) due to Others,M16 Details of deaths reported with probable causes:,Public and Private Facilities OR Rural and Urban Facilities,Total,value in Absolute Number,
hmis_number_of_maternal_deaths_due_to_bleeding_public_and_private_facilities_or_rural_and_urban_facilities_value_in_absolute_number,HMIS,,Number of Maternal Deaths due to Bleeding,M16 Details of deaths reported with probable causes:,Public and Private Facilities OR Rural and Urban Facilities,Total,value in Absolute Number,
hmis_number_of_maternal_deaths_due_to_high_fever_public_and_private_facilities_or_rural_and_urban_facilities_value_in_absolute_number,HMIS,,Number of Maternal Deaths due to High fever,M16 Details of deaths reported with probable causes:,Public and Private Facilities OR Rural and Urban Facilities,Total,value in Absolute Number,
hmis_number_of_maternal_deaths_due_to_abortion_public_and_private_facilities_or_rural_and_urban_facilities_value_in_absolute_number,HMIS,,Number of Maternal Deaths due to Abortion,M16 Details of deaths reported with probable causes:,Public and Private Facilities OR Rural and Urban Facilities,Total,value in Absolute Number,
hmis_number_of_maternal_deaths_due_to_obstructed_prolonged_labour_public_and_private_facilities_or_rural_and_urban_facilities_value_in_absolute_number,HMIS,,Number of Maternal Deaths due to Obstructed/prolonged labour,M16 Details of deaths reported with probable causes:,Public and Private Facilities OR Rural and Urban Facilities,Total,value in Absolute Number,
hmis_number_of_maternal_deaths_due_to_severe_hypertension_fits_public_and_private_facilities_or_rural_and_urban_facilities_value_in_absolute_number,HMIS,,Number of Maternal Deaths due to Severe hypertension/fits,M16 Details of deaths reported with probable causes:,Public and Private Facilities OR Rural and Urban Facilities,Total,value in Absolute Number,
hmis_number_of_maternal_deaths_due_to_other_causes_including_causes_not_known_public_and_private_facilities_or_rural_and_urban_facilities_value_in_absolute_number,HMIS,,Number of Maternal Deaths due to Other Causes (including causes not known),M16 Details of deaths reported with probable causes:,Public and Private Facilities OR Rural and Urban Facilities,Total,value in Absolute Number,
hmis_total_facility_based_maternal_death_reviews_fbmdr_done_public_and_private_facilities_or_rural_and_urban_facilities_value_in_absolute_number,HMIS,,Total Facility Based Maternal Death Reviews (FBMDR) done,M16 Details of deaths reported with probable causes:,Public and Private Facilities OR Rural and Urban Facilities,Total,value in Absolute Number,
hmis_number_of_adolscent_adult_deaths_due_to_diarrhoeal_diseases_public_and_private_facilities_or_rural_and_urban_facilities_value_in_absolute_number,HMIS,,Number of Adolscent / Adult deaths due to Diarrhoeal diseases,M16 Details of deaths reported with probable causes:,Public and Private Facilities OR Rural and Urban Facilities,Total,value in Absolute Number,
hmis_number_of_adolscent_adult_deaths_due_to_tuberculosis_public_and_private_facilities_or_rural_and_urban_facilities_value_in_absolute_number,HMIS,,Number of Adolscent / Adult deaths due to Tuberculosis,M16 Details of deaths reported with probable causes:,Public and Private Facilities OR Rural and Urban Facilities,Total,value in Absolute Number,
hmis_number_of_adolscent_adult_deaths_due_to_respiratory_diseases_including_infections_other_than_tb_public_and_private_facilities_or_rural_and_urban_facilities_value_in_absolute_n,HMIS,,Number of Adolscent / Adult deaths due to Respiratory diseases including infections (other than TB),M16 Details of deaths reported with probable causes:,Public and Private Facilities OR Rural and Urban Facilities,Total,value in Absolute Number,
hmis_number_of_adolscent_adult_deaths_due_to_other_fever_related_public_and_private_facilities_or_rural_and_urban_facilities_value_in_absolute_number,HMIS,,Number of Adolscent / Adult deaths due to Other Fever Related,M16 Details of deaths reported with probable causes:,Public and Private Facilities OR Rural and Urban Facilities,Total,value in Absolute Number,
hmis_number_of_adolscent_adult_deaths_due_to_hiv_aids_public_and_private_facilities_or_rural_and_urban_facilities_value_in_absolute_number,HMIS,,Number of Adolscent / Adult deaths due to HIV/AIDS,M16 Details of deaths reported with probable causes:,Public and Private Facilities OR Rural and Urban Facilities,Total,value in Absolute Number,
hmis_number_of_adolscent_adult_deaths_due_to_heart_disease_hypertension_related_public_and_private_facilities_or_rural_and_urban_facilities_value_in_absolute_number,HMIS,,Number of Adolscent / Adult deaths due to Heart disease/Hypertension related,M16 Details of deaths reported with probable causes:,Public and Private Facilities OR Rural and Urban Facilities,Total,value in Absolute Number,
hmis_number_of_female_non_anc_sti_rti_attendees_found_sero_positive_for_syphilis_public_and_private_facilities_or_rural_and_urban_facilities_value_in_absolute_number,HMIS,,Number of Female (Non ANC) STI/RTI attendees found sero Positive for syphilis,M15 Laboratory Testing,Public and Private Facilities OR Rural and Urban Facilities,Total,value in Absolute Number,
hmis_widal_tests_number_tested_public_and_private_facilities_or_rural_and_urban_facilities_value_in_absolute_number,HMIS,,Widal tests - Number Tested,M15 Laboratory Testing,Public and Private Facilities OR Rural and Urban Facilities,Total,value in Absolute Number,
hmis_widal_tests_number_positive_public_and_private_facilities_or_rural_and_urban_facilities_value_in_absolute_number,HMIS,,Widal tests - Number Positive,M15 Laboratory Testing,Public and Private Facilities OR Rural and Urban Facilities,Total,value in Absolute Number,
hmis_radiology_x_ray_public_and_private_facilities_or_rural_and_urban_facilities_value_in_absolute_number,HMIS,,Radiology - X-ray,M15 Laboratory Testing,Public and Private Facilities OR Rural and Urban Facilities,Total,value in Absolute Number,
hmis_radiology_ultrasonography_usg_public_and_private_facilities_or_rural_and_urban_facilities_value_in_absolute_number,HMIS,,Radiology - Ultrasonography (USG),M15 Laboratory Testing,Public and Private Facilities OR Rural and Urban Facilities,Total,value in Absolute Number,
hmis_infant_deaths_within_24_hours_1_to_23_hours_of_birth_public_and_private_facilities_or_rural_and_urban_facilities_value_in_absolute_number,HMIS,,Infant deaths within 24 hours (1 to 23 hours) of birth,M16 Details of deaths reported with probable causes:,Public and Private Facilities OR Rural and Urban Facilities,Total,value in Absolute Number,
hmis_infant_deaths_up_to_4_weeks_due_to_sepsis_public_and_private_facilities_or_rural_and_urban_facilities_value_in_absolute_number,HMIS,,Infant Deaths up to 4 weeks due to Sepsis,M16 Details of deaths reported with probable causes:,Public and Private Facilities OR Rural and Urban Facilities,Total,value in Absolute Number,
hmis_infant_deaths_up_to_4_weeks_due_to_asphyxia_public_and_private_facilities_or_rural_and_urban_facilities_value_in_absolute_number,HMIS,,Infant Deaths up to 4 weeks due to Asphyxia,M16 Details of deaths reported with probable causes:,Public and Private Facilities OR Rural and Urban Facilities,Total,value in Absolute Number,
hmis_infant_deaths_up_to_4_weeks_due_to_other_causes_public_and_private_facilities_or_rural_and_urban_facilities_value_in_absolute_number,HMIS,,Infant Deaths up to 4 weeks due to Other causes,M16 Details of deaths reported with probable causes:,Public and Private Facilities OR Rural and Urban Facilities,Total,value in Absolute Number,
hmis_number_of_infant_deaths_1_12_months_due_to_pneumonia_public_and_private_facilities_or_rural_and_urban_facilities_value_in_absolute_number,HMIS,,Number of Infant Deaths (1 -12 months) due to Pneumonia,M16 Details of deaths reported with probable causes:,Public and Private Facilities OR Rural and Urban Facilities,Total,value in Absolute Number,
hmis_number_of_infant_deaths_1_12_months_due_to_diarrhoea_public_and_private_facilities_or_rural_and_urban_facilities_value_in_absolute_number,HMIS,,Number of Infant Deaths (1 -12 months) due to Diarrhoea,M16 Details of deaths reported with probable causes:,Public and Private Facilities OR Rural and Urban Facilities,Total,value in Absolute Number,
hmis_number_of_infant_deaths_1_12_months_due_to_fever_related_public_and_private_facilities_or_rural_and_urban_facilities_value_in_absolute_number,HMIS,,Number of Infant Deaths (1 -12 months) due to Fever related,M16 Details of deaths reported with probable causes:,Public and Private Facilities OR Rural and Urban Facilities,Total,value in Absolute Number,
hmis_number_of_infant_deaths_1_12_months_due_to_measles_public_and_private_facilities_or_rural_and_urban_facilities_value_in_absolute_number,HMIS,,Number of Infant Deaths (1 -12 months) due to Measles,M16 Details of deaths reported with probable causes:,Public and Private Facilities OR Rural and Urban Facilities,Total,value in Absolute Number,
hmis_number_of_infant_deaths_1_12_months_due_to_others_public_and_private_facilities_or_rural_and_urban_facilities_value_in_absolute_number,HMIS,,Number of Infant Deaths (1 -12 months) due to Others,M16 Details of deaths reported with probable causes:,Public and Private Facilities OR Rural and Urban Facilities,Total,value in Absolute Number,
hmis_number_of_child_deaths_1_5_years_due_to_pneumonia_public_and_private_facilities_or_rural_and_urban_facilities_value_in_absolute_number,HMIS,,Number of Child Deaths (1 -5 years) due to Pneumonia,M16 Details of deaths reported with probable causes:,Public and Private Facilities OR Rural and Urban Facilities,Total,value in Absolute Number,
hmis_number_of_child_deaths_1_5_years_due_to_diarrhoea_public_and_private_facilities_or_rural_and_urban_facilities_value_in_absolute_number,HMIS,,Number of Child Deaths (1 -5 years) due to Diarrhoea,M16 Details of deaths reported with probable causes:,Public and Private Facilities OR Rural and Urban Facilities,Total,value in Absolute Number,
hmis_blood_units_issued_on_replacement_any_donors_to_be_considered_as_replacement_donations_public_and_private_facilities_or_rural_and_urban_facilities_value_in_absolute_number,HMIS,,Blood Units Issued on replacement (Any Donors to be considered as replacement donations),M14 Patient Services,Public and Private Facilities OR Rural and Urban Facilities,Total,value in Absolute Number,
hmis_total_number_of_blood_units_issued_in_month_public_and_private_facilities_or_rural_and_urban_facilities_value_in_absolute_number,HMIS,,Total number of blood units issued in month,M14 Patient Services,Public and Private Facilities OR Rural and Urban Facilities,Total,value in Absolute Number,
hmis_patient_satisfaction_score_of_the_facility_in_percentage_from_mera_aspatal_public_and_private_facilities_or_rural_and_urban_facilities_value_in_absolute_number,HMIS,,Patient Satisfaction Score of the facility in percentage (from Mera Aspatal),M14 Patient Services,Public and Private Facilities OR Rural and Urban Facilities,Total,value in Absolute Number,
hmis_number_of_lab_tests_done_public_and_private_facilities_or_rural_and_urban_facilities_value_in_absolute_number,HMIS,,Number of Lab Tests done,M15 Laboratory Testing,Public and Private Facilities OR Rural and Urban Facilities,Total,value in Absolute Number,
hmis_number_of_hb_tests_conducted_public_and_private_facilities_or_rural_and_urban_facilities_value_in_absolute_number,HMIS,,Number of Hb tests conducted,M15 Laboratory Testing,Public and Private Facilities OR Rural and Urban Facilities,Total,value in Absolute Number,
hmis_out_of_the_total_number_of_hb_tests_done_number_having_hb_7_mg_public_and_private_facilities_or_rural_and_urban_facilities_value_in_absolute_number,HMIS,,"Out of the total number of Hb tests done, Number having Hb < 7 mg",M15 Laboratory Testing,Public and Private Facilities OR Rural and Urban Facilities,Total,value in Absolute Number,
hmis_male_hiv_number_tested_by_finger_prick_test_public_and_private_facilities_or_rural_and_urban_facilities_value_in_absolute_number,HMIS,,Male HIV - Number Tested (by finger prick test),M15 Laboratory Testing,Public and Private Facilities OR Rural and Urban Facilities,Total,value in Absolute Number,
hmis_male_hiv_number_positive_public_and_private_facilities_or_rural_and_urban_facilities_value_in_absolute_number,HMIS,,Male HIV - Number Positive,M15 Laboratory Testing,Public and Private Facilities OR Rural and Urban Facilities,Total,value in Absolute Number,
hmis_female_non_anc_hiv_number_tested_by_finger_prick_test_public_and_private_facilities_or_rural_and_urban_facilities_value_in_absolute_number,HMIS,,Female Non ANC HIV - Number Tested (by finger prick test),M15 Laboratory Testing,Public and Private Facilities OR Rural and Urban Facilities,Total,value in Absolute Number,
hmis_female_non_anc_hiv_number_positive_public_and_private_facilities_or_rural_and_urban_facilities_value_in_absolute_number,HMIS,,Female Non ANC HIV - Number Positive,M15 Laboratory Testing,Public and Private Facilities OR Rural and Urban Facilities,Total,value in Absolute Number,
hmis_number_of_pregnant_women_screened_for_hiv_by_finger_prick_test_public_and_private_facilities_or_rural_and_urban_facilities_value_in_absolute_number,HMIS,,Number of pregnant women screened for HIV (by finger prick test),M15 Laboratory Testing,Public and Private Facilities OR Rural and Urban Facilities,Total,value in Absolute Number,
hmis_out_of_the_above_number_screened_positive_public_and_private_facilities_or_rural_and_urban_facilities_value_in_absolute_number,HMIS,,"Out of the above, number screened positive",M15 Laboratory Testing,Public and Private Facilities OR Rural and Urban Facilities,Total,value in Absolute Number,
hmis_out_of_the_above_number_screened_positive_number_confirmed_with_hiv_infection_at_integrated_counselling_and_testing_centre_ictc_public_and_private_facilities_or_rural_and_urba,HMIS,,"Out of the above number screened positive, number confirmed with HIV infection at Integrated Counselling and Testing Centre (ICTC)",M15 Laboratory Testing,Public and Private Facilities OR Rural and Urban Facilities,Total,value in Absolute Number,
hmis_number_of_male_sti_rti_attendees_tested_for_syphilis_public_and_private_facilities_or_rural_and_urban_facilities_value_in_absolute_number,HMIS,,Number of Male STI/RTI attendees tested for syphilis,M15 Laboratory Testing,Public and Private Facilities OR Rural and Urban Facilities,Total,value in Absolute Number,
hmis_number_of_male_sti_rti_attendeees_found_sero_positive_for_syphilis_public_and_private_facilities_or_rural_and_urban_facilities_value_in_absolute_number,HMIS,,Number of Male STI/RTI attendeees found sero Positive for syphilis,M15 Laboratory Testing,Public and Private Facilities OR Rural and Urban Facilities,Total,value in Absolute Number,
hmis_number_of_female_non_anc_sti_rti_attendees_tested_for_syphilis_public_and_private_facilities_or_rural_and_urban_facilities_value_in_absolute_number,HMIS,,Number of Female (Non ANC)STI/RTI attendees tested for syphilis,M15 Laboratory Testing,Public and Private Facilities OR Rural and Urban Facilities,Total,value in Absolute Number,
hmis_number_of_blood_transfusions_done_public_and_private_facilities_or_rural_and_urban_facilities_value_in_absolute_number,HMIS,,Number of blood transfusions done,M14 Patient Services,Public and Private Facilities OR Rural and Urban Facilities,Total,value in Absolute Number,
hmis_inpatient_deaths_male_public_and_private_facilities_or_rural_and_urban_facilities_value_in_absolute_number,HMIS,,Inpatient Deaths - Male,M14 Patient Services,Public and Private Facilities OR Rural and Urban Facilities,Total,value in Absolute Number,
hmis_inpatient_deaths_female_public_and_private_facilities_or_rural_and_urban_facilities_value_in_absolute_number,HMIS,,Inpatient Deaths - Female,M14 Patient Services,Public and Private Facilities OR Rural and Urban Facilities,Total,value in Absolute Number,
hmis_in_patient_head_count_at_midnight_public_and_private_facilities_or_rural_and_urban_facilities_value_in_absolute_number,HMIS,,In-Patient Head Count at midnight,M14 Patient Services,Public and Private Facilities OR Rural and Urban Facilities,Total,value in Absolute Number,
hmis_number_of_admission_in_nbsu_new_born_stabilisation_unit_public_and_private_facilities_or_rural_and_urban_facilities_value_in_absolute_number,HMIS,,Number of Admission in NBSU ( New Born Stabilisation Unit),M14 Patient Services,Public and Private Facilities OR Rural and Urban Facilities,Total,value in Absolute Number,
hmis_special_newborn_care_unit_sncu_admissions_inborn_male_public_and_private_facilities_or_rural_and_urban_facilities_value_in_absolute_number,HMIS,,Special Newborn Care Unit (SNCU Admissions) - Inborn Male,M14 Patient Services,Public and Private Facilities OR Rural and Urban Facilities,Total,value in Absolute Number,
hmis_special_newborn_care_unit_sncu_admissions_inborn_female_public_and_private_facilities_or_rural_and_urban_facilities_value_in_absolute_number,HMIS,,Special Newborn Care Unit (SNCU Admissions) - Inborn Female,M14 Patient Services,Public and Private Facilities OR Rural and Urban Facilities,Total,value in Absolute Number,
hmis_outborn_male_public_and_private_facilities_or_rural_and_urban_facilities_value_in_absolute_number,HMIS,,Outborn – Male,M14 Patient Services,Public and Private Facilities OR Rural and Urban Facilities,Total,value in Absolute Number,
hmis_outborn_female_public_and_private_facilities_or_rural_and_urban_facilities_value_in_absolute_number,HMIS,,Outborn - Female,M14 Patient Services,Public and Private Facilities OR Rural and Urban Facilities,Total,value in Absolute Number,
hmis_number_of_newborns_admitted_in_sncu_referred_by_asha_public_and_private_facilities_or_rural_and_urban_facilities_value_in_absolute_number,HMIS,,Number of newborns admitted in SNCU - referred by ASHA,M14 Patient Services,Public and Private Facilities OR Rural and Urban Facilities,Total,value in Absolute Number,
hmis_number_of_deaths_occurring_at_sncu_public_and_private_facilities_or_rural_and_urban_facilities_value_in_absolute_number,HMIS,,Number of deaths occurring at SNCU,M14 Patient Services,Public and Private Facilities OR Rural and Urban Facilities,Total,value in Absolute Number,
hmis_number_of_children_admitted_in_nrc_public_and_private_facilities_or_rural_and_urban_facilities_value_in_absolute_number,HMIS,,Number of children admitted in NRC,M14 Patient Services,Public and Private Facilities OR Rural and Urban Facilities,Total,value in Absolute Number,
hmis_number_of_children_discharged_with_target_weight_gain_from_the_nrcs_public_and_private_facilities_or_rural_and_urban_facilities_value_in_absolute_number,HMIS,,Number of children discharged with target weight gain from the NRCs,M14 Patient Services,Public and Private Facilities OR Rural and Urban Facilities,Total,value in Absolute Number,
hmis_number_of_rogi_kalyan_samiti_rks_meetings_held_public_and_private_facilities_or_rural_and_urban_facilities_value_in_absolute_number,HMIS,,Number of Rogi Kalyan Samiti (RKS) meetings held,M14 Patient Services,Public and Private Facilities OR Rural and Urban Facilities,Total,value in Absolute Number,
hmis_number_of_anganwadi_centres_uphcs_reported_to_have_conducted_village_health_nutrition_day_vhnds_urban_health_nutrition_day_uhnds_outreach_special_outreach_public_and_private_f,HMIS,,Number of Anganwadi centres/ UPHCs reported to have conducted Village Health & Nutrition Day (VHNDs)/ Urban Health & Nutrition Day (UHNDs)/ Outreach / Special Outreach,M14 Patient Services,Public and Private Facilities OR Rural and Urban Facilities,Total,value in Absolute Number,
hmis_stock_out_rate_of_essential_drugs_public_and_private_facilities_or_rural_and_urban_facilities_value_in_absolute_number,HMIS,,Stock out rate of essential Drugs,M14 Patient Services,Public and Private Facilities OR Rural and Urban Facilities,Total,value in Absolute Number,
hmis_inpatient_diarrhea_with_dehydration_public_and_private_facilities_or_rural_and_urban_facilities_value_in_absolute_number,HMIS,,Inpatient - Diarrhea with dehydration,M14 Patient Services,Public and Private Facilities OR Rural and Urban Facilities,Total,value in Absolute Number,
hmis_inpatient_hepatitis_public_and_private_facilities_or_rural_and_urban_facilities_value_in_absolute_number,HMIS,,Inpatient - Hepatitis,M14 Patient Services,Public and Private Facilities OR Rural and Urban Facilities,Total,value in Absolute Number,
hmis_patients_registered_at_emergency_department_public_and_private_facilities_or_rural_and_urban_facilities_value_in_absolute_number,HMIS,,Patients registered at Emergency Department,M14 Patient Services,Public and Private Facilities OR Rural and Urban Facilities,Total,value in Absolute Number,
hmis_emergency_trauma_accident_injury_poisoning_etc_public_and_private_facilities_or_rural_and_urban_facilities_value_in_absolute_number,HMIS,,"Emergency - Trauma ( accident, injury, poisoning etc)",M14 Patient Services,Public and Private Facilities OR Rural and Urban Facilities,Total,value in Absolute Number,
hmis_emergency_burn_public_and_private_facilities_or_rural_and_urban_facilities_value_in_absolute_number,HMIS,,Emergency - Burn,M14 Patient Services,Public and Private Facilities OR Rural and Urban Facilities,Total,value in Absolute Number,
hmis_emergency_obstetrics_complications_public_and_private_facilities_or_rural_and_urban_facilities_value_in_absolute_number,HMIS,,Emergency - Obstetrics complications,M14 Patient Services,Public and Private Facilities OR Rural and Urban Facilities,Total,value in Absolute Number,
hmis_emergency_snake_bite_public_and_private_facilities_or_rural_and_urban_facilities_value_in_absolute_number,HMIS,,Emergency - Snake Bite,M14 Patient Services,Public and Private Facilities OR Rural and Urban Facilities,Total,value in Absolute Number,
hmis_emergency_acute_caridiac_emergencies_public_and_private_facilities_or_rural_and_urban_facilities_value_in_absolute_number,HMIS,,Emergency - Acute Caridiac Emergencies,M14 Patient Services,Public and Private Facilities OR Rural and Urban Facilities,Total,value in Absolute Number,
hmis_emergency_cva_cerebovascular_disease_public_and_private_facilities_or_rural_and_urban_facilities_value_in_absolute_number,HMIS,,Emergency - CVA ( Cerebovascular Disease),M14 Patient Services,Public and Private Facilities OR Rural and Urban Facilities,Total,value in Absolute Number,
hmis_number_of_deaths_occurring_at_emergency_department_public_and_private_facilities_or_rural_and_urban_facilities_value_in_absolute_number,HMIS,,Number of deaths occurring at Emergency Department,M14 Patient Services,Public and Private Facilities OR Rural and Urban Facilities,Total,value in Absolute Number,
hmis_operation_major_general_and_spinal_anaesthesia_public_and_private_facilities_or_rural_and_urban_facilities_value_in_absolute_number,HMIS,,Operation major (General and spinal anaesthesia),M14 Patient Services,Public and Private Facilities OR Rural and Urban Facilities,Total,value in Absolute Number,
hmis_out_of_operation_major_gynecology_hysterectomy_surgeries_public_and_private_facilities_or_rural_and_urban_facilities_value_in_absolute_number,HMIS,,"Out of Operation major, Gynecology- Hysterectomy surgeries",M14 Patient Services,Public and Private Facilities OR Rural and Urban Facilities,Total,value in Absolute Number,
hmis_major_surgeries_excluding_obstetrics_gynaecology_and_opthalmology_etc_public_and_private_facilities_or_rural_and_urban_facilities_value_in_absolute_number,HMIS,,"Major Surgeries excluding Obstetrics, Gynaecology and Opthalmology etc.",M14 Patient Services,Public and Private Facilities OR Rural and Urban Facilities,Total,value in Absolute Number,
hmis_operation_minor_no_or_local_anaesthesia_public_and_private_facilities_or_rural_and_urban_facilities_value_in_absolute_number,HMIS,,Operation minor (No or local anaesthesia),M14 Patient Services,Public and Private Facilities OR Rural and Urban Facilities,Total,value in Absolute Number,
hmis_number_of_post_operative_surgical_site_infection_public_and_private_facilities_or_rural_and_urban_facilities_value_in_absolute_number,HMIS,,Number of post operative Surgical Site infection,M14 Patient Services,Public and Private Facilities OR Rural and Urban Facilities,Total,value in Absolute Number,
hmis_number_of_blood_units_issued_public_and_private_facilities_or_rural_and_urban_facilities_value_in_absolute_number,HMIS,,Number of blood units issued,M14 Patient Services,Public and Private Facilities OR Rural and Urban Facilities,Total,value in Absolute Number,
hmis_outpatient_ophthalmic_related_public_and_private_facilities_or_rural_and_urban_facilities_value_in_absolute_number,HMIS,,Outpatient - Ophthalmic Related,M14 Patient Services,Public and Private Facilities OR Rural and Urban Facilities,Total,value in Absolute Number,
hmis_outpatient_dental_public_and_private_facilities_or_rural_and_urban_facilities_value_in_absolute_number,HMIS,,Outpatient - Dental,M14 Patient Services,Public and Private Facilities OR Rural and Urban Facilities,Total,value in Absolute Number,
hmis_outpatient_oncology_public_and_private_facilities_or_rural_and_urban_facilities_value_in_absolute_number,HMIS,,Outpatient - Oncology,M14 Patient Services,Public and Private Facilities OR Rural and Urban Facilities,Total,value in Absolute Number,
hmis_allopathic_outpatient_attendance_public_and_private_facilities_or_rural_and_urban_facilities_value_in_absolute_number,HMIS,,Allopathic- Outpatient attendance,M14 Patient Services,Public and Private Facilities OR Rural and Urban Facilities,Total,value in Absolute Number,
hmis_ayush_outpatient_attendance_public_and_private_facilities_or_rural_and_urban_facilities_value_in_absolute_number,HMIS,,Ayush - Outpatient attendance,M14 Patient Services,Public and Private Facilities OR Rural and Urban Facilities,Total,value in Absolute Number,
hmis_inpatient_male_children_18_years_public_and_private_facilities_or_rural_and_urban_facilities_value_in_absolute_number,HMIS,,Inpatient (Male) - Children < 18 years,M14 Patient Services,Public and Private Facilities OR Rural and Urban Facilities,Total,value in Absolute Number,
hmis_inpatient_male_adults_public_and_private_facilities_or_rural_and_urban_facilities_value_in_absolute_number,HMIS,,Inpatient (Male)- Adults,M14 Patient Services,Public and Private Facilities OR Rural and Urban Facilities,Total,value in Absolute Number,
hmis_inpatient_female_children_18_years_public_and_private_facilities_or_rural_and_urban_facilities_value_in_absolute_number,HMIS,,Inpatient (Female) - Children < 18 years,M14 Patient Services,Public and Private Facilities OR Rural and Urban Facilities,Total,value in Absolute Number,
hmis_inpatient_female_adults_public_and_private_facilities_or_rural_and_urban_facilities_value_in_absolute_number,HMIS,,Inpatient (Female)- Adults,M14 Patient Services,Public and Private Facilities OR Rural and Urban Facilities,Total,value in Absolute Number,
hmis_number_of_left_against_medical_advice_lama_cases_public_and_private_facilities_or_rural_and_urban_facilities_value_in_absolute_number,HMIS,,Number of Left Against Medical Advice (LAMA) cases,M14 Patient Services,Public and Private Facilities OR Rural and Urban Facilities,Total,value in Absolute Number,
hmis_inpatient_malaria_public_and_private_facilities_or_rural_and_urban_facilities_value_in_absolute_number,HMIS,,Inpatient - Malaria,M14 Patient Services,Public and Private Facilities OR Rural and Urban Facilities,Total,value in Absolute Number,
hmis_inpatient_dengue_public_and_private_facilities_or_rural_and_urban_facilities_value_in_absolute_number,HMIS,,Inpatient - Dengue,M14 Patient Services,Public and Private Facilities OR Rural and Urban Facilities,Total,value in Absolute Number,
hmis_inpatient_typhoid_public_and_private_facilities_or_rural_and_urban_facilities_value_in_absolute_number,HMIS,,Inpatient - Typhoid,M14 Patient Services,Public and Private Facilities OR Rural and Urban Facilities,Total,value in Absolute Number,
hmis_inpatient_asthma_chronic_obstructive_pulmonary_disease_copd_respiratory_infections_public_and_private_facilities_or_rural_and_urban_facilities_value_in_absolute_number,HMIS,,"Inpatient - Asthma, Chronic Obstructive Pulmonary Disease (COPD), Respiratory infections",M14 Patient Services,Public and Private Facilities OR Rural and Urban Facilities,Total,value in Absolute Number,
hmis_inpatient_tuberculosis_public_and_private_facilities_or_rural_and_urban_facilities_value_in_absolute_number,HMIS,,Inpatient - Tuberculosis,M14 Patient Services,Public and Private Facilities OR Rural and Urban Facilities,Total,value in Absolute Number,
hmis_inpatient_pyrexia_of_unknown_origin_puo_public_and_private_facilities_or_rural_and_urban_facilities_value_in_absolute_number,HMIS,,Inpatient - Pyrexia of unknown origin (PUO),M14 Patient Services,Public and Private Facilities OR Rural and Urban Facilities,Total,value in Absolute Number,
hmis_tests_conducted_for_je_public_and_private_facilities_or_rural_and_urban_facilities_value_in_absolute_number,HMIS,,Tests Conducted for JE,M11 NVBDCP,Public and Private Facilities OR Rural and Urban Facilities,Total,value in Absolute Number,
hmis_tests_positive_for_je_public_and_private_facilities_or_rural_and_urban_facilities_value_in_absolute_number,HMIS,,Tests Positive for JE,M11 NVBDCP,Public and Private Facilities OR Rural and Urban Facilities,Total,value in Absolute Number,
hmis_girls_registered_in_afhc_public_and_private_facilities_or_rural_and_urban_facilities_value_in_absolute_number,HMIS,,Girls registered in AFHC,M12 Adolscent Health,Public and Private Facilities OR Rural and Urban Facilities,Total,value in Absolute Number,
hmis_boys_registered_in_afhc_public_and_private_facilities_or_rural_and_urban_facilities_value_in_absolute_number,HMIS,,Boys registered in AFHC,M12 Adolscent Health,Public and Private Facilities OR Rural and Urban Facilities,Total,value in Absolute Number,
hmis_out_of_registered_girls_received_clinical_services_public_and_private_facilities_or_rural_and_urban_facilities_value_in_absolute_number,HMIS,,"Out of registered, Girls received clinical services",M12 Adolscent Health,Public and Private Facilities OR Rural and Urban Facilities,Total,value in Absolute Number,
hmis_out_of_registered_boys_received_clinical_services_public_and_private_facilities_or_rural_and_urban_facilities_value_in_absolute_number,HMIS,,"Out of registered, Boys received clinical services",M12 Adolscent Health,Public and Private Facilities OR Rural and Urban Facilities,Total,value in Absolute Number,
hmis_out_of_registered_girls_received_counselling_public_and_private_facilities_or_rural_and_urban_facilities_value_in_absolute_number,HMIS,,"Out of registered, Girls received counselling",M12 Adolscent Health,Public and Private Facilities OR Rural and Urban Facilities,Total,value in Absolute Number,
hmis_out_of_registered_boys_received_counselling_public_and_private_facilities_or_rural_and_urban_facilities_value_in_absolute_number,HMIS,,"Out of registered, Boys received counselling",M12 Adolscent Health,Public and Private Facilities OR Rural and Urban Facilities,Total,value in Absolute Number,
hmis_number_of_on_going_dots_patients_registered_public_and_private_facilities_or_rural_and_urban_facilities_value_in_absolute_number,HMIS,,Number of on-going DOTS patients registered,"M13 Directly Observed Treatment, Short-course (DOTS)",Public and Private Facilities OR Rural and Urban Facilities,Total,value in Absolute Number,
hmis_number_of_dots_cases_completed_successfully_public_and_private_facilities_or_rural_and_urban_facilities_value_in_absolute_number,HMIS,,Number of DOTS cases completed successfully,"M13 Directly Observed Treatment, Short-course (DOTS)",Public and Private Facilities OR Rural and Urban Facilities,Total,value in Absolute Number,
hmis_outpatient_diabetes_public_and_private_facilities_or_rural_and_urban_facilities_value_in_absolute_number,HMIS,,Outpatient - Diabetes,M14 Patient Services,Public and Private Facilities OR Rural and Urban Facilities,Total,value in Absolute Number,
hmis_outpatient_hypertension_public_and_private_facilities_or_rural_and_urban_facilities_value_in_absolute_number,HMIS,,Outpatient - Hypertension,M14 Patient Services,Public and Private Facilities OR Rural and Urban Facilities,Total,value in Absolute Number,
hmis_outpatient_stroke_paralysis_public_and_private_facilities_or_rural_and_urban_facilities_value_in_absolute_number,HMIS,,Outpatient - Stroke (Paralysis),M14 Patient Services,Public and Private Facilities OR Rural and Urban Facilities,Total,value in Absolute Number,
hmis_outpatient_acute_heart_diseases_public_and_private_facilities_or_rural_and_urban_facilities_value_in_absolute_number,HMIS,,Outpatient - Acute Heart Diseases,M14 Patient Services,Public and Private Facilities OR Rural and Urban Facilities,Total,value in Absolute Number,
hmis_outpatient_mental_illness_public_and_private_facilities_or_rural_and_urban_facilities_value_in_absolute_number,HMIS,,Outpatient - Mental illness,M14 Patient Services,Public and Private Facilities OR Rural and Urban Facilities,Total,value in Absolute Number,
hmis_outpatient_epilepsy_public_and_private_facilities_or_rural_and_urban_facilities_value_in_absolute_number,HMIS,,Outpatient - Epilepsy,M14 Patient Services,Public and Private Facilities OR Rural and Urban Facilities,Total,value in Absolute Number,
hmis_childhood_diseases_malaria_public_and_private_facilities_or_rural_and_urban_facilities_value_in_absolute_number,HMIS,,Childhood Diseases - Malaria,M10 Number of cases of Childhood Diseases (0-5 years),Public and Private Facilities OR Rural and Urban Facilities,Total,value in Absolute Number,
hmis_childhood_diseases_diarrhoea_public_and_private_facilities_or_rural_and_urban_facilities_value_in_absolute_number,HMIS,,Childhood Diseases - Diarrhoea,M10 Number of cases of Childhood Diseases (0-5 years),Public and Private Facilities OR Rural and Urban Facilities,Total,value in Absolute Number,
hmis_childhood_diseases_diarrhoea_treated_in_inpatients_public_and_private_facilities_or_rural_and_urban_facilities_value_in_absolute_number,HMIS,,Childhood Diseases - Diarrhoea treated in Inpatients,M10 Number of cases of Childhood Diseases (0-5 years),Public and Private Facilities OR Rural and Urban Facilities,Total,value in Absolute Number,
hmis_children_admitted_with_respiratory_infections_public_and_private_facilities_or_rural_and_urban_facilities_value_in_absolute_number,HMIS,,Children admitted with Respiratory Infections,M10 Number of cases of Childhood Diseases (0-5 years),Public and Private Facilities OR Rural and Urban Facilities,Total,value in Absolute Number,
hmis_childhood_diseases_severe_acute_malnutrition_sam_public_and_private_facilities_or_rural_and_urban_facilities_value_in_absolute_number,HMIS,,Childhood Diseases - Severe Acute Malnutrition (SAM),M10 Number of cases of Childhood Diseases (0-5 years),Public and Private Facilities OR Rural and Urban Facilities,Total,value in Absolute Number,
hmis_total_blood_smears_examined_for_malaria_public_and_private_facilities_or_rural_and_urban_facilities_value_in_absolute_number,HMIS,,Total Blood Smears Examined for Malaria,M11 NVBDCP,Public and Private Facilities OR Rural and Urban Facilities,Total,value in Absolute Number,
hmis_malaria_microscopy_tests_plasmodium_vivax_test_positive_public_and_private_facilities_or_rural_and_urban_facilities_value_in_absolute_number,HMIS,,Malaria (Microscopy Tests ) - Plasmodium Vivax test positive,M11 NVBDCP,Public and Private Facilities OR Rural and Urban Facilities,Total,value in Absolute Number,
hmis_malaria_microscopy_tests_plasmodium_falciparum_test_positive_public_and_private_facilities_or_rural_and_urban_facilities_value_in_absolute_number,HMIS,,Malaria (Microscopy Tests ) - Plasmodium Falciparum test positive,M11 NVBDCP,Public and Private Facilities OR Rural and Urban Facilities,Total,value in Absolute Number,
hmis_rdt_conducted_for_malaria_public_and_private_facilities_or_rural_and_urban_facilities_value_in_absolute_number,HMIS,,RDT conducted for Malaria,M11 NVBDCP,Public and Private Facilities OR Rural and Urban Facilities,Total,value in Absolute Number,
hmis_malaria_rdt_plasmodium_vivax_test_positive_public_and_private_facilities_or_rural_and_urban_facilities_value_in_absolute_number,HMIS,,Malaria (RDT) - Plasmodium Vivax test positive,M11 NVBDCP,Public and Private Facilities OR Rural and Urban Facilities,Total,value in Absolute Number,
hmis_malaria_rdt_plamodium_falciparum_test_positive_public_and_private_facilities_or_rural_and_urban_facilities_value_in_absolute_number,HMIS,,Malaria (RDT) - Plamodium Falciparum test positive,M11 NVBDCP,Public and Private Facilities OR Rural and Urban Facilities,Total,value in Absolute Number,
hmis_kala_azar_rdt_tests_conducted_public_and_private_facilities_or_rural_and_urban_facilities_value_in_absolute_number,HMIS,,Kala Azar (RDT) - Tests Conducted,M11 NVBDCP,Public and Private Facilities OR Rural and Urban Facilities,Total,value in Absolute Number,
hmis_kala_azar_positive_cases_public_and_private_facilities_or_rural_and_urban_facilities_value_in_absolute_number,HMIS,,Kala Azar Positive Cases,M11 NVBDCP,Public and Private Facilities OR Rural and Urban Facilities,Total,value in Absolute Number,
hmis_post_kala_azar_dermal_leishmaniasis_pkdl_cases_public_and_private_facilities_or_rural_and_urban_facilities_value_in_absolute_number,HMIS,,Post-kala-azar dermal leishmaniasis (PKDL) cases,M11 NVBDCP,Public and Private Facilities OR Rural and Urban Facilities,Total,value in Absolute Number,
hmis_dengue_rdt_test_positive_public_and_private_facilities_or_rural_and_urban_facilities_value_in_absolute_number,HMIS,,Dengue - RDT Test Positive,M11 NVBDCP,Public and Private Facilities OR Rural and Urban Facilities,Total,value in Absolute Number,
hmis_dengue_enzyme_linked_immuno_sorbent_assay_elisa_test_positive_public_and_private_facilities_or_rural_and_urban_facilities_value_in_absolute_number,HMIS,,Dengue - Enzyme- Linked Immuno Sorbent Assay (ELISA) Test Positive,M11 NVBDCP,Public and Private Facilities OR Rural and Urban Facilities,Total,value in Absolute Number,
hmis_number_of_immunisation_sessions_where_ashas_were_present_public_and_private_facilities_or_rural_and_urban_facilities_value_in_absolute_number,HMIS,,Number of Immunisation sessions where ASHAs were present,M9 CHILD IMMUNISATION,Public and Private Facilities OR Rural and Urban Facilities,Total,value in Absolute Number,
hmis_child_immunisation_vitamin_a_dose_1_public_and_private_facilities_or_rural_and_urban_facilities_value_in_absolute_number,HMIS,,Child immunisation - Vitamin A Dose - 1,M9 CHILD IMMUNISATION,Public and Private Facilities OR Rural and Urban Facilities,Total,value in Absolute Number,
hmis_child_immunisation_vitamin_a_dose_5_public_and_private_facilities_or_rural_and_urban_facilities_value_in_absolute_number,HMIS,,Child immunisation - Vitamin A Dose - 5,M9 CHILD IMMUNISATION,Public and Private Facilities OR Rural and Urban Facilities,Total,value in Absolute Number,
hmis_child_immunisation_vitamin_a_dose_9_public_and_private_facilities_or_rural_and_urban_facilities_value_in_absolute_number,HMIS,,Child immunisation - Vitamin A Dose - 9,M9 CHILD IMMUNISATION,Public and Private Facilities OR Rural and Urban Facilities,Total,value in Absolute Number,
hmis_number_of_children_6_59_months_provided_8_10_doses_1ml_of_ifa_syrup_bi_weekly_public_and_private_facilities_or_rural_and_urban_facilities_value_in_absolute_number,HMIS,,Number of children (6-59 months) provided 8-10 doses (1ml) of IFA syrup (Bi weekly),M9 CHILD IMMUNISATION,Public and Private Facilities OR Rural and Urban Facilities,Total,value in Absolute Number,
hmis_number_of_children_12_59_months_provided_albendazole_public_and_private_facilities_or_rural_and_urban_facilities_value_in_absolute_number,HMIS,,Number of children (12-59 months) provided Albendazole,M9 CHILD IMMUNISATION,Public and Private Facilities OR Rural and Urban Facilities,Total,value in Absolute Number,
hmis_number_of_severely_underweight_children_provided_health_checkup_0_5_years_public_and_private_facilities_or_rural_and_urban_facilities_value_in_absolute_number,HMIS,,Number of severely underweight children provided Health Checkup (0-5 years),M9 CHILD IMMUNISATION,Public and Private Facilities OR Rural and Urban Facilities,Total,value in Absolute Number,
hmis_childhood_diseases_pneumonia_public_and_private_facilities_or_rural_and_urban_facilities_value_in_absolute_number,HMIS,,Childhood Diseases - Pneumonia,M10 Number of cases of Childhood Diseases (0-5 years),Public and Private Facilities OR Rural and Urban Facilities,Total,value in Absolute Number,
hmis_childhood_diseases_asthma_public_and_private_facilities_or_rural_and_urban_facilities_value_in_absolute_number,HMIS,,Childhood Diseases - Asthma,M10 Number of cases of Childhood Diseases (0-5 years),Public and Private Facilities OR Rural and Urban Facilities,Total,value in Absolute Number,
hmis_childhood_diseases_sepsis_public_and_private_facilities_or_rural_and_urban_facilities_value_in_absolute_number,HMIS,,Childhood Diseases - Sepsis,M10 Number of cases of Childhood Diseases (0-5 years),Public and Private Facilities OR Rural and Urban Facilities,Total,value in Absolute Number,
hmis_childhood_diseases_diphtheria_public_and_private_facilities_or_rural_and_urban_facilities_value_in_absolute_number,HMIS,,Childhood Diseases - Diphtheria,M10 Number of cases of Childhood Diseases (0-5 years),Public and Private Facilities OR Rural and Urban Facilities,Total,value in Absolute Number,
hmis_childhood_diseases_pertussis_public_and_private_facilities_or_rural_and_urban_facilities_value_in_absolute_number,HMIS,,Childhood Diseases - Pertussis,M10 Number of cases of Childhood Diseases (0-5 years),Public and Private Facilities OR Rural and Urban Facilities,Total,value in Absolute Number,
hmis_childhood_diseases_tetanus_neonatorum_public_and_private_facilities_or_rural_and_urban_facilities_value_in_absolute_number,HMIS,,Childhood Diseases - Tetanus Neonatorum,M10 Number of cases of Childhood Diseases (0-5 years),Public and Private Facilities OR Rural and Urban Facilities,Total,value in Absolute Number,
hmis_childhood_diseases_tuberculosis_tb_public_and_private_facilities_or_rural_and_urban_facilities_value_in_absolute_number,HMIS,,Childhood Diseases - Tuberculosis (TB),M10 Number of cases of Childhood Diseases (0-5 years),Public and Private Facilities OR Rural and Urban Facilities,Total,value in Absolute Number,
hmis_childhood_diseases_acute_flaccid_paralysis_afp_public_and_private_facilities_or_rural_and_urban_facilities_value_in_absolute_number,HMIS,,Childhood Diseases - Acute Flaccid Paralysis(AFP),M10 Number of cases of Childhood Diseases (0-5 years),Public and Private Facilities OR Rural and Urban Facilities,Total,value in Absolute Number,
hmis_childhood_diseases_measles_public_and_private_facilities_or_rural_and_urban_facilities_value_in_absolute_number,HMIS,,Childhood Diseases - Measles,M10 Number of cases of Childhood Diseases (0-5 years),Public and Private Facilities OR Rural and Urban Facilities,Total,value in Absolute Number,
hmis_child_immunisation_after_12_months_je_1st_dose_public_and_private_facilities_or_rural_and_urban_facilities_value_in_absolute_number,HMIS,,Child immunisation (after 12 months) - JE 1st dose,M9 CHILD IMMUNISATION,Public and Private Facilities OR Rural and Urban Facilities,Total,value in Absolute Number,
hmis_child_immunisation_measles_rubella_mr_2nd_dose_16_24_months_public_and_private_facilities_or_rural_and_urban_facilities_value_in_absolute_number,HMIS,,Child immunisation - Measles & Rubella (MR)- 2nd Dose (16-24 months),M9 CHILD IMMUNISATION,Public and Private Facilities OR Rural and Urban Facilities,Total,value in Absolute Number,
hmis_child_immunisation_measles_2nd_dose_more_than_16_months_public_and_private_facilities_or_rural_and_urban_facilities_value_in_absolute_number,HMIS,,Child immunisation - Measles 2nd dose (More than 16 months),M9 CHILD IMMUNISATION,Public and Private Facilities OR Rural and Urban Facilities,Total,value in Absolute Number,
hmis_child_immunisation_dpt_1st_booster_public_and_private_facilities_or_rural_and_urban_facilities_value_in_absolute_number,HMIS,,Child immunisation - DPT 1st Booster,M9 CHILD IMMUNISATION,Public and Private Facilities OR Rural and Urban Facilities,Total,value in Absolute Number,
hmis_child_immunisation_opv_booster_public_and_private_facilities_or_rural_and_urban_facilities_value_in_absolute_number,HMIS,,Child immunisation - OPV Booster,M9 CHILD IMMUNISATION,Public and Private Facilities OR Rural and Urban Facilities,Total,value in Absolute Number,
hmis_child_immunisation_measles_mumps_rubella_mmr_vaccine_public_and_private_facilities_or_rural_and_urban_facilities_value_in_absolute_number,HMIS,,"Child immunisation - Measles, Mumps, Rubella (MMR) Vaccine",M9 CHILD IMMUNISATION,Public and Private Facilities OR Rural and Urban Facilities,Total,value in Absolute Number,
hmis_number_of_children_more_than_16_months_of_age_who_received_japanese_encephalitis_je_vaccine_public_and_private_facilities_or_rural_and_urban_facilities_value_in_absolute_numbe,HMIS,,Number of children more than 16 months of age who received Japanese Encephalitis (JE) vaccine,M9 CHILD IMMUNISATION,Public and Private Facilities OR Rural and Urban Facilities,Total,value in Absolute Number,
hmis_child_immunisation_typhoid_public_and_private_facilities_or_rural_and_urban_facilities_value_in_absolute_number,HMIS,,Child immunisation - Typhoid,M9 CHILD IMMUNISATION,Public and Private Facilities OR Rural and Urban Facilities,Total,value in Absolute Number,
hmis_children_more_than_5_years_received_dpt5_2nd_booster_public_and_private_facilities_or_rural_and_urban_facilities_value_in_absolute_number,HMIS,,Children more than 5 years received DPT5 (2nd Booster),M9 CHILD IMMUNISATION,Public and Private Facilities OR Rural and Urban Facilities,Total,value in Absolute Number,
hmis_children_more_than_10_years_received_tt10_td10_public_and_private_facilities_or_rural_and_urban_facilities_value_in_absolute_number,HMIS,,Children more than 10 years received TT10/ Td10,M9 CHILD IMMUNISATION,Public and Private Facilities OR Rural and Urban Facilities,Total,value in Absolute Number,
hmis_children_more_than_16_years_received_tt16_td16_public_and_private_facilities_or_rural_and_urban_facilities_value_in_absolute_number,HMIS,,Children more than 16 years received TT16/ Td16,M9 CHILD IMMUNISATION,Public and Private Facilities OR Rural and Urban Facilities,Total,value in Absolute Number,
hmis_number_of_cases_of_aefi_abscess_public_and_private_facilities_or_rural_and_urban_facilities_value_in_absolute_number,HMIS,,Number of cases of AEFI - Abscess,M9 CHILD IMMUNISATION,Public and Private Facilities OR Rural and Urban Facilities,Total,value in Absolute Number,
hmis_number_of_cases_of_aefi_death_public_and_private_facilities_or_rural_and_urban_facilities_value_in_absolute_number,HMIS,,Number of cases of AEFI - Death,M9 CHILD IMMUNISATION,Public and Private Facilities OR Rural and Urban Facilities,Total,value in Absolute Number,
hmis_number_of_cases_of_aefi_others_public_and_private_facilities_or_rural_and_urban_facilities_value_in_absolute_number,HMIS,,Number of cases of AEFI - Others,M9 CHILD IMMUNISATION,Public and Private Facilities OR Rural and Urban Facilities,Total,value in Absolute Number,
hmis_immunisation_sessions_planned_public_and_private_facilities_or_rural_and_urban_facilities_value_in_absolute_number,HMIS,,Immunisation sessions planned,M9 CHILD IMMUNISATION,Public and Private Facilities OR Rural and Urban Facilities,Total,value in Absolute Number,
hmis_immunisation_sessions_held_public_and_private_facilities_or_rural_and_urban_facilities_value_in_absolute_number,HMIS,,Immunisation sessions held,M9 CHILD IMMUNISATION,Public and Private Facilities OR Rural and Urban Facilities,Total,value in Absolute Number,
hmis_child_immunisation_inactivated_injectable_polio_vaccine_1_ipv_1_public_and_private_facilities_or_rural_and_urban_facilities_value_in_absolute_number,HMIS,,Child immunisation - Inactivated Injectable Polio Vaccine 1 (IPV 1),M9 CHILD IMMUNISATION,Public and Private Facilities OR Rural and Urban Facilities,Total,value in Absolute Number,
hmis_child_immunisation_inactivated_injectable_polio_vaccine_2_ipv_2_public_and_private_facilities_or_rural_and_urban_facilities_value_in_absolute_number,HMIS,,Child immunisation - Inactivated Injectable Polio Vaccine 2 (IPV 2),M9 CHILD IMMUNISATION,Public and Private Facilities OR Rural and Urban Facilities,Total,value in Absolute Number,
hmis_child_immunisation_rotavirus_1_public_and_private_facilities_or_rural_and_urban_facilities_value_in_absolute_number,HMIS,,Child immunisation - Rotavirus 1,M9 CHILD IMMUNISATION,Public and Private Facilities OR Rural and Urban Facilities,Total,value in Absolute Number,
hmis_child_immunisation_rotavirus_2_public_and_private_facilities_or_rural_and_urban_facilities_value_in_absolute_number,HMIS,,Child immunisation - Rotavirus 2,M9 CHILD IMMUNISATION,Public and Private Facilities OR Rural and Urban Facilities,Total,value in Absolute Number,
hmis_child_immunisation_rotavirus_3_public_and_private_facilities_or_rural_and_urban_facilities_value_in_absolute_number,HMIS,,Child immunisation - Rotavirus 3,M9 CHILD IMMUNISATION,Public and Private Facilities OR Rural and Urban Facilities,Total,value in Absolute Number,
hmis_child_immunisation_pcv_1_public_and_private_facilities_or_rural_and_urban_facilities_value_in_absolute_number,HMIS,,Child Immunisation- PCV 1,M9 CHILD IMMUNISATION,Public and Private Facilities OR Rural and Urban Facilities,Total,value in Absolute Number,
hmis_child_immunisation_pcv_2_public_and_private_facilities_or_rural_and_urban_facilities_value_in_absolute_number,HMIS,,Child Immunisation- PCV 2,M9 CHILD IMMUNISATION,Public and Private Facilities OR Rural and Urban Facilities,Total,value in Absolute Number,
hmis_child_immunisation_pcv_booster_public_and_private_facilities_or_rural_and_urban_facilities_value_in_absolute_number,HMIS,,Child Immunisation- PCV Booster,M9 CHILD IMMUNISATION,Public and Private Facilities OR Rural and Urban Facilities,Total,value in Absolute Number,
hmis_child_immunisation_9_11months_measles_rubella_mr_measles_containing_vaccine_mcv_1st_dose_public_and_private_facilities_or_rural_and_urban_facilities_value_in_absolute_number,HMIS,,Child immunisation (9-11months) - Measles & Rubella (MR)/ Measles containing vaccine(MCV) - 1st Dose,M9 CHILD IMMUNISATION,Public and Private Facilities OR Rural and Urban Facilities,Total,value in Absolute Number,
hmis_child_immunisation_9_11months_measles_1st_dose_public_and_private_facilities_or_rural_and_urban_facilities_value_in_absolute_number,HMIS,,Child immunisation (9-11months) - Measles 1st dose,M9 CHILD IMMUNISATION,Public and Private Facilities OR Rural and Urban Facilities,Total,value in Absolute Number,
hmis_child_immunisation_9_11months_je_1st_dose_public_and_private_facilities_or_rural_and_urban_facilities_value_in_absolute_number,HMIS,,Child immunisation (9-11months) - JE 1st dose,M9 CHILD IMMUNISATION,Public and Private Facilities OR Rural and Urban Facilities,Total,value in Absolute Number,
hmis_children_aged_between_9_and_11_months_fully_immunized_male_public_and_private_facilities_or_rural_and_urban_facilities_value_in_absolute_number,HMIS,,Children aged between 9 and 11 months fully immunized- Male,M9 CHILD IMMUNISATION,Public and Private Facilities OR Rural and Urban Facilities,Total,value in Absolute Number,
hmis_children_aged_between_9_and_11_months_fully_immunized_female_public_and_private_facilities_or_rural_and_urban_facilities_value_in_absolute_number,HMIS,,Children aged between 9 and 11 months fully immunized - Female,M9 CHILD IMMUNISATION,Public and Private Facilities OR Rural and Urban Facilities,Total,value in Absolute Number,
hmis_child_immunisation_after_12_months_measles_rubella_mr_measles_containing_vaccine_mcv_1st_dose_public_and_private_facilities_or_rural_and_urban_facilities_value_in_absolute_num,HMIS,,Child immunisation(after 12 months) - Measles & Rubella (MR)/Measles containing vaccine(MCV)- 1st Dose,M9 CHILD IMMUNISATION,Public and Private Facilities OR Rural and Urban Facilities,Total,value in Absolute Number,
hmis_child_immunisation_after_12_months_measles_1st_dose_public_and_private_facilities_or_rural_and_urban_facilities_value_in_absolute_number,HMIS,,Child immunisation (after 12 months) - Measles-1st dose,M9 CHILD IMMUNISATION,Public and Private Facilities OR Rural and Urban Facilities,Total,value in Absolute Number,
hmis_child_immunisation_vitamin_k_birth_dose_public_and_private_facilities_or_rural_and_urban_facilities_value_in_absolute_number,HMIS,,Child immunisation - Vitamin K (Birth Dose),M9 CHILD IMMUNISATION,Public and Private Facilities OR Rural and Urban Facilities,Total,value in Absolute Number,
hmis_child_immunisation_bcg_public_and_private_facilities_or_rural_and_urban_facilities_value_in_absolute_number,HMIS,,Child immunisation - BCG,M9 CHILD IMMUNISATION,Public and Private Facilities OR Rural and Urban Facilities,Total,value in Absolute Number,
hmis_child_immunisation_dpt1_public_and_private_facilities_or_rural_and_urban_facilities_value_in_absolute_number,HMIS,,Child immunisation - DPT1,M9 CHILD IMMUNISATION,Public and Private Facilities OR Rural and Urban Facilities,Total,value in Absolute Number,
hmis_child_immunisation_dpt2_public_and_private_facilities_or_rural_and_urban_facilities_value_in_absolute_number,HMIS,,Child immunisation - DPT2,M9 CHILD IMMUNISATION,Public and Private Facilities OR Rural and Urban Facilities,Total,value in Absolute Number,
hmis_child_immunisation_dpt3_public_and_private_facilities_or_rural_and_urban_facilities_value_in_absolute_number,HMIS,,Child immunisation - DPT3,M9 CHILD IMMUNISATION,Public and Private Facilities OR Rural and Urban Facilities,Total,value in Absolute Number,
hmis_child_immunisation_pentavalent_1_public_and_private_facilities_or_rural_and_urban_facilities_value_in_absolute_number,HMIS,,Child immunisation - Pentavalent 1,M9 CHILD IMMUNISATION,Public and Private Facilities OR Rural and Urban Facilities,Total,value in Absolute Number,
hmis_child_immunisation_pentavalent_2_public_and_private_facilities_or_rural_and_urban_facilities_value_in_absolute_number,HMIS,,Child immunisation - Pentavalent 2,M9 CHILD IMMUNISATION,Public and Private Facilities OR Rural and Urban Facilities,Total,value in Absolute Number,
hmis_child_immunisation_pentavalent_3_public_and_private_facilities_or_rural_and_urban_facilities_value_in_absolute_number,HMIS,,Child immunisation - Pentavalent 3,M9 CHILD IMMUNISATION,Public and Private Facilities OR Rural and Urban Facilities,Total,value in Absolute Number,
hmis_child_immunisation_opv_0_birth_dose_public_and_private_facilities_or_rural_and_urban_facilities_value_in_absolute_number,HMIS,,Child immunisation - OPV 0 (Birth Dose),M9 CHILD IMMUNISATION,Public and Private Facilities OR Rural and Urban Facilities,Total,value in Absolute Number,
hmis_child_immunisation_opv1_public_and_private_facilities_or_rural_and_urban_facilities_value_in_absolute_number,HMIS,,Child immunisation - OPV1,M9 CHILD IMMUNISATION,Public and Private Facilities OR Rural and Urban Facilities,Total,value in Absolute Number,
hmis_child_immunisation_opv2_public_and_private_facilities_or_rural_and_urban_facilities_value_in_absolute_number,HMIS,,Child immunisation - OPV2,M9 CHILD IMMUNISATION,Public and Private Facilities OR Rural and Urban Facilities,Total,value in Absolute Number,
hmis_child_immunisation_opv3_public_and_private_facilities_or_rural_and_urban_facilities_value_in_absolute_number,HMIS,,Child immunisation - OPV3,M9 CHILD IMMUNISATION,Public and Private Facilities OR Rural and Urban Facilities,Total,value in Absolute Number,
hmis_child_immunisation_hepatitis_b0_birth_dose_public_and_private_facilities_or_rural_and_urban_facilities_value_in_absolute_number,HMIS,,Child immunisation - Hepatitis-B0 (Birth Dose),M9 CHILD IMMUNISATION,Public and Private Facilities OR Rural and Urban Facilities,Total,value in Absolute Number,
hmis_child_immunisation_hepatitis_b1_public_and_private_facilities_or_rural_and_urban_facilities_value_in_absolute_number,HMIS,,Child immunisation - Hepatitis-B1,M9 CHILD IMMUNISATION,Public and Private Facilities OR Rural and Urban Facilities,Total,value in Absolute Number,
hmis_child_immunisation_hepatitis_b2_public_and_private_facilities_or_rural_and_urban_facilities_value_in_absolute_number,HMIS,,Child immunisation - Hepatitis-B2,M9 CHILD IMMUNISATION,Public and Private Facilities OR Rural and Urban Facilities,Total,value in Absolute Number,
hmis_child_immunisation_hepatitis_b3_public_and_private_facilities_or_rural_and_urban_facilities_value_in_absolute_number,HMIS,,Child immunisation - Hepatitis-B3,M9 CHILD IMMUNISATION,Public and Private Facilities OR Rural and Urban Facilities,Total,value in Absolute Number,
hmis_number_of_complications_following_iucd_insertion_public_and_private_facilities_or_rural_and_urban_facilities_value_in_absolute_number,HMIS,,Number of complications following IUCD Insertion,M8 Family Planning,Public and Private Facilities OR Rural and Urban Facilities,Total,value in Absolute Number,
hmis_injectable_contraceptive_antara_program_first_dose_public_and_private_facilities_or_rural_and_urban_facilities_value_in_absolute_number,HMIS,,Injectable Contraceptive-Antara Program- First Dose,M8 Family Planning,Public and Private Facilities OR Rural and Urban Facilities,Total,value in Absolute Number,
hmis_injectable_contraceptive_antara_program_second_dose_public_and_private_facilities_or_rural_and_urban_facilities_value_in_absolute_number,HMIS,,Injectable Contraceptive-Antara Program- Second Dose,M8 Family Planning,Public and Private Facilities OR Rural and Urban Facilities,Total,value in Absolute Number,
hmis_injectable_contraceptive_antara_program_third_dose_public_and_private_facilities_or_rural_and_urban_facilities_value_in_absolute_number,HMIS,,Injectable Contraceptive-Antara Program- Third Dose,M8 Family Planning,Public and Private Facilities OR Rural and Urban Facilities,Total,value in Absolute Number,
hmis_injectable_contraceptive_antara_program_fourth_or_more_than_fourth_public_and_private_facilities_or_rural_and_urban_facilities_value_in_absolute_number,HMIS,,Injectable Contraceptive-Antara Program- Fourth or more than fourth,M8 Family Planning,Public and Private Facilities OR Rural and Urban Facilities,Total,value in Absolute Number,
hmis_number_of_combined_oral_pill_cycles_distributed_public_and_private_facilities_or_rural_and_urban_facilities_value_in_absolute_number,HMIS,,Number of Combined Oral Pill cycles distributed,M8 Family Planning,Public and Private Facilities OR Rural and Urban Facilities,Total,value in Absolute Number,
hmis_number_of_condom_pieces_distributed_public_and_private_facilities_or_rural_and_urban_facilities_value_in_absolute_number,HMIS,,Number of Condom pieces distributed,M9 Family Planning,Public and Private Facilities OR Rural and Urban Facilities,Total,value in Absolute Number,
hmis_number_of_centchroman_weekly_pill_strips_distributed_public_and_private_facilities_or_rural_and_urban_facilities_value_in_absolute_number,HMIS,,Number of Centchroman (weekly) pill strips distributed,M8 Family Planning,Public and Private Facilities OR Rural and Urban Facilities,Total,value in Absolute Number,
hmis_number_of_emergency_contraceptive_pills_ecp_given_public_and_private_facilities_or_rural_and_urban_facilities_value_in_absolute_number,HMIS,,Number of Emergency Contraceptive Pills (ECP) given,M8 Family Planning,Public and Private Facilities OR Rural and Urban Facilities,Total,value in Absolute Number,
hmis_number_of_pregnancy_test_kits_ptk_used_public_and_private_facilities_or_rural_and_urban_facilities_value_in_absolute_number,HMIS,,Number of Pregnancy Test Kits (PTK) used,M8 Family Planning,Public and Private Facilities OR Rural and Urban Facilities,Total,value in Absolute Number,
hmis_complications_following_male_sterilization_public_and_private_facilities_or_rural_and_urban_facilities_value_in_absolute_number,HMIS,,Complications following male sterilization,M8 Family Planning,Public and Private Facilities OR Rural and Urban Facilities,Total,value in Absolute Number,
hmis_complications_following_female_sterilization_public_and_private_facilities_or_rural_and_urban_facilities_value_in_absolute_number,HMIS,,Complications following female sterilization,M8 Family Planning,Public and Private Facilities OR Rural and Urban Facilities,Total,value in Absolute Number,
hmis_failures_following_male_sterilization_public_and_private_facilities_or_rural_and_urban_facilities_value_in_absolute_number,HMIS,,Failures following male sterilization,M8 Family Planning,Public and Private Facilities OR Rural and Urban Facilities,Total,value in Absolute Number,
hmis_failures_following_female_sterilization_public_and_private_facilities_or_rural_and_urban_facilities_value_in_absolute_number,HMIS,,Failures following female sterilization,M8 Family Planning,Public and Private Facilities OR Rural and Urban Facilities,Total,value in Absolute Number,
hmis_deaths_following_male_sterilization_public_and_private_facilities_or_rural_and_urban_facilities_value_in_absolute_number,HMIS,,Deaths following male sterilization,M8 Family Planning,Public and Private Facilities OR Rural and Urban Facilities,Total,value in Absolute Number,
hmis_deaths_following_female_sterilization_public_and_private_facilities_or_rural_and_urban_facilities_value_in_absolute_number,HMIS,,Deaths following female sterilization,M8 Family Planning,Public and Private Facilities OR Rural and Urban Facilities,Total,value in Absolute Number,
hmis_women_receiving_1st_post_partum_checkup_between_48_hours_and_14_days_public_and_private_facilities_or_rural_and_urban_facilities_value_in_absolute_number,HMIS,,Women receiving 1st post partum checkup between 48 hours and 14 days,M6 Post Natal Care (PNC),Public and Private Facilities OR Rural and Urban Facilities,Total,value in Absolute Number,
hmis_number_of_mothers_provided_full_course_of_180_ifa_tablets_after_delivery_public_and_private_facilities_or_rural_and_urban_facilities_value_in_absolute_number,HMIS,,Number of mothers provided full course of 180 IFA tablets after delivery,M6 Post Natal Care (PNC),Public and Private Facilities OR Rural and Urban Facilities,Total,value in Absolute Number,
hmis_number_of_mothers_provided_full_course_of_360_calcium_tablets_after_delivery_public_and_private_facilities_or_rural_and_urban_facilities_value_in_absolute_number,HMIS,,Number of mothers provided full course of 360 Calcium tablets after delivery,M6 Post Natal Care (PNC),Public and Private Facilities OR Rural and Urban Facilities,Total,value in Absolute Number,
hmis_new_rti_sti_cases_identified_male_public_and_private_facilities_or_rural_and_urban_facilities_value_in_absolute_number,HMIS,,New RTI/STI cases identified - Male,M7 Reproductive Tract Infections/Sexually Transmitted Infections (RTI/STI) Cases,Public and Private Facilities OR Rural and Urban Facilities,Total,value in Absolute Number,
hmis_new_rti_sti_cases_identified_female_public_and_private_facilities_or_rural_and_urban_facilities_value_in_absolute_number,HMIS,,New RTI/STI cases identified - Female,M7 Reproductive Tract Infections/Sexually Transmitted Infections (RTI/STI) Cases,Public and Private Facilities OR Rural and Urban Facilities,Total,value in Absolute Number,
hmis_rti_sti_for_which_treatment_initiated_male_public_and_private_facilities_or_rural_and_urban_facilities_value_in_absolute_number,HMIS,,RTI/STI for which treatment initiated - Male,M7 Reproductive Tract Infections/Sexually Transmitted Infections (RTI/STI) Cases,Public and Private Facilities OR Rural and Urban Facilities,Total,value in Absolute Number,
hmis_rti_sti_for_which_treatment_initiated_female_public_and_private_facilities_or_rural_and_urban_facilities_value_in_absolute_number,HMIS,,RTI/STI for which treatment initiated -Female,M7 Reproductive Tract Infections/Sexually Transmitted Infections (RTI/STI) Cases,Public and Private Facilities OR Rural and Urban Facilities,Total,value in Absolute Number,
hmis_number_of_non_scalpel_vasectomy_nsv_conventional_vasectomy_conducted_public_and_private_facilities_or_rural_and_urban_facilities_value_in_absolute_number,HMIS,,Number of Non Scalpel Vasectomy (NSV) / Conventional Vasectomy conducted,M8 Family Planning,Public and Private Facilities OR Rural and Urban Facilities,Total,value in Absolute Number,
hmis_number_of_laparoscopic_sterilizations_excluding_post_abortion_conducted_public_and_private_facilities_or_rural_and_urban_facilities_value_in_absolute_number,HMIS,,Number of Laparoscopic sterilizations (excluding post abortion) conducted,M8 Family Planning,Public and Private Facilities OR Rural and Urban Facilities,Total,value in Absolute Number,
hmis_number_of_interval_mini_lap_other_than_post_partum_and_post_abortion_sterilizations_conducted_public_and_private_facilities_or_rural_and_urban_facilities_value_in_absolute_num,HMIS,,Number of Interval Mini-lap (other than post-partum and post abortion) sterilizations conducted,M8 Family Planning,Public and Private Facilities OR Rural and Urban Facilities,Total,value in Absolute Number,
hmis_number_of_postpartum_sterilizations_within_7_days_of_delivery_by_minilap_or_concurrent_with_caesarean_section_conducted_public_and_private_facilities_or_rural_and_urban_facili,HMIS,,Number of Postpartum sterilizations (within 7 days of delivery by minilap or concurrent with caesarean section) conducted,M8 Family Planning,Public and Private Facilities OR Rural and Urban Facilities,Total,value in Absolute Number,
hmis_number_of_post_abortion_sterilizations_within_7_days_of_spontaneous_or_surgical_abortion_conducted_public_and_private_facilities_or_rural_and_urban_facilities_value_in_absolut,HMIS,,Number of Post Abortion sterilizations (within 7 days of spontaneous or surgical abortion) conducted,M8 Family Planning,Public and Private Facilities OR Rural and Urban Facilities,Total,value in Absolute Number,
hmis_number_of_interval_iucd_insertions_excluding_ppiucd_and_paiucd_public_and_private_facilities_or_rural_and_urban_facilities_value_in_absolute_number,HMIS,,Number of Interval IUCD Insertions (excluding PPIUCD and PAIUCD),M8 Family Planning,Public and Private Facilities OR Rural and Urban Facilities,Total,value in Absolute Number,
hmis_number_of_postpartum_within_48_hours_of_delivery_iucd_insertions_public_and_private_facilities_or_rural_and_urban_facilities_value_in_absolute_number,HMIS,,Number of Postpartum (within 48 hours of delivery) IUCD insertions,M8 Family Planning,Public and Private Facilities OR Rural and Urban Facilities,Total,value in Absolute Number,
hmis_number_of_post_abortion_within_12_days_of_spontaneous_or_surgical_abortion_iucd_insertions_public_and_private_facilities_or_rural_and_urban_facilities_value_in_absolute_number,HMIS,,Number of Post Abortion (within 12 days of spontaneous or surgical abortion) IUCD insertions,M8 Family Planning,Public and Private Facilities OR Rural and Urban Facilities,Total,value in Absolute Number,
hmis_number_of_iucd_removals_public_and_private_facilities_or_rural_and_urban_facilities_value_in_absolute_number,HMIS,,Number of IUCD removals,M9 Family Planning,Public and Private Facilities OR Rural and Urban Facilities,Total,value in Absolute Number,
hmis_live_birth_male_public_and_private_facilities_or_rural_and_urban_facilities_value_in_absolute_number,HMIS,,Live Birth - Male,M4 Pregnancy outcome & details of new-born,Public and Private Facilities OR Rural and Urban Facilities,Total,value in Absolute Number,
hmis_live_birth_female_public_and_private_facilities_or_rural_and_urban_facilities_value_in_absolute_number,HMIS,,Live Birth - Female,M4 Pregnancy outcome & details of new-born,Public and Private Facilities OR Rural and Urban Facilities,Total,value in Absolute Number,
hmis_number_of_pre_term_newborns_37_weeks_of_pregnancy_public_and_private_facilities_or_rural_and_urban_facilities_value_in_absolute_number,HMIS,,Number of Pre term newborns ( < 37 weeks of pregnancy),M4 Pregnancy outcome & details of new-born,Public and Private Facilities OR Rural and Urban Facilities,Total,value in Absolute Number,
hmis_still_birth_public_and_private_facilities_or_rural_and_urban_facilities_value_in_absolute_number,HMIS,,Still Birth,M4 Pregnancy outcome & details of new-born,Public and Private Facilities OR Rural and Urban Facilities,Total,value in Absolute Number,
hmis_abortion_spontaneous_public_and_private_facilities_or_rural_and_urban_facilities_value_in_absolute_number,HMIS,,Abortion (spontaneous),M4 Pregnancy outcome & details of new-born,Public and Private Facilities OR Rural and Urban Facilities,Total,value in Absolute Number,
hmis_mtp_up_to_12_weeks_of_pregnancy_public_and_private_facilities_or_rural_and_urban_facilities_value_in_absolute_number,HMIS,,MTP up to 12 weeks of pregnancy,M4 Pregnancy outcome & details of new-born,Public and Private Facilities OR Rural and Urban Facilities,Total,value in Absolute Number,
hmis_mtp_more_than_12_weeks_of_pregnancy_public_and_private_facilities_or_rural_and_urban_facilities_value_in_absolute_number,HMIS,,MTP more than 12 weeks of pregnancy,M4 Pregnancy outcome & details of new-born,Public and Private Facilities OR Rural and Urban Facilities,Total,value in Absolute Number,
hmis_post_abortion_mtp_complications_identified_public_and_private_facilities_or_rural_and_urban_facilities_value_in_absolute_number,HMIS,,Post Abortion/ MTP Complications Identified,M4 Pregnancy outcome & details of new-born,Public and Private Facilities OR Rural and Urban Facilities,Total,value in Absolute Number,
hmis_post_abortion_mtp_complications_treated_public_and_private_facilities_or_rural_and_urban_facilities_value_in_absolute_number,HMIS,,Post Abortion/ MTP Complications Treated,M4 Pregnancy outcome & details of new-born,Public and Private Facilities OR Rural and Urban Facilities,Total,value in Absolute Number,
hmis_number_of_women_provided_with_post_abortion_mtp_contraception_public_and_private_facilities_or_rural_and_urban_facilities_value_in_absolute_number,HMIS,,Number of women provided with post abortion/ MTP contraception,M4 Pregnancy outcome & details of new-born,Public and Private Facilities OR Rural and Urban Facilities,Total,value in Absolute Number,
hmis_number_of_newborns_weighed_at_birth_public_and_private_facilities_or_rural_and_urban_facilities_value_in_absolute_number,HMIS,,Number of Newborns weighed at birth,M4 Pregnancy outcome & weight of new-born,Public and Private Facilities OR Rural and Urban Facilities,Total,value in Absolute Number,
hmis_number_of_newborns_having_weight_less_than_2_5_kg_public_and_private_facilities_or_rural_and_urban_facilities_value_in_absolute_number,HMIS,,Number of Newborns having weight less than 2.5 kg,M4 Pregnancy outcome & weight of new-born,Public and Private Facilities OR Rural and Urban Facilities,Total,value in Absolute Number,
hmis_number_of_newborns_breast_fed_within_1_hour_of_birth_public_and_private_facilities_or_rural_and_urban_facilities_value_in_absolute_number,HMIS,,Number of Newborns breast fed within 1 hour of birth,M4 Pregnancy outcome & weight of new-born,Public and Private Facilities OR Rural and Urban Facilities,Total,value in Absolute Number,
hmis_number_of_cases_of_pregnant_women_with_obstetric_complications_attended_antepartum_haemorrhage_aph_post_partum_hemorrhage_pph_sepsis_eclampsia_and_others_public_and_private_fa,HMIS,,"Number of cases of pregnant women with Obstetric Complications attended (Antepartum haemorrhage (APH), Post-Partum Hemorrhage (PPH), Sepsis, Eclampsia and others)",M5 Complicated Pregnancies,Public and Private Facilities OR Rural and Urban Facilities,Total,value in Absolute Number,
hmis_number_of_complicated_pregnancies_treated_with_blood_transfusion_public_and_private_facilities_or_rural_and_urban_facilities_value_in_absolute_number,HMIS,,Number of Complicated pregnancies treated with Blood Transfusion,M5 Complicated Pregnancies,Public and Private Facilities OR Rural and Urban Facilities,Total,value in Absolute Number,
hmis_women_receiving_1st_post_partum_checkups_within_48_hours_of_home_delivery_public_and_private_facilities_or_rural_and_urban_facilities_value_in_absolute_number,HMIS,,Women receiving 1st post partum checkups within 48 hours of home delivery,M6 Post Natal Care (PNC),Public and Private Facilities OR Rural and Urban Facilities,Total,value in Absolute Number,
hmis_number_of_pregnant_women_tested_for_syphilis_public_and_private_facilities_or_rural_and_urban_facilities_value_in_absolute_number,HMIS,,Number of pregnant women tested for Syphilis,M1 Ante Natal Care (ANC),Public and Private Facilities OR Rural and Urban Facilities,Total,value in Absolute Number,
hmis_number_of_pregnant_women_tested_found_sero_positive_for_syphilis_public_and_private_facilities_or_rural_and_urban_facilities_value_in_absolute_number,HMIS,,Number of pregnant women tested found sero positive for Syphilis,M1 Ante Natal Care (ANC),Public and Private Facilities OR Rural and Urban Facilities,Total,value in Absolute Number,
hmis_number_of_syphilis_positive_pregnanat_women_treated_for_syphilis_public_and_private_facilities_or_rural_and_urban_facilities_value_in_absolute_number,HMIS,,Number of syphilis positive pregnanat women treated for Syphilis,M1 Ante Natal Care (ANC),Public and Private Facilities OR Rural and Urban Facilities,Total,value in Absolute Number,
hmis_number_of_babies_daignosed_with_congenital_syphilis_public_and_private_facilities_or_rural_and_urban_facilities_value_in_absolute_number,HMIS,,Number of babies daignosed with Congenital Syphilis,M1 Ante Natal Care (ANC),Public and Private Facilities OR Rural and Urban Facilities,Total,value in Absolute Number,
hmis_number_of_babies_treated_for_congenital_syphilis_public_and_private_facilities_or_rural_and_urban_facilities_value_in_absolute_number,HMIS,,Number of babies treated for congenital Syphilis,M1 Ante Natal Care (ANC),Public and Private Facilities OR Rural and Urban Facilities,Total,value in Absolute Number,
hmis_number_of_home_deliveries_attended_by_skill_birth_attendant_sba_doctor_nurse_anm_midwife_public_and_private_facilities_or_rural_and_urban_facilities_value_in_absolute_number,HMIS,,Number of Home Deliveries attended by Skill Birth Attendant(SBA) (Doctor/Nurse/ANM/ Midwife),M2 Deliveries,Public and Private Facilities OR Rural and Urban Facilities,Total,value in Absolute Number,
hmis_number_of_home_deliveries_attended_by_non_sba_trained_birth_attendant_tba_relatives_etc_public_and_private_facilities_or_rural_and_urban_facilities_value_in_absolute_number,HMIS,,Number of Home Deliveries attended by Non SBA (Trained Birth Attendant(TBA) /Relatives/etc.),M2 Deliveries,Public and Private Facilities OR Rural and Urban Facilities,Total,value in Absolute Number,
hmis_number_of_pw_given_tablet_misoprostol_during_home_delivery_public_and_private_facilities_or_rural_and_urban_facilities_value_in_absolute_number,HMIS,,Number of PW given Tablet Misoprostol during home delivery,M2 Deliveries,Public and Private Facilities OR Rural and Urban Facilities,Total,value in Absolute Number,
hmis_number_of_newborns_received_7_home_based_newborn_care_hbnc_visits_in_case_of_home_delivery_public_and_private_facilities_or_rural_and_urban_facilities_value_in_absolute_number,HMIS,,Number of newborns received 7 Home Based Newborn Care (HBNC) visits in case of Home delivery,M2 Deliveries,Public and Private Facilities OR Rural and Urban Facilities,Total,value in Absolute Number,
hmis_number_of_institutional_deliveries_conducted_including_c_sections_public_and_private_facilities_or_rural_and_urban_facilities_value_in_absolute_number,HMIS,,Number of Institutional Deliveries conducted (Including C-Sections),M2 Deliveries,Public and Private Facilities OR Rural and Urban Facilities,Total,value in Absolute Number,
hmis_out_of_total_institutional_deliveries_number_of_women_discharged_within_48_hours_of_delivery_public_and_private_facilities_or_rural_and_urban_facilities_value_in_absolute_numb,HMIS,,Out of total institutional deliveries number of women discharged within 48 hours of delivery,M2 Deliveries,Public and Private Facilities OR Rural and Urban Facilities,Total,value in Absolute Number,
hmis_number_of_newborns_received_6_hbnc_visits_after_institutional_delivery_public_and_private_facilities_or_rural_and_urban_facilities_value_in_absolute_number,HMIS,,Number of newborns received 6 HBNC visits after Institutional Delivery,M2 Deliveries,Public and Private Facilities OR Rural and Urban Facilities,Total,value in Absolute Number,
hmis_total_c_section_deliveries_performed_public_and_private_facilities_or_rural_and_urban_facilities_value_in_absolute_number,HMIS,,Total C -Section deliveries performed,M3 Number of Caesarean (C-Section) deliveries,Public and Private Facilities OR Rural and Urban Facilities,Total,value in Absolute Number,
hmis_c_sections_performed_at_night_8_pm_8_am_public_and_private_facilities_or_rural_and_urban_facilities_value_in_absolute_number,HMIS,,"C-sections, performed at night (8 PM- 8 AM)",M3 Number of Caesarean (C-Section) deliveries,Public and Private Facilities OR Rural and Urban Facilities,Total,value in Absolute Number,
hmis_number_of_pw_given_tt_booster_td_booster_public_and_private_facilities_or_rural_and_urban_facilities_value_in_absolute_number,HMIS,,Number of PW given TT Booster/ Td Booster,M1 Ante Natal Care (ANC),Public and Private Facilities OR Rural and Urban Facilities,Total,value in Absolute Number,
hmis_number_of_pw_provided_full_course_180_iron_folic_acid_ifa_tablets_public_and_private_facilities_or_rural_and_urban_facilities_value_in_absolute_number,HMIS,,Number of PW provided full Course 180 Iron Folic Acid (IFA) tablets,M1 Ante Natal Care (ANC),Public and Private Facilities OR Rural and Urban Facilities,Total,value in Absolute Number,
hmis_number_of_pw_provided_full_course_360_calcium_tablets_public_and_private_facilities_or_rural_and_urban_facilities_value_in_absolute_number,HMIS,,Number of PW provided full Course 360 Calcium tablets,M1 Ante Natal Care (ANC),Public and Private Facilities OR Rural and Urban Facilities,Total,value in Absolute Number,
hmis_number_of_pw_given_one_albendazole_tablet_after_1st_trimester_public_and_private_facilities_or_rural_and_urban_facilities_value_in_absolute_number,HMIS,,Number of PW given one Albendazole tablet after 1st trimester,M1 Ante Natal Care (ANC),Public and Private Facilities OR Rural and Urban Facilities,Total,value in Absolute Number,
hmis_number_of_pw_received_4_or_more_anc_check_ups_public_and_private_facilities_or_rural_and_urban_facilities_value_in_absolute_number,HMIS,,Number of PW received 4 or more ANC check ups,M1 Ante Natal Care (ANC),Public and Private Facilities OR Rural and Urban Facilities,Total,value in Absolute Number,
hmis_number_of_pw_given_anc_corticosteroids_in_pre_term_labour_public_and_private_facilities_or_rural_and_urban_facilities_value_in_absolute_number,HMIS,,Number of PW given ANC Corticosteroids in Pre Term Labour,M1 Ante Natal Care (ANC),Public and Private Facilities OR Rural and Urban Facilities,Total,value in Absolute Number,
hmis_new_cases_of_pw_with_hypertension_detected_public_and_private_facilities_or_rural_and_urban_facilities_value_in_absolute_number,HMIS,,New cases of PW with hypertension detected,M1 Ante Natal Care (ANC),Public and Private Facilities OR Rural and Urban Facilities,Total,value in Absolute Number,
hmis_out_of_the_new_cases_of_pw_with_hypertension_detected_cases_managed_at_institution_public_and_private_facilities_or_rural_and_urban_facilities_value_in_absolute_number,HMIS,,"Out of the new cases of PW with hypertension detected, cases managed at institution",M1 Ante Natal Care (ANC),Public and Private Facilities OR Rural and Urban Facilities,Total,value in Absolute Number,
hmis_number_of_eclampsia_cases_managed_during_delivery_public_and_private_facilities_or_rural_and_urban_facilities_value_in_absolute_number,HMIS,,Number of Eclampsia cases managed during delivery,M1 Ante Natal Care Services ANC,Public and Private Facilities OR Rural and Urban Facilities,Total,value in Absolute Number,
hmis_number_of_pw_tested_for_haemoglobin_hb_4_or_more_than_4_times_for_respective_ancs_public_and_private_facilities_or_rural_and_urban_facilities_value_in_absolute_number,HMIS,,Number of PW tested for Haemoglobin (Hb ) 4 or more than 4 times for respective ANCs,M1 Ante Natal Care (ANC),Public and Private Facilities OR Rural and Urban Facilities,Total,value in Absolute Number,
hmis_number_of_pw_having_hb_level_11_out_of_total_tested_cases_7_1_to_10_9_public_and_private_facilities_or_rural_and_urban_facilities_value_in_absolute_number,HMIS,,Number of PW having Hb level<11 (out of total tested cases)(7.1 to 10.9),M1 Ante Natal Care (ANC),Public and Private Facilities OR Rural and Urban Facilities,Total,value in Absolute Number,
hmis_number_of_pw_having_hb_level_7_out_of_total_tested_cases_public_and_private_facilities_or_rural_and_urban_facilities_value_in_absolute_number,HMIS,,Number of PW having Hb level<7 (out of total tested cases),M1 Ante Natal Care (ANC),Public and Private Facilities OR Rural and Urban Facilities,Total,value in Absolute Number,
hmis_number_of_pw_having_severe_anaemia_hb_7_treated_public_and_private_facilities_or_rural_and_urban_facilities_value_in_absolute_number,HMIS,,Number of PW having severe anaemia (Hb<7) treated,M1 Ante Natal Care (ANC),Public and Private Facilities OR Rural and Urban Facilities,Total,value in Absolute Number,
hmis_number_of_pw_tested_for_blood_sugar_using_ogtt_oral_glucose_tolerance_test_public_and_private_facilities_or_rural_and_urban_facilities_value_in_absolute_number,HMIS,,Number of PW tested for blood sugar using OGTT (Oral Glucose Tolerance Test),M1 Ante Natal Care (ANC),Public and Private Facilities OR Rural and Urban Facilities,Total,value in Absolute Number,
hmis_number_of_pw_tested_positive_for_gdm_public_and_private_facilities_or_rural_and_urban_facilities_value_in_absolute_number,HMIS,,Number of PW tested positive for GDM,M1 Ante Natal Care (ANC),Public and Private Facilities OR Rural and Urban Facilities,Total,value in Absolute Number,
hmis_number_of_pw_given_insulin_out_of_total_tested_positive_for_gdm_public_and_private_facilities_or_rural_and_urban_facilities_value_in_absolute_number,HMIS,,Number of PW given insulin out of total tested positive for GDM,M1 Ante Natal Care (ANC),Public and Private Facilities OR Rural and Urban Facilities,Total,value in Absolute Number,
hmis_total_number_of_pregnant_women_registered_for_anc_public_and_private_facilities_or_rural_and_urban_facilities_value_in_absolute_number,HMIS,,Total number of pregnant women Registered for ANC,M1 Ante Natal Care Services ANC,Public and Private Facilities OR Rural and Urban Facilities,Total,value in Absolute Number,
hmis_out_of_the_total_anc_registered_number_registered_within_1st_trimester_within_12_weeks_public_and_private_facilities_or_rural_and_urban_facilities_value_in_absolute_number,HMIS,,"Out of the total ANC registered, number registered within 1st trimester (within 12 weeks)",M1 Ante Natal Care (ANC),Public and Private Facilities OR Rural and Urban Facilities,Total,value in Absolute Number,
hmis_number_of_pw_given_tt1_td1_public_and_private_facilities_or_rural_and_urban_facilities_value_in_absolute_number,HMIS,,Number of PW given TT1/ Td1,M1 Ante Natal Care (ANC),Public and Private Facilities OR Rural and Urban Facilities,Total,value in Absolute Number,
hmis_number_of_pw_given_tt2_td2_public_and_private_facilities_or_rural_and_urban_facilities_value_in_absolute_number,HMIS,,Number of PW given TT2 / Td2,M1 Ante Natal Care (ANC),Public and Private Facilities OR Rural and Urban Facilities,Total,value in Absolute Number,
hmis_number_of_maternal_deaths_due_to_severe_hypertesnion_fits_rural_value_in_absolute_number,HMIS,,Number of Maternal Deaths due to Severe hypertesnion/fits,M16 Details of deaths reported with probable causes:,Rural,Total,value in Absolute Number,
hmis_male_hiv_number_tested_rural_value_in_absolute_number,HMIS,,Male HIV - Number Tested,M15 Laboratory Testing,Rural,Total,value in Absolute Number,
hmis_female_non_anc_hiv_number_tested_rural_value_in_absolute_number,HMIS,,Female Non ANC HIV - Number Tested,M15 Laboratory Testing,Rural,Total,value in Absolute Number,
hmis_number_of_pregnant_women_screened_for_hiv_rural_value_in_absolute_number,HMIS,,Number of pregnant women screened for HIV,M15 Laboratory Testing,Rural,Total,value in Absolute Number,
hmis_number_of_male_sti_rti_attendees_found_sero_positive_for_syphilis_rural_value_in_absolute_number,HMIS,,Number of Male STI/RTI attendees found sero Positive for syphilis,M15 Laboratory Testing,Rural,Total,value in Absolute Number,
hmis_blood_units_issued_on_replacement_family_donors_to_be_considered_as_replacement_donations_rural_value_in_absolute_number,HMIS,,Blood Units Issued on replacement (Family Donors to be considered as replacement donations),M14 Patient Services,Rural,Total,value in Absolute Number,
hmis_total_number_of_blood_units_issued_in_year_rural_value_in_absolute_number,HMIS,,Total number of blood units issued in year,M14 Patient Services,Rural,Total,value in Absolute Number,
hmis_infant_deaths_within_24_hrs_1_to_23_hrs_of_birth_rural_value_in_absolute_number,HMIS,,Infant deaths within 24 hrs(1 to 23 Hrs) of birth,M16 Details of deaths reported with probable causes:,Rural,Total,value in Absolute Number,
hmis_inpatient_female_children_18yrs_rural_value_in_absolute_number,HMIS,,Inpatient (Female)- Children<18yrs,M14 Patient Services,Rural,Total,value in Absolute Number,
hmis_number_of_severely_underweight_children_provided_health_checkup_0_5_yrs_rural_value_in_absolute_number,HMIS,,Number of severely underweight children provided Health Checkup (0-5 yrs),M9 CHILD IMMUNISATION,Rural,Total,value in Absolute Number,
hmis_inpatient_male_children_18yrs_rural_value_in_absolute_number,HMIS,,Inpatient (Male)- Children<18yrs,M14 Patient Services,Rural,Total,value in Absolute Number,
hmis_children_more_than_10_years_received_tt10_rural_value_in_absolute_number,HMIS,,Children more than 10 years received TT10,M9 CHILD IMMUNISATION,Rural,Total,value in Absolute Number,
hmis_children_more_than_16_years_received_tt16_rural_value_in_absolute_number,HMIS,,Children more than 16 years received TT16,M9 CHILD IMMUNISATION,Rural,Total,value in Absolute Number,
hmis_child_immunisation_9_11months_measles_rubella_mr_1st_dose_rural_value_in_absolute_number,HMIS,,Child immunisation (9-11months) - Measles & Rubella (MR)- 1st Dose,M9 CHILD IMMUNISATION,Rural,Total,value in Absolute Number,
hmis_child_immunisation_measles_rubella_mr_1st_dose_rural_value_in_absolute_number,HMIS,,Child immunisation - Measles & Rubella (MR)- 1st Dose,M9 CHILD IMMUNISATION,Rural,Total,value in Absolute Number,
hmis_child_immunisation_measles_1st_dose_rural_value_in_absolute_number,HMIS,,Child immunisation - Measles-1st dose,M9 CHILD IMMUNISATION,Rural,Total,value in Absolute Number,
hmis_child_immunisation_je_1st_dose_rural_value_in_absolute_number,HMIS,,Child immunisation - JE 1st dose,M9 CHILD IMMUNISATION,Rural,Total,value in Absolute Number,
hmis_children_admitted_with_upper_respiratory_infections_rural_value_in_absolute_number,HMIS,,Children admitted with upper respiratory infections,M10 Number of cases of Childhood Diseases (0-5 years),Rural,Total,value in Absolute Number,
hmis_number_of_mothers_provided_360_calcium_tablets_after_delivery_rural_value_in_absolute_number,HMIS,,Number of mothers provided 360 Calcium tablets after delivery,M6 Post Natal Care (PNC),Rural,Total,value in Absolute Number,
hmis_child_immunisation_inactivated_polio_vaccine_1_ipv_1_rural_value_in_absolute_number,HMIS,,Child immunisation - Inactivated Polio Vaccine 1 (IPV 1),M9 CHILD IMMUNISATION,Rural,Total,value in Absolute Number,
hmis_child_immunisation_inactivated_polio_vaccine_2_ipv_2_rural_value_in_absolute_number,HMIS,,Child immunisation - Inactivated Polio Vaccine 2 (IPV 2),M9 CHILD IMMUNISATION,Rural,Total,value in Absolute Number,
hmis_child_immunisation_vitamin_k1_birth_dose_rural_value_in_absolute_number,HMIS,,Child immunisation - Vitamin K1 (Birth Dose),M9 CHILD IMMUNISATION,Rural,Total,value in Absolute Number,
hmis_number_of_syphilis_positive_pregnant_women_treated_for_syphilis_rural_value_in_absolute_number,HMIS,,Number of syphilis positive pregnant women treated for Syphilis,M1 Ante Natal Care (ANC),Rural,Total,value in Absolute Number,
hmis_number_of_babies_diagnosed_with_congenital_syphilis_rural_value_in_absolute_number,HMIS,,Number of babies diagnosed with Congenital Syphilis,M1 Ante Natal Care (ANC),Rural,Total,value in Absolute Number,
hmis_number_of_pw_given_360_calcium_tablets_rural_value_in_absolute_number,HMIS,,Number of PW given 360 Calcium tablets,M1 Ante Natal Care (ANC),Rural,Total,value in Absolute Number,
hmis_number_of_pw_having_hb_level_11_tested_cases_7_1_to_10_9_rural_value_in_absolute_number,HMIS,,Number of PW having Hb level<11 (tested cases)(7.1 to 10.9),M1 Ante Natal Care (ANC),Rural,Total,value in Absolute Number,
hmis_number_of_pw_having_hb_level_7_tested_cases_rural_value_in_absolute_number,HMIS,,Number of PW having Hb level<7 (tested cases),M1 Ante Natal Care (ANC),Rural,Total,value in Absolute Number,
hmis_women_receiving_1st_post_partum_checkup_within_48_hours_of_home_delivery_rural_value_in_absolute_number,HMIS,,Women receiving 1st post partum checkup within 48 hours of home delivery,M6 Post Natal Care (PNC),Rural,Total,value in Absolute Number,
hmis_number_of_pw_given_tt1_rural_value_in_absolute_number,HMIS,,Number of PW given TT1,M1 Ante Natal Care (ANC),Rural,Total,value in Absolute Number,
hmis_number_of_pw_given_tt2_rural_value_in_absolute_number,HMIS,,Number of PW given TT2,M1 Ante Natal Care (ANC),Rural,Total,value in Absolute Number,
hmis_number_of_pw_given_tt_booster_rural_value_in_absolute_number,HMIS,,Number of PW given TT Booster,M1 Ante Natal Care (ANC),Rural,Total,value in Absolute Number,
hmis_number_of_pw_given_180_iron_folic_acid_ifa_tablets_rural_value_in_absolute_number,HMIS,,Number of PW given 180 Iron Folic Acid (IFA) tablets,M1 Ante Natal Care (ANC),Rural,Total,value in Absolute Number,
hmis_number_of_maternal_deaths_due_to_severe_hypertesnion_fits_urban_value_in_absolute_number,HMIS,,Number of Maternal Deaths due to Severe hypertesnion/fits,M16 Details of deaths reported with probable causes:,Urban,Total,value in Absolute Number,
hmis_number_of_male_sti_rti_attendees_found_sero_positive_for_syphilis_urban_value_in_absolute_number,HMIS,,Number of Male STI/RTI attendees found sero Positive for syphilis,M15 Laboratory Testing,Urban,Total,value in Absolute Number,
hmis_infant_deaths_within_24_hrs_1_to_23_hrs_of_birth_urban_value_in_absolute_number,HMIS,,Infant deaths within 24 hrs(1 to 23 Hrs) of birth,M16 Details of deaths reported with probable causes:,Urban,Total,value in Absolute Number,
hmis_male_hiv_number_tested_urban_value_in_absolute_number,HMIS,,Male HIV - Number Tested,M15 Laboratory Testing,Urban,Total,value in Absolute Number,
hmis_female_non_anc_hiv_number_tested_urban_value_in_absolute_number,HMIS,,Female Non ANC HIV - Number Tested,M15 Laboratory Testing,Urban,Total,value in Absolute Number,
hmis_number_of_pregnant_women_screened_for_hiv_urban_value_in_absolute_number,HMIS,,Number of pregnant women screened for HIV,M15 Laboratory Testing,Urban,Total,value in Absolute Number,
hmis_inpatient_male_children_18yrs_urban_value_in_absolute_number,HMIS,,Inpatient (Male)- Children<18yrs,M14 Patient Services,Urban,Total,value in Absolute Number,
hmis_inpatient_female_children_18yrs_urban_value_in_absolute_number,HMIS,,Inpatient (Female)- Children<18yrs,M14 Patient Services,Urban,Total,value in Absolute Number,
hmis_children_admitted_with_upper_respiratory_infections_urban_value_in_absolute_number,HMIS,,Children admitted with upper respiratory infections,M10 Number of cases of Childhood Diseases (0-5 years),Urban,Total,value in Absolute Number,
hmis_number_of_severely_underweight_children_provided_health_checkup_0_5_yrs_urban_value_in_absolute_number,HMIS,,Number of severely underweight children provided Health Checkup (0-5 yrs),M9 CHILD IMMUNISATION,Urban,Total,value in Absolute Number,
hmis_child_immunisation_measles_rubella_mr_1st_dose_urban_value_in_absolute_number,HMIS,,Child immunisation - Measles & Rubella (MR)- 1st Dose,M9 CHILD IMMUNISATION,Urban,Total,value in Absolute Number,
hmis_child_immunisation_measles_1st_dose_urban_value_in_absolute_number,HMIS,,Child immunisation - Measles-1st dose,M9 CHILD IMMUNISATION,Urban,Total,value in Absolute Number,
hmis_child_immunisation_je_1st_dose_urban_value_in_absolute_number,HMIS,,Child immunisation - JE 1st dose,M9 CHILD IMMUNISATION,Urban,Total,value in Absolute Number,
hmis_child_immunisation_inactivated_polio_vaccine_1_ipv_1_urban_value_in_absolute_number,HMIS,,Child immunisation - Inactivated Polio Vaccine 1 (IPV 1),M9 CHILD IMMUNISATION,Urban,Total,value in Absolute Number,
hmis_child_immunisation_inactivated_polio_vaccine_2_ipv_2_urban_value_in_absolute_number,HMIS,,Child immunisation - Inactivated Polio Vaccine 2 (IPV 2),M9 CHILD IMMUNISATION,Urban,Total,value in Absolute Number,
hmis_child_immunisation_vitamin_k1_birth_dose_urban_value_in_absolute_number,HMIS,,Child immunisation - Vitamin K1 (Birth Dose),M9 CHILD IMMUNISATION,Urban,Total,value in Absolute Number,
hmis_children_more_than_10_years_received_tt10_urban_value_in_absolute_number,HMIS,,Children more than 10 years received TT10,M9 CHILD IMMUNISATION,Urban,Total,value in Absolute Number,
hmis_children_more_than_16_years_received_tt16_urban_value_in_absolute_number,HMIS,,Children more than 16 years received TT16,M9 CHILD IMMUNISATION,Urban,Total,value in Absolute Number,
hmis_child_immunisation_9_11months_measles_rubella_mr_1st_dose_urban_value_in_absolute_number,HMIS,,Child immunisation (9-11months) - Measles & Rubella (MR)- 1st Dose,M9 CHILD IMMUNISATION,Urban,Total,value in Absolute Number,
hmis_women_receiving_1st_post_partum_checkup_within_48_hours_of_home_delivery_urban_value_in_absolute_number,HMIS,,Women receiving 1st post partum checkup within 48 hours of home delivery,M6 Post Natal Care (PNC),Urban,Total,value in Absolute Number,
hmis_number_of_mothers_provided_360_calcium_tablets_after_delivery_urban_value_in_absolute_number,HMIS,,Number of mothers provided 360 Calcium tablets after delivery,M6 Post Natal Care (PNC),Urban,Total,value in Absolute Number,
hmis_number_of_pw_having_hb_level_11_tested_cases_7_1_to_10_9_urban_value_in_absolute_number,HMIS,,Number of PW having Hb level<11 (tested cases)(7.1 to 10.9),M1 Ante Natal Care (ANC),Urban,Total,value in Absolute Number,
hmis_number_of_pw_having_hb_level_7_tested_cases_urban_value_in_absolute_number,HMIS,,Number of PW having Hb level<7 (tested cases),M1 Ante Natal Care (ANC),Urban,Total,value in Absolute Number,
hmis_number_of_pw_given_tt1_urban_value_in_absolute_number,HMIS,,Number of PW given TT1,M1 Ante Natal Care (ANC),Urban,Total,value in Absolute Number,
hmis_number_of_pw_given_tt2_urban_value_in_absolute_number,HMIS,,Number of PW given TT2,M1 Ante Natal Care (ANC),Urban,Total,value in Absolute Number,
hmis_number_of_pw_given_tt_booster_urban_value_in_absolute_number,HMIS,,Number of PW given TT Booster,M1 Ante Natal Care (ANC),Urban,Total,value in Absolute Number,
hmis_number_of_pw_given_180_iron_folic_acid_ifa_tablets_urban_value_in_absolute_number,HMIS,,Number of PW given 180 Iron Folic Acid (IFA) tablets,M1 Ante Natal Care (ANC),Urban,Total,value in Absolute Number,
hmis_number_of_pw_given_360_calcium_tablets_urban_value_in_absolute_number,HMIS,,Number of PW given 360 Calcium tablets,M1 Ante Natal Care (ANC),Urban,Total,value in Absolute Number,
hmis_number_of_syphilis_positive_pregnant_women_treated_for_syphilis_urban_value_in_absolute_number,HMIS,,Number of syphilis positive pregnant women treated for Syphilis,M1 Ante Natal Care (ANC),Urban,Total,value in Absolute Number,
hmis_number_of_babies_diagnosed_with_congenital_syphilis_urban_value_in_absolute_number,HMIS,,Number of babies diagnosed with Congenital Syphilis,M1 Ante Natal Care (ANC),Urban,Total,value in Absolute Number,
hmis_number_of_home_deliveries_attended_by_skill_birth_attendant_sba_doctor_nurse_anm_urban_value_in_absolute_number,HMIS,,Number of Home Deliveries attended by Skill Birth Attendant(SBA) (Doctor/Nurse/ANM),M2 Deliveries,Urban,Total,value in Absolute Number,
hmis_number_of_maternal_deaths_due_to_severe_hypertesnion_fits_private_value_in_absolute_number,HMIS,,Number of Maternal Deaths due to Severe hypertesnion/fits,M16 Details of deaths reported with probable causes:,Private,Total,value in Absolute Number,
hmis_infant_deaths_within_24_hrs_1_to_23_hrs_of_birth_private_value_in_absolute_number,HMIS,,Infant deaths within 24 hrs(1 to 23 Hrs) of birth,M16 Details of deaths reported with probable causes:,Private,Total,value in Absolute Number,
hmis_male_hiv_number_tested_private_value_in_absolute_number,HMIS,,Male HIV - Number Tested,M15 Laboratory Testing,Private,Total,value in Absolute Number,
hmis_female_non_anc_hiv_number_tested_private_value_in_absolute_number,HMIS,,Female Non ANC HIV - Number Tested,M15 Laboratory Testing,Private,Total,value in Absolute Number,
hmis_number_of_pregnant_women_screened_for_hiv_private_value_in_absolute_number,HMIS,,Number of pregnant women screened for HIV,M15 Laboratory Testing,Private,Total,value in Absolute Number,
hmis_inpatient_male_children_18yrs_private_value_in_absolute_number,HMIS,,Inpatient (Male)- Children<18yrs,M14 Patient Services,Private,Total,value in Absolute Number,
hmis_inpatient_female_children_18yrs_private_value_in_absolute_number,HMIS,,Inpatient (Female)- Children<18yrs,M14 Patient Services,Private,Total,value in Absolute Number,
hmis_children_admitted_with_upper_respiratory_infections_private_value_in_absolute_number,HMIS,,Children admitted with upper respiratory infections,M10 Number of cases of Childhood Diseases (0-5 years),Private,Total,value in Absolute Number,
hmis_number_of_severely_underweight_children_provided_health_checkup_0_5_yrs_private_value_in_absolute_number,HMIS,,Number of severely underweight children provided Health Checkup (0-5 yrs),M9 CHILD IMMUNISATION,Private,Total,value in Absolute Number,
hmis_children_more_than_10_years_received_tt10_private_value_in_absolute_number,HMIS,,Children more than 10 years received TT10,M9 CHILD IMMUNISATION,Private,Total,value in Absolute Number,
hmis_children_more_than_16_years_received_tt16_private_value_in_absolute_number,HMIS,,Children more than 16 years received TT16,M9 CHILD IMMUNISATION,Private,Total,value in Absolute Number,
hmis_child_immunisation_inactivated_polio_vaccine_1_ipv_1_private_value_in_absolute_number,HMIS,,Child immunisation - Inactivated Polio Vaccine 1 (IPV 1),M9 CHILD IMMUNISATION,Private,Total,value in Absolute Number,
hmis_child_immunisation_inactivated_polio_vaccine_2_ipv_2_private_value_in_absolute_number,HMIS,,Child immunisation - Inactivated Polio Vaccine 2 (IPV 2),M9 CHILD IMMUNISATION,Private,Total,value in Absolute Number,
hmis_child_immunisation_9_11months_measles_rubella_mr_1st_dose_private_value_in_absolute_number,HMIS,,Child immunisation (9-11months) - Measles & Rubella (MR)- 1st Dose,M9 CHILD IMMUNISATION,Private,Total,value in Absolute Number,
hmis_child_immunisation_vitamin_k1_birth_dose_private_value_in_absolute_number,HMIS,,Child immunisation - Vitamin K1 (Birth Dose),M9 CHILD IMMUNISATION,Private,Total,value in Absolute Number,
hmis_child_immunisation_measles_rubella_mr_1st_dose_private_value_in_absolute_number,HMIS,,Child immunisation - Measles & Rubella (MR)- 1st Dose,M9 CHILD IMMUNISATION,Private,Total,value in Absolute Number,
hmis_child_immunisation_measles_1st_dose_private_value_in_absolute_number,HMIS,,Child immunisation - Measles-1st dose,M9 CHILD IMMUNISATION,Private,Total,value in Absolute Number,
hmis_child_immunisation_je_1st_dose_private_value_in_absolute_number,HMIS,,Child immunisation - JE 1st dose,M9 CHILD IMMUNISATION,Private,Total,value in Absolute Number,
hmis_women_receiving_1st_post_partum_checkup_within_48_hours_of_home_delivery_private_value_in_absolute_number,HMIS,,Women receiving 1st post partum checkup within 48 hours of home delivery,M6 Post Natal Care (PNC),Private,Total,value in Absolute Number,
hmis_number_of_mothers_provided_360_calcium_tablets_after_delivery_private_value_in_absolute_number,HMIS,,Number of mothers provided 360 Calcium tablets after delivery,M6 Post Natal Care (PNC),Private,Total,value in Absolute Number,
hmis_number_of_syphilis_positive_pregnant_women_treated_for_syphilis_private_value_in_absolute_number,HMIS,,Number of syphilis positive pregnant women treated for Syphilis,M1 Ante Natal Care (ANC),Private,Total,value in Absolute Number,
hmis_number_of_babies_diagnosed_with_congenital_syphilis_private_value_in_absolute_number,HMIS,,Number of babies diagnosed with Congenital Syphilis,M1 Ante Natal Care (ANC),Private,Total,value in Absolute Number,
hmis_number_of_pw_given_tt1_private_value_in_absolute_number,HMIS,,Number of PW given TT1,M1 Ante Natal Care (ANC),Private,Total,value in Absolute Number,
hmis_number_of_pw_given_tt2_private_value_in_absolute_number,HMIS,,Number of PW given TT2,M1 Ante Natal Care (ANC),Private,Total,value in Absolute Number,
hmis_number_of_pw_given_tt_booster_private_value_in_absolute_number,HMIS,,Number of PW given TT Booster,M1 Ante Natal Care (ANC),Private,Total,value in Absolute Number,
hmis_number_of_pw_given_180_iron_folic_acid_ifa_tablets_private_value_in_absolute_number,HMIS,,Number of PW given 180 Iron Folic Acid (IFA) tablets,M1 Ante Natal Care (ANC),Private,Total,value in Absolute Number,
hmis_number_of_pw_given_360_calcium_tablets_private_value_in_absolute_number,HMIS,,Number of PW given 360 Calcium tablets,M1 Ante Natal Care (ANC),Private,Total,value in Absolute Number,
hmis_number_of_pw_having_hb_level_11_tested_cases_7_1_to_10_9_private_value_in_absolute_number,HMIS,,Number of PW having Hb level<11 (tested cases)(7.1 to 10.9),M1 Ante Natal Care (ANC),Private,Total,value in Absolute Number,
hmis_number_of_pw_having_hb_level_7_tested_cases_private_value_in_absolute_number,HMIS,,Number of PW having Hb level<7 (tested cases),M1 Ante Natal Care (ANC),Private,Total,value in Absolute Number,
hmis_female_non_anc_hiv_number_tested_public_value_in_absolute_number,HMIS,,Female Non ANC HIV - Number Tested,M15 Laboratory Testing,Public,Total,value in Absolute Number,
hmis_number_of_pregnant_women_screened_for_hiv_public_value_in_absolute_number,HMIS,,Number of pregnant women screened for HIV,M15 Laboratory Testing,Public,Total,value in Absolute Number,
hmis_number_of_male_sti_rti_attendees_found_sero_positive_for_syphilis_public_value_in_absolute_number,HMIS,,Number of Male STI/RTI attendees found sero Positive for syphilis,M15 Laboratory Testing,Public,Total,value in Absolute Number,
hmis_blood_units_issued_on_replacement_family_donors_to_be_considered_as_replacement_donations_public_value_in_absolute_number,HMIS,,Blood Units Issued on replacement (Family Donors to be considered as replacement donations),M14 Patient Services,Public,Total,value in Absolute Number,
hmis_total_number_of_blood_units_issued_in_year_public_value_in_absolute_number,HMIS,,Total number of blood units issued in year,M14 Patient Services,Public,Total,value in Absolute Number,
hmis_number_of_maternal_deaths_due_to_severe_hypertesnion_fits_public_value_in_absolute_number,HMIS,,Number of Maternal Deaths due to Severe hypertesnion/fits,M16 Details of deaths reported with probable causes:,Public,Total,value in Absolute Number,
hmis_infant_deaths_within_24_hrs_1_to_23_hrs_of_birth_public_value_in_absolute_number,HMIS,,Infant deaths within 24 hrs(1 to 23 Hrs) of birth,M16 Details of deaths reported with probable causes:,Public,Total,value in Absolute Number,
hmis_male_hiv_number_tested_public_value_in_absolute_number,HMIS,,Male HIV - Number Tested,M15 Laboratory Testing,Public,Total,value in Absolute Number,
hmis_children_admitted_with_upper_respiratory_infections_public_value_in_absolute_number,HMIS,,Children admitted with upper respiratory infections,M10 Number of cases of Childhood Diseases (0-5 years),Public,Total,value in Absolute Number,
hmis_inpatient_male_children_18yrs_public_value_in_absolute_number,HMIS,,Inpatient (Male)- Children<18yrs,M14 Patient Services,Public,Total,value in Absolute Number,
hmis_inpatient_female_children_18yrs_public_value_in_absolute_number,HMIS,,Inpatient (Female)- Children<18yrs,M14 Patient Services,Public,Total,value in Absolute Number,
hmis_children_more_than_10_years_received_tt10_public_value_in_absolute_number,HMIS,,Children more than 10 years received TT10,M9 CHILD IMMUNISATION,Public,Total,value in Absolute Number,
hmis_children_more_than_16_years_received_tt16_public_value_in_absolute_number,HMIS,,Children more than 16 years received TT16,M9 CHILD IMMUNISATION,Public,Total,value in Absolute Number,
hmis_child_immunisation_9_11months_measles_rubella_mr_1st_dose_public_value_in_absolute_number,HMIS,,Child immunisation (9-11months) - Measles & Rubella (MR)- 1st Dose,M9 CHILD IMMUNISATION,Public,Total,value in Absolute Number,
hmis_child_immunisation_measles_rubella_mr_1st_dose_public_value_in_absolute_number,HMIS,,Child immunisation - Measles & Rubella (MR)- 1st Dose,M9 CHILD IMMUNISATION,Public,Total,value in Absolute Number,
hmis_child_immunisation_measles_1st_dose_public_value_in_absolute_number,HMIS,,Child immunisation - Measles-1st dose,M9 CHILD IMMUNISATION,Public,Total,value in Absolute Number,
hmis_child_immunisation_je_1st_dose_public_value_in_absolute_number,HMIS,,Child immunisation - JE 1st dose,M9 CHILD IMMUNISATION,Public,Total,value in Absolute Number,
hmis_number_of_severely_underweight_children_provided_health_checkup_0_5_yrs_public_value_in_absolute_number,HMIS,,Number of severely underweight children provided Health Checkup (0-5 yrs),M9 CHILD IMMUNISATION,Public,Total,value in Absolute Number,
hmis_child_immunisation_inactivated_polio_vaccine_1_ipv_1_public_value_in_absolute_number,HMIS,,Child immunisation - Inactivated Polio Vaccine 1 (IPV 1),M9 CHILD IMMUNISATION,Public,Total,value in Absolute Number,
hmis_child_immunisation_inactivated_polio_vaccine_2_ipv_2_public_value_in_absolute_number,HMIS,,Child immunisation - Inactivated Polio Vaccine 2 (IPV 2),M9 CHILD IMMUNISATION,Public,Total,value in Absolute Number,
hmis_women_receiving_1st_post_partum_checkup_within_48_hours_of_home_delivery_public_value_in_absolute_number,HMIS,,Women receiving 1st post partum checkup within 48 hours of home delivery,M6 Post Natal Care (PNC),Public,Total,value in Absolute Number,
hmis_child_immunisation_vitamin_k1_birth_dose_public_value_in_absolute_number,HMIS,,Child immunisation - Vitamin K1 (Birth Dose),M9 CHILD IMMUNISATION,Public,Total,value in Absolute Number,
hmis_number_of_syphilis_positive_pregnant_women_treated_for_syphilis_public_value_in_absolute_number,HMIS,,Number of syphilis positive pregnant women treated for Syphilis,M1 Ante Natal Care (ANC),Public,Total,value in Absolute Number,
hmis_number_of_babies_diagnosed_with_congenital_syphilis_public_value_in_absolute_number,HMIS,,Number of babies diagnosed with Congenital Syphilis,M1 Ante Natal Care (ANC),Public,Total,value in Absolute Number,
hmis_number_of_home_deliveries_attended_by_skill_birth_attendant_sba_doctor_nurse_anm_public_value_in_absolute_number,HMIS,,Number of Home Deliveries attended by Skill Birth Attendant(SBA) (Doctor/Nurse/ANM),M2 Deliveries,Public,Total,value in Absolute Number,
hmis_number_of_pw_having_hb_level_11_tested_cases_7_1_to_10_9_public_value_in_absolute_number,HMIS,,Number of PW having Hb level<11 (tested cases)(7.1 to 10.9),M1 Ante Natal Care (ANC),Public,Total,value in Absolute Number,
hmis_number_of_pw_having_hb_level_7_tested_cases_public_value_in_absolute_number,HMIS,,Number of PW having Hb level<7 (tested cases),M1 Ante Natal Care (ANC),Public,Total,value in Absolute Number,
hmis_number_of_mothers_provided_360_calcium_tablets_after_delivery_public_value_in_absolute_number,HMIS,,Number of mothers provided 360 Calcium tablets after delivery,M6 Post Natal Care (PNC),Public,Total,value in Absolute Number,
hmis_number_of_pw_given_tt1_public_value_in_absolute_number,HMIS,,Number of PW given TT1,M1 Ante Natal Care (ANC),Public,Total,value in Absolute Number,
hmis_number_of_pw_given_tt2_public_value_in_absolute_number,HMIS,,Number of PW given TT2,M1 Ante Natal Care (ANC),Public,Total,value in Absolute Number,
hmis_number_of_pw_given_tt_booster_public_value_in_absolute_number,HMIS,,Number of PW given TT Booster,M1 Ante Natal Care (ANC),Public,Total,value in Absolute Number,
hmis_number_of_pw_given_180_iron_folic_acid_ifa_tablets_public_value_in_absolute_number,HMIS,,Number of PW given 180 Iron Folic Acid (IFA) tablets,M1 Ante Natal Care (ANC),Public,Total,value in Absolute Number,
hmis_number_of_pw_given_360_calcium_tablets_public_value_in_absolute_number,HMIS,,Number of PW given 360 Calcium tablets,M1 Ante Natal Care (ANC),Public,Total,value in Absolute Number,
hmis_number_of_maternal_deaths_due_to_severe_hypertesnion_fits_public_and_private_facilities_or_rural_and_urban_facilities_value_in_absolute_number,HMIS,,Number of Maternal Deaths due to Severe hypertesnion/fits,M16 Details of deaths reported with probable causes:,Public and Private Facilities OR Rural and Urban Facilities,Total,value in Absolute Number,
hmis_number_of_male_sti_rti_attendees_found_sero_positive_for_syphilis_public_and_private_facilities_or_rural_and_urban_facilities_value_in_absolute_number,HMIS,,Number of Male STI/RTI attendees found sero Positive for syphilis,M15 Laboratory Testing,Public and Private Facilities OR Rural and Urban Facilities,Total,value in Absolute Number,
hmis_infant_deaths_within_24_hrs_1_to_23_hrs_of_birth_public_and_private_facilities_or_rural_and_urban_facilities_value_in_absolute_number,HMIS,,Infant deaths within 24 hrs(1 to 23 Hrs) of birth,M16 Details of deaths reported with probable causes:,Public and Private Facilities OR Rural and Urban Facilities,Total,value in Absolute Number,
hmis_blood_units_issued_on_replacement_family_donors_to_be_considered_as_replacement_donations_public_and_private_facilities_or_rural_and_urban_facilities_value_in_absolute_number,HMIS,,Blood Units Issued on replacement (Family Donors to be considered as replacement donations),M14 Patient Services,Public and Private Facilities OR Rural and Urban Facilities,Total,value in Absolute Number,
hmis_total_number_of_blood_units_issued_in_year_public_and_private_facilities_or_rural_and_urban_facilities_value_in_absolute_number,HMIS,,Total number of blood units issued in year,M14 Patient Services,Public and Private Facilities OR Rural and Urban Facilities,Total,value in Absolute Number,
hmis_male_hiv_number_tested_public_and_private_facilities_or_rural_and_urban_facilities_value_in_absolute_number,HMIS,,Male HIV - Number Tested,M15 Laboratory Testing,Public and Private Facilities OR Rural and Urban Facilities,Total,value in Absolute Number,
hmis_female_non_anc_hiv_number_tested_public_and_private_facilities_or_rural_and_urban_facilities_value_in_absolute_number,HMIS,,Female Non ANC HIV - Number Tested,M15 Laboratory Testing,Public and Private Facilities OR Rural and Urban Facilities,Total,value in Absolute Number,
hmis_number_of_pregnant_women_screened_for_hiv_public_and_private_facilities_or_rural_and_urban_facilities_value_in_absolute_number,HMIS,,Number of pregnant women screened for HIV,M15 Laboratory Testing,Public and Private Facilities OR Rural and Urban Facilities,Total,value in Absolute Number,
hmis_inpatient_male_children_18yrs_public_and_private_facilities_or_rural_and_urban_facilities_value_in_absolute_number,HMIS,,Inpatient (Male)- Children<18yrs,M14 Patient Services,Public and Private Facilities OR Rural and Urban Facilities,Total,value in Absolute Number,
hmis_inpatient_female_children_18yrs_public_and_private_facilities_or_rural_and_urban_facilities_value_in_absolute_number,HMIS,,Inpatient (Female)- Children<18yrs,M14 Patient Services,Public and Private Facilities OR Rural and Urban Facilities,Total,value in Absolute Number,
hmis_children_admitted_with_upper_respiratory_infections_public_and_private_facilities_or_rural_and_urban_facilities_value_in_absolute_number,HMIS,,Children admitted with upper respiratory infections,M10 Number of cases of Childhood Diseases (0-5 years),Public and Private Facilities OR Rural and Urban Facilities,Total,value in Absolute Number,
hmis_number_of_severely_underweight_children_provided_health_checkup_0_5_yrs_public_and_private_facilities_or_rural_and_urban_facilities_value_in_absolute_number,HMIS,,Number of severely underweight children provided Health Checkup (0-5 yrs),M9 CHILD IMMUNISATION,Public and Private Facilities OR Rural and Urban Facilities,Total,value in Absolute Number,
hmis_child_immunisation_measles_rubella_mr_1st_dose_public_and_private_facilities_or_rural_and_urban_facilities_value_in_absolute_number,HMIS,,Child immunisation - Measles & Rubella (MR)- 1st Dose,M9 CHILD IMMUNISATION,Public and Private Facilities OR Rural and Urban Facilities,Total,value in Absolute Number,
hmis_child_immunisation_measles_1st_dose_public_and_private_facilities_or_rural_and_urban_facilities_value_in_absolute_number,HMIS,,Child immunisation - Measles-1st dose,M9 CHILD IMMUNISATION,Public and Private Facilities OR Rural and Urban Facilities,Total,value in Absolute Number,
hmis_child_immunisation_je_1st_dose_public_and_private_facilities_or_rural_and_urban_facilities_value_in_absolute_number,HMIS,,Child immunisation - JE 1st dose,M9 CHILD IMMUNISATION,Public and Private Facilities OR Rural and Urban Facilities,Total,value in Absolute Number,
hmis_children_more_than_10_years_received_tt10_public_and_private_facilities_or_rural_and_urban_facilities_value_in_absolute_number,HMIS,,Children more than 10 years received TT10,M9 CHILD IMMUNISATION,Public and Private Facilities OR Rural and Urban Facilities,Total,value in Absolute Number,
hmis_child_immunisation_inactivated_polio_vaccine_1_ipv_1_public_and_private_facilities_or_rural_and_urban_facilities_value_in_absolute_number,HMIS,,Child immunisation - Inactivated Polio Vaccine 1 (IPV 1),M9 CHILD IMMUNISATION,Public and Private Facilities OR Rural and Urban Facilities,Total,value in Absolute Number,
hmis_child_immunisation_inactivated_polio_vaccine_2_ipv_2_public_and_private_facilities_or_rural_and_urban_facilities_value_in_absolute_number,HMIS,,Child immunisation - Inactivated Polio Vaccine 2 (IPV 2),M9 CHILD IMMUNISATION,Public and Private Facilities OR Rural and Urban Facilities,Total,value in Absolute Number,
hmis_child_immunisation_9_11months_measles_rubella_mr_1st_dose_public_and_private_facilities_or_rural_and_urban_facilities_value_in_absolute_number,HMIS,,Child immunisation (9-11months) - Measles & Rubella (MR)- 1st Dose,M9 CHILD IMMUNISATION,Public and Private Facilities OR Rural and Urban Facilities,Total,value in Absolute Number,
hmis_child_immunisation_vitamin_k1_birth_dose_public_and_private_facilities_or_rural_and_urban_facilities_value_in_absolute_number,HMIS,,Child immunisation - Vitamin K1 (Birth Dose),M9 CHILD IMMUNISATION,Public and Private Facilities OR Rural and Urban Facilities,Total,value in Absolute Number,
hmis_children_more_than_16_years_received_tt16_public_and_private_facilities_or_rural_and_urban_facilities_value_in_absolute_number,HMIS,,Children more than 16 years received TT16,M9 CHILD IMMUNISATION,Public and Private Facilities OR Rural and Urban Facilities,Total,value in Absolute Number,
hmis_women_receiving_1st_post_partum_checkup_within_48_hours_of_home_delivery_public_and_private_facilities_or_rural_and_urban_facilities_value_in_absolute_number,HMIS,,Women receiving 1st post partum checkup within 48 hours of home delivery,M6 Post Natal Care (PNC),Public and Private Facilities OR Rural and Urban Facilities,Total,value in Absolute Number,
hmis_number_of_mothers_provided_360_calcium_tablets_after_delivery_public_and_private_facilities_or_rural_and_urban_facilities_value_in_absolute_number,HMIS,,Number of mothers provided 360 Calcium tablets after delivery,M6 Post Natal Care (PNC),Public and Private Facilities OR Rural and Urban Facilities,Total,value in Absolute Number,
hmis_number_of_pw_having_hb_level_11_tested_cases_7_1_to_10_9_public_and_private_facilities_or_rural_and_urban_facilities_value_in_absolute_number,HMIS,,Number of PW having Hb level<11 (tested cases)(7.1 to 10.9),M1 Ante Natal Care (ANC),Public and Private Facilities OR Rural and Urban Facilities,Total,value in Absolute Number,
hmis_number_of_pw_having_hb_level_7_tested_cases_public_and_private_facilities_or_rural_and_urban_facilities_value_in_absolute_number,HMIS,,Number of PW having Hb level<7 (tested cases),M1 Ante Natal Care (ANC),Public and Private Facilities OR Rural and Urban Facilities,Total,value in Absolute Number,
hmis_number_of_syphilis_positive_pregnant_women_treated_for_syphilis_public_and_private_facilities_or_rural_and_urban_facilities_value_in_absolute_number,HMIS,,Number of syphilis positive pregnant women treated for Syphilis,M1 Ante Natal Care (ANC),Public and Private Facilities OR Rural and Urban Facilities,Total,value in Absolute Number,
hmis_number_of_babies_diagnosed_with_congenital_syphilis_public_and_private_facilities_or_rural_and_urban_facilities_value_in_absolute_number,HMIS,,Number of babies diagnosed with Congenital Syphilis,M1 Ante Natal Care (ANC),Public and Private Facilities OR Rural and Urban Facilities,Total,value in Absolute Number,
hmis_number_of_pw_given_tt1_public_and_private_facilities_or_rural_and_urban_facilities_value_in_absolute_number,HMIS,,Number of PW given TT1,M1 Ante Natal Care (ANC),Public and Private Facilities OR Rural and Urban Facilities,Total,value in Absolute Number,
hmis_number_of_pw_given_tt2_public_and_private_facilities_or_rural_and_urban_facilities_value_in_absolute_number,HMIS,,Number of PW given TT2,M1 Ante Natal Care (ANC),Public and Private Facilities OR Rural and Urban Facilities,Total,value in Absolute Number,
hmis_number_of_pw_given_tt_booster_public_and_private_facilities_or_rural_and_urban_facilities_value_in_absolute_number,HMIS,,Number of PW given TT Booster,M1 Ante Natal Care (ANC),Public and Private Facilities OR Rural and Urban Facilities,Total,value in Absolute Number,
hmis_number_of_pw_given_180_iron_folic_acid_ifa_tablets_public_and_private_facilities_or_rural_and_urban_facilities_value_in_absolute_number,HMIS,,Number of PW given 180 Iron Folic Acid (IFA) tablets,M1 Ante Natal Care (ANC),Public and Private Facilities OR Rural and Urban Facilities,Total,value in Absolute Number,
hmis_number_of_pw_given_360_calcium_tablets_public_and_private_facilities_or_rural_and_urban_facilities_value_in_absolute_number,HMIS,,Number of PW given 360 Calcium tablets,M1 Ante Natal Care (ANC),Public and Private Facilities OR Rural and Urban Facilities,Total,value in Absolute Number,
hmis_number_of_home_deliveries_attended_by_skill_birth_attendant_sba_doctor_nurse_anm_public_and_private_facilities_or_rural_and_urban_facilities_value_in_absolute_number,HMIS,,Number of Home Deliveries attended by Skill Birth Attendant(SBA) (Doctor/Nurse/ANM),M2 Deliveries,Public and Private Facilities OR Rural and Urban Facilities,Total,value in Absolute Number,
hmis_number_of_cases_of_adolescent_or_adult_deaths_age_6_years_above_with_the_probable_cause_being_known_acute_disease_public_and_private_facilities_or_rural_and_urban_facilities_6,HMIS,,Number of cases of Adolescent or Adult deaths (age 6 years & above) with the probable cause being Known Acute disease,M17 Details of deaths reported during the month with probable causes:,Public and Private Facilities OR Rural and Urban Facilities,6-14 yrs,value in Absolute Number,
hmis_number_of_cases_of_adolescent_or_adult_deaths_age_6_years_above_with_the_probable_cause_being_known_acute_disease_public_and_private_facilities_or_rural_and_urban_facilities_1,HMIS,,Number of cases of Adolescent or Adult deaths (age 6 years & above) with the probable cause being Known Acute disease,M17 Details of deaths reported during the month with probable causes:,Public and Private Facilities OR Rural and Urban Facilities,15-55 yrs.,value in Absolute Number,
hmis_number_of_cases_of_adolescent_or_adult_deaths_age_6_years_above_with_the_probable_cause_being_known_acute_disease_public_and_private_facilities_or_rural_and_urban_facilities_a,HMIS,,Number of cases of Adolescent or Adult deaths (age 6 years & above) with the probable cause being Known Acute disease,M17 Details of deaths reported during the month with probable causes:,Public and Private Facilities OR Rural and Urban Facilities,Above 55 yrs.,value in Absolute Number,
hmis_number_of_cases_of_adolescent_or_adult_deaths_age_6_years_above_with_the_probable_cause_being_known_acute_disease_public_and_private_facilities_or_rural_and_urban_facilities_v,HMIS,,Number of cases of Adolescent or Adult deaths (age 6 years & above) with the probable cause being Known Acute disease,M17 Details of deaths reported during the month with probable causes:,Public and Private Facilities OR Rural and Urban Facilities,Total,value in Absolute Number,
hmis_number_of_cases_of_adolescent_or_adult_deaths_age_6_years_above_with_the_probable_cause_being_known_chronic_disease_public_and_private_facilities_or_rural_and_urban_facilities,HMIS,,Number of cases of Adolescent or Adult deaths (age 6 years & above) with the probable cause being Known Chronic disease,M17 Details of deaths reported during the month with probable causes:,Public and Private Facilities OR Rural and Urban Facilities,Total,value in Absolute Number,
hmis_number_of_cases_of_adolescent_or_adult_deaths_age_6_years_above_where_the_cause_was_not_known_public_and_private_facilities_or_rural_and_urban_facilities_15_55_yrs_value_in_ab,HMIS,,Number of cases of Adolescent or Adult deaths (age 6 years & above) where the cause was not known,M17 Details of deaths reported during the month with probable causes:,Public and Private Facilities OR Rural and Urban Facilities,15-55 yrs.,value in Absolute Number,
hmis_number_of_cases_of_maternal_deaths_age_15_49_years_with_the_probable_cause_being_other_causes_excluding_abortion_obstructed_or_prolonged_labour_severe_hypertension_or_fits_pub,HMIS,,Number of cases of Maternal deaths (age 15-49 years) with the probable cause being other causes (excluding abortion; obstructed or prolonged labour; severe hypertension or fits;,M17 Details of deaths reported during the month with probable causes:,Public and Private Facilities OR Rural and Urban Facilities,15-49 yrs,value in Absolute Number,
hmis_number_of_cases_of_adolescent_or_adult_deaths_age_6_years_above_with_the_probable_cause_being_trauma_or_accidents_or_burn_cases_public_and_private_facilities_or_rural_and_urba,HMIS,,Number of cases of Adolescent or Adult deaths (age 6 years & above) with the probable cause being Trauma or Accidents or Burn cases,M17 Details of deaths reported during the month with probable causes:,Public and Private Facilities OR Rural and Urban Facilities,Total,value in Absolute Number,
hmis_number_of_cases_of_adolescent_or_adult_deaths_age_6_years_above_with_the_probable_cause_being_suicide_public_and_private_facilities_or_rural_and_urban_facilities_15_55_yrs_val,HMIS,,Number of cases of Adolescent or Adult deaths (age 6 years & above) with the probable cause being suicide,M17 Details of deaths reported during the month with probable causes:,Public and Private Facilities OR Rural and Urban Facilities,15-55 yrs.,value in Absolute Number,
hmis_number_of_cases_of_maternal_deaths_age_15_49_years_with_the_probable_cause_being_severe_hypertesnion_or_fits_public_and_private_facilities_or_rural_and_urban_facilities_15_49_,HMIS,,Number of cases of Maternal deaths (age 15-49 years) with the probable cause being Severe hypertesnion or fits,M17 Details of deaths reported during the month with probable causes:,Public and Private Facilities OR Rural and Urban Facilities,15-49 yrs,value in Absolute Number,
hmis_number_of_cases_of_maternal_deaths_age_15_49_years_with_the_probable_cause_being_severe_hypertesnion_or_fits_public_and_private_facilities_or_rural_and_urban_facilities_value_,HMIS,,Number of cases of Maternal deaths (age 15-49 years) with the probable cause being Severe hypertesnion or fits,M17 Details of deaths reported during the month with probable causes:,Public and Private Facilities OR Rural and Urban Facilities,Total,value in Absolute Number,
hmis_number_of_cases_of_maternal_deaths_age_15_49_years_with_the_probable_cause_being_bleeding_public_and_private_facilities_or_rural_and_urban_facilities_15_49_yrs_value_in_absolu,HMIS,,Number of cases of Maternal deaths (age 15-49 years) with the probable cause being Bleeding,M17 Details of deaths reported during the month with probable causes:,Public and Private Facilities OR Rural and Urban Facilities,15-49 yrs,value in Absolute Number,
hmis_number_of_cases_of_adolescent_or_adult_deaths_age_6_years_above_where_the_cause_was_not_known_public_and_private_facilities_or_rural_and_urban_facilities_above_55_yrs_value_in,HMIS,,Number of cases of Adolescent or Adult deaths (age 6 years & above) where the cause was not known,M17 Details of deaths reported during the month with probable causes:,Public and Private Facilities OR Rural and Urban Facilities,Above 55 yrs.,value in Absolute Number,
hmis_number_of_cases_of_adolescent_or_adult_deaths_age_6_years_above_where_the_cause_was_not_known_public_and_private_facilities_or_rural_and_urban_facilities_value_in_absolute_num,HMIS,,Number of cases of Adolescent or Adult deaths (age 6 years & above) where the cause was not known,M17 Details of deaths reported during the month with probable causes:,Public and Private Facilities OR Rural and Urban Facilities,Total,value in Absolute Number,
hmis_number_of_cases_of_adolescent_or_adult_deaths_age_6_years_above_with_the_probable_cause_being_hiv_aids_public_and_private_facilities_or_rural_and_urban_facilities_15_55_yrs_va,HMIS,,Number of cases of Adolescent or Adult deaths (age 6 years & above) with the probable cause being HIV/AIDS,M17 Details of deaths reported during the month with probable causes:,Public and Private Facilities OR Rural and Urban Facilities,15-55 yrs.,value in Absolute Number,
hmis_number_of_cases_of_adolescent_or_adult_deaths_age_6_years_above_with_the_probable_cause_being_hiv_aids_public_and_private_facilities_or_rural_and_urban_facilities_value_in_abs,HMIS,,Number of cases of Adolescent or Adult deaths (age 6 years & above) with the probable cause being HIV/AIDS,M17 Details of deaths reported during the month with probable causes:,Public and Private Facilities OR Rural and Urban Facilities,Total,value in Absolute Number,
hmis_number_of_cases_of_adolescent_or_adult_deaths_age_6_years_above_with_the_probable_cause_being_heart_disease_or_related_to_hypertension_public_and_private_facilities_or_rural_a,HMIS,,Number of cases of Adolescent or Adult deaths (age 6 years & above) with the probable cause being Heart disease or related to Hypertension,M17 Details of deaths reported during the month with probable causes:,Public and Private Facilities OR Rural and Urban Facilities,Total,value in Absolute Number,
hmis_number_of_cases_of_adolescent_or_adult_deaths_age_6_years_above_with_the_probable_cause_being_neurological_disease_including_strokes_public_and_private_facilities_or_rural_and,HMIS,,Number of cases of Adolescent or Adult deaths (age 6 years & above) with the probable cause being Neurological disease including strokes,M17 Details of deaths reported during the month with probable causes:,Public and Private Facilities OR Rural and Urban Facilities,15-55 yrs.,value in Absolute Number,
hmis_number_of_cases_of_adolescent_or_adult_deaths_age_6_years_above_with_the_probable_cause_being_suicide_public_and_private_facilities_or_rural_and_urban_facilities_value_in_abso,HMIS,,Number of cases of Adolescent or Adult deaths (age 6 years & above) with the probable cause being suicide,M17 Details of deaths reported during the month with probable causes:,Public and Private Facilities OR Rural and Urban Facilities,Total,value in Absolute Number,
hmis_number_of_cases_of_adolescent_or_adult_deaths_age_6_years_above_with_the_probable_cause_being_animal_bites_and_stings_public_and_private_facilities_or_rural_and_urban_faciliti,HMIS,,Number of cases of Adolescent or Adult deaths (age 6 years & above) with the probable cause being Animal bites and stings,M17 Details of deaths reported during the month with probable causes:,Public and Private Facilities OR Rural and Urban Facilities,Total,value in Absolute Number,
hmis_number_of_cases_of_adolescent_or_adult_deaths_age_6_years_above_with_the_probable_cause_being_tuberculosis_public_and_private_facilities_or_rural_and_urban_facilities_15_55_yr,HMIS,,Number of cases of Adolescent or Adult deaths (age 6 years & above) with the probable cause being Tuberculosis,M17 Details of deaths reported during the month with probable causes:,Public and Private Facilities OR Rural and Urban Facilities,15-55 yrs.,value in Absolute Number,
hmis_number_of_cases_of_adolescent_or_adult_deaths_age_6_years_above_with_the_probable_cause_being_tuberculosis_public_and_private_facilities_or_rural_and_urban_facilities_above_55,HMIS,,Number of cases of Adolescent or Adult deaths (age 6 years & above) with the probable cause being Tuberculosis,M17 Details of deaths reported during the month with probable causes:,Public and Private Facilities OR Rural and Urban Facilities,Above 55 yrs.,value in Absolute Number,
hmis_number_of_cases_of_adolescent_or_adult_deaths_age_6_years_above_with_the_probable_cause_being_tuberculosis_public_and_private_facilities_or_rural_and_urban_facilities_value_in,HMIS,,Number of cases of Adolescent or Adult deaths (age 6 years & above) with the probable cause being Tuberculosis,M17 Details of deaths reported during the month with probable causes:,Public and Private Facilities OR Rural and Urban Facilities,Total,value in Absolute Number,
hmis_number_of_cases_of_adolescent_or_adult_deaths_age_6_years_above_with_the_probable_cause_being_respiratory_diseases_including_infections_public_and_private_facilities_or_rural_,HMIS,,Number of cases of Adolescent or Adult deaths (age 6 years & above) with the probable cause being Respiratory diseases including infections,M17 Details of deaths reported during the month with probable causes:,Public and Private Facilities OR Rural and Urban Facilities,Total,value in Absolute Number,
hmis_number_of_cases_of_adolescent_or_adult_deaths_age_6_years_above_with_the_probable_cause_being_malaria_public_and_private_facilities_or_rural_and_urban_facilities_15_55_yrs_val,HMIS,,Number of cases of Adolescent or Adult deaths (age 6 years & above) with the probable cause being Malaria,M17 Details of deaths reported during the month with probable causes:,Public and Private Facilities OR Rural and Urban Facilities,15-55 yrs.,value in Absolute Number,
hmis_number_of_cases_of_maternal_deaths_age_15_49_years_with_the_probable_cause_being_bleeding_public_and_private_facilities_or_rural_and_urban_facilities_value_in_absolute_number,HMIS,,Number of cases of Maternal deaths (age 15-49 years) with the probable cause being Bleeding,M17 Details of deaths reported during the month with probable causes:,Public and Private Facilities OR Rural and Urban Facilities,Total,value in Absolute Number,
hmis_number_of_cases_of_infant_or_child_deaths_between_1_month_to_5_years_of_age_with_the_probable_cause_being_diarrhoea_public_and_private_facilities_or_rural_and_urban_facilities,HMIS,,Number of cases of Infant or Child deaths between 1 month to 5 years of age with the probable cause being Diarrhoea,M17 Details of deaths reported during the month with probable causes:,Public and Private Facilities OR Rural and Urban Facilities,Total,value in Absolute Number,
hmis_number_of_cases_of_infant_or_child_deaths_between_1_month_to_5_years_of_age_with_the_probable_cause_being_fever_related_public_and_private_facilities_or_rural_and_urban_facili,HMIS,,Number of cases of Infant or Child deaths between 1 month to 5 years of age with the probable cause being Fever related,M17 Details of deaths reported during the month with probable causes:,Public and Private Facilities OR Rural and Urban Facilities,Total,value in Absolute Number,
hmis_number_of_cases_of_infant_or_child_deaths_between_1_month_to_5_years_of_age_with_the_probable_cause_being_measles_public_and_private_facilities_or_rural_and_urban_facilities_b,HMIS,,Number of cases of Infant or Child deaths between 1 month to 5 years of age with the probable cause being Measles,M17 Details of deaths reported during the month with probable causes:,Public and Private Facilities OR Rural and Urban Facilities,Between 1 year & 5 years,value in Absolute Number,
hmis_number_of_cases_of_infant_or_child_deaths_between_1_month_to_5_years_of_age_with_the_probable_cause_being_measles_public_and_private_facilities_or_rural_and_urban_facilities_v,HMIS,,Number of cases of Infant or Child deaths between 1 month to 5 years of age with the probable cause being Measles,M17 Details of deaths reported during the month with probable causes:,Public and Private Facilities OR Rural and Urban Facilities,Total,value in Absolute Number,
hmis_number_of_cases_of_infant_or_child_deaths_between_1_month_to_5_years_of_age_with_the_probable_cause_being_other_than_pneumonia_diarrhoea_fever_related_and_measles_public_and_p,HMIS,,"Number of cases of Infant or Child deaths between 1 month to 5 years of age with the probable cause being other than Pneumonia, Diarrhoea, Fever related and Measles",M17 Details of deaths reported during the month with probable causes:,Public and Private Facilities OR Rural and Urban Facilities,Total,value in Absolute Number,
hmis_number_of_cases_of_maternal_deaths_age_15_49_years_with_the_probable_cause_being_abortion_public_and_private_facilities_or_rural_and_urban_facilities_15_49_yrs_value_in_absolu,HMIS,,Number of cases of Maternal deaths (age 15-49 years) with the probable cause being Abortion,M17 Details of deaths reported during the month with probable causes:,Public and Private Facilities OR Rural and Urban Facilities,15-49 yrs,value in Absolute Number,
hmis_number_of_cases_of_maternal_deaths_age_15_49_years_with_the_probable_cause_being_abortion_public_and_private_facilities_or_rural_and_urban_facilities_value_in_absolute_number,HMIS,,Number of cases of Maternal deaths (age 15-49 years) with the probable cause being Abortion,M17 Details of deaths reported during the month with probable causes:,Public and Private Facilities OR Rural and Urban Facilities,Total,value in Absolute Number,
hmis_number_of_cases_of_infant_deaths_within_24_hrs_of_birth_public_and_private_facilities_or_rural_and_urban_facilities_value_in_absolute_number,HMIS,,Number of cases of Infant deaths within 24 hrs of birth,M17 Details of deaths reported during the month with probable causes:,Public and Private Facilities OR Rural and Urban Facilities,Total,value in Absolute Number,
hmis_number_of_cases_of_infant_deaths_24_hours_to_4_weeks_of_birth_with_the_probable_cause_being_sepsis_public_and_private_facilities_or_rural_and_urban_facilities_up_to_1_weeks_of,HMIS,,Number of cases of Infant deaths 24 hours to 4 weeks of birth with the probable cause being Sepsis,M17 Details of deaths reported during the month with probable causes:,Public and Private Facilities OR Rural and Urban Facilities,Up to 1 Weeks of Birth,value in Absolute Number,
hmis_number_of_cases_of_infant_deaths_24_hours_to_4_weeks_of_birth_with_the_probable_cause_being_sepsis_public_and_private_facilities_or_rural_and_urban_facilities_between_1_week_4,HMIS,,Number of cases of Infant deaths 24 hours to 4 weeks of birth with the probable cause being Sepsis,M17 Details of deaths reported during the month with probable causes:,Public and Private Facilities OR Rural and Urban Facilities,Between 1 week & 4 weeks of birth,value in Absolute Number,
hmis_number_of_cases_of_infant_deaths_24_hours_to_4_weeks_of_birth_with_the_probable_cause_being_sepsis_public_and_private_facilities_or_rural_and_urban_facilities_value_in_absolut,HMIS,,Number of cases of Infant deaths 24 hours to 4 weeks of birth with the probable cause being Sepsis,M17 Details of deaths reported during the month with probable causes:,Public and Private Facilities OR Rural and Urban Facilities,Total,value in Absolute Number,
hmis_number_of_cases_of_infant_deaths_24_hours_to_4_weeks_of_birth_with_the_probable_cause_being_asphyxia_public_and_private_facilities_or_rural_and_urban_facilities_up_to_1_weeks_,HMIS,,Number of cases of Infant deaths 24 hours to 4 weeks of birth with the probable cause being Asphyxia,M17 Details of deaths reported during the month with probable causes:,Public and Private Facilities OR Rural and Urban Facilities,Up to 1 Weeks of Birth,value in Absolute Number,
hmis_number_of_cases_of_infant_deaths_24_hours_to_4_weeks_of_birth_with_the_probable_cause_being_asphyxia_public_and_private_facilities_or_rural_and_urban_facilities_between_1_week,HMIS,,Number of cases of Infant deaths 24 hours to 4 weeks of birth with the probable cause being Asphyxia,M17 Details of deaths reported during the month with probable causes:,Public and Private Facilities OR Rural and Urban Facilities,Between 1 week & 4 weeks of birth,value in Absolute Number,
hmis_number_of_cases_of_infant_deaths_24_hours_to_4_weeks_of_birth_with_the_probable_cause_being_asphyxia_public_and_private_facilities_or_rural_and_urban_facilities_value_in_absol,HMIS,,Number of cases of Infant deaths 24 hours to 4 weeks of birth with the probable cause being Asphyxia,M17 Details of deaths reported during the month with probable causes:,Public and Private Facilities OR Rural and Urban Facilities,Total,value in Absolute Number,
hmis_number_of_cases_of_infant_deaths_24_hours_to_4_weeks_of_birth_with_the_probable_cause_being_lbw_public_and_private_facilities_or_rural_and_urban_facilities_up_to_1_weeks_of_bi,HMIS,,Number of cases of Infant deaths 24 hours to 4 weeks of birth with the probable cause being LBW,M17 Details of deaths reported during the month with probable causes:,Public and Private Facilities OR Rural and Urban Facilities,Up to 1 Weeks of Birth,value in Absolute Number,
hmis_number_of_cases_of_infant_deaths_24_hours_to_4_weeks_of_birth_with_the_probable_cause_being_lbw_public_and_private_facilities_or_rural_and_urban_facilities_between_1_week_4_we,HMIS,,Number of cases of Infant deaths 24 hours to 4 weeks of birth with the probable cause being LBW,M17 Details of deaths reported during the month with probable causes:,Public and Private Facilities OR Rural and Urban Facilities,Between 1 week & 4 weeks of birth,value in Absolute Number,
hmis_number_of_cases_of_infant_deaths_24_hours_to_4_weeks_of_birth_with_the_probable_cause_being_lbw_public_and_private_facilities_or_rural_and_urban_facilities_value_in_absolute_n,HMIS,,Number of cases of Infant deaths 24 hours to 4 weeks of birth with the probable cause being LBW,M17 Details of deaths reported during the month with probable causes:,Public and Private Facilities OR Rural and Urban Facilities,Total,value in Absolute Number,
hmis_number_of_cases_of_adolescent_or_adult_deaths_age_6_years_above_with_the_probable_cause_being_malaria_public_and_private_facilities_or_rural_and_urban_facilities_value_in_abso,HMIS,,Number of cases of Adolescent or Adult deaths (age 6 years & above) with the probable cause being Malaria,M17 Details of deaths reported during the month with probable causes:,Public and Private Facilities OR Rural and Urban Facilities,Total,value in Absolute Number,
hmis_number_of_cases_of_adolescent_or_adult_deaths_age_6_years_above_with_the_probable_cause_being_other_fever_related_public_and_private_facilities_or_rural_and_urban_facilities_1,HMIS,,Number of cases of Adolescent or Adult deaths (age 6 years & above) with the probable cause being other Fever related,M17 Details of deaths reported during the month with probable causes:,Public and Private Facilities OR Rural and Urban Facilities,15-55 yrs.,value in Absolute Number,
hmis_number_of_cases_of_adolescent_or_adult_deaths_age_6_years_above_with_the_probable_cause_being_other_fever_related_public_and_private_facilities_or_rural_and_urban_facilities_a,HMIS,,Number of cases of Adolescent or Adult deaths (age 6 years & above) with the probable cause being other Fever related,M17 Details of deaths reported during the month with probable causes:,Public and Private Facilities OR Rural and Urban Facilities,Above 55 yrs.,value in Absolute Number,
hmis_number_of_cases_of_adolescent_or_adult_deaths_age_6_years_above_with_the_probable_cause_being_other_fever_related_public_and_private_facilities_or_rural_and_urban_facilities_v,HMIS,,Number of cases of Adolescent or Adult deaths (age 6 years & above) with the probable cause being other Fever related,M17 Details of deaths reported during the month with probable causes:,Public and Private Facilities OR Rural and Urban Facilities,Total,value in Absolute Number,
hmis_number_of_hiv_tests_conducted_on_males_public_and_private_facilities_or_rural_and_urban_facilities_number_tested_value_in_absolute_number,HMIS,,Number of HIV tests conducted on males,M15 Laboratory Testing,Public and Private Facilities OR Rural and Urban Facilities,Number tested,value in Absolute Number,
hmis_number_of_hiv_tests_conducted_on_males_public_and_private_facilities_or_rural_and_urban_facilities_number_positive_value_in_absolute_number,HMIS,,Number of HIV tests conducted on males,M15 Laboratory Testing,Public and Private Facilities OR Rural and Urban Facilities,Number Positive,value in Absolute Number,
hmis_number_of_hiv_tests_conducted_on_female_non_anc_i_e_non_pregnant_females_public_and_private_facilities_or_rural_and_urban_facilities_number_tested_value_in_absolute_number,HMIS,,Number of HIV tests conducted on Female-Non ANC (i.e. non pregnant females),M15 Laboratory Testing,Public and Private Facilities OR Rural and Urban Facilities,Number tested,value in Absolute Number,
hmis_number_of_hiv_tests_conducted_on_female_non_anc_i_e_non_pregnant_females_public_and_private_facilities_or_rural_and_urban_facilities_number_positive_value_in_absolute_number,HMIS,,Number of HIV tests conducted on Female-Non ANC (i.e. non pregnant females),M15 Laboratory Testing,Public and Private Facilities OR Rural and Urban Facilities,Number Positive,value in Absolute Number,
hmis_number_of_hiv_tests_conducted_on_female_with_anc_i_e_pregnant_females_public_and_private_facilities_or_rural_and_urban_facilities_number_tested_value_in_absolute_number,HMIS,,Number of HIV tests conducted on Female with ANC (i.e. pregnant females),M15 Laboratory Testing,Public and Private Facilities OR Rural and Urban Facilities,Number tested,value in Absolute Number,
hmis_number_of_hiv_tests_conducted_on_female_with_anc_i_e_pregnant_females_public_and_private_facilities_or_rural_and_urban_facilities_number_positive_value_in_absolute_number,HMIS,,Number of HIV tests conducted on Female with ANC (i.e. pregnant females),M15 Laboratory Testing,Public and Private Facilities OR Rural and Urban Facilities,Number Positive,value in Absolute Number,
hmis_total_number_of_hiv_tests_conducted_sum_of_items_15_1_2_a_to_15_1_2_c_public_and_private_facilities_or_rural_and_urban_facilities_number_tested_value_in_absolute_number,HMIS,,Total number of HIV tests conducted (sum of items 15.1.2.a to 15.1.2.c),M15 Laboratory Testing,Public and Private Facilities OR Rural and Urban Facilities,Number tested,value in Absolute Number,
hmis_total_number_of_hiv_tests_conducted_sum_of_items_15_1_2_a_to_15_1_2_c_public_and_private_facilities_or_rural_and_urban_facilities_number_positive_value_in_absolute_number,HMIS,,Total number of HIV tests conducted (sum of items 15.1.2.a to 15.1.2.c),M15 Laboratory Testing,Public and Private Facilities OR Rural and Urban Facilities,Number Positive,value in Absolute Number,
hmis_number_of_widal_tests_conducted_public_and_private_facilities_or_rural_and_urban_facilities_number_tested_value_in_absolute_number,HMIS,,Number of Widal tests conducted,M15 Laboratory Testing,Public and Private Facilities OR Rural and Urban Facilities,Number tested,value in Absolute Number,
hmis_number_of_vdrl_tests_conducted_on_males_public_and_private_facilities_or_rural_and_urban_facilities_number_tested_value_in_absolute_number,HMIS,,Number of VDRL tests conducted on males,M15 Laboratory Testing,Public and Private Facilities OR Rural and Urban Facilities,Number tested,value in Absolute Number,
hmis_number_of_cases_of_adolescent_or_adult_deaths_age_6_years_above_with_the_probable_cause_being_diarrhoeal_diseases_public_and_private_facilities_or_rural_and_urban_facilities_1,HMIS,,Number of cases of Adolescent or Adult deaths (age 6 years & above) with the probable cause being Diarrhoeal diseases,M17 Details of deaths reported during the month with probable causes:,Public and Private Facilities OR Rural and Urban Facilities,15-55 yrs.,value in Absolute Number,
hmis_number_of_cases_of_adolescent_or_adult_deaths_age_6_years_above_with_the_probable_cause_being_diarrhoeal_diseases_public_and_private_facilities_or_rural_and_urban_facilities_a,HMIS,,Number of cases of Adolescent or Adult deaths (age 6 years & above) with the probable cause being Diarrhoeal diseases,M17 Details of deaths reported during the month with probable causes:,Public and Private Facilities OR Rural and Urban Facilities,Above 55 yrs.,value in Absolute Number,
hmis_number_of_cases_of_adolescent_or_adult_deaths_age_6_years_above_with_the_probable_cause_being_diarrhoeal_diseases_public_and_private_facilities_or_rural_and_urban_facilities_v,HMIS,,Number of cases of Adolescent or Adult deaths (age 6 years & above) with the probable cause being Diarrhoeal diseases,M17 Details of deaths reported during the month with probable causes:,Public and Private Facilities OR Rural and Urban Facilities,Total,value in Absolute Number,
hmis_number_of_death_cases_of_inpatient_males_public_and_private_facilities_or_rural_and_urban_facilities_value_in_absolute_number,HMIS,,Number of death cases of Inpatient males,M14 Patient Services,Public and Private Facilities OR Rural and Urban Facilities,Total,value in Absolute Number,
hmis_number_of_death_cases_of_inpatient_females_public_and_private_facilities_or_rural_and_urban_facilities_value_in_absolute_number,HMIS,,Number of death cases of Inpatient females,M14 Patient Services,Public and Private Facilities OR Rural and Urban Facilities,Total,value in Absolute Number,
hmis_number_of_cases_of_death_of_inpatients_sum_of_items_14_10_2_a_and_14_10_2_b_public_and_private_facilities_or_rural_and_urban_facilities_value_in_absolute_number,HMIS,,Number of cases of death of Inpatients (sum of items 14.10.2.a and 14.10.2.b),M14 Patient Services,Public and Private Facilities OR Rural and Urban Facilities,Total,value in Absolute Number,
hmis_opd_attendance_all_public_and_private_facilities_or_rural_and_urban_facilities_value_in_absolute_number,HMIS,,OPD attendance (All),M14 Patient Services,Public and Private Facilities OR Rural and Urban Facilities,Total,value in Absolute Number,
hmis_number_of_major_operations_carried_out_using_general_or_spinal_anaesthesia_public_and_private_facilities_or_rural_and_urban_facilities_value_in_absolute_number,HMIS,,Number of major operations carried out using general or spinal anaesthesia,M14 Patient Services,Public and Private Facilities OR Rural and Urban Facilities,Total,value in Absolute Number,
hmis_out_of_14_13_1_gynecology_hysterectomy_surgeries_public_and_private_facilities_or_rural_and_urban_facilities_value_in_absolute_number,HMIS,,"Out of 14.13.1,Gynecology- Hysterectomy surgeries",M14 Patient Services,Public and Private Facilities OR Rural and Urban Facilities,Total,value in Absolute Number,
hmis_patient_services_operation_major_general_and_spinal_anaesthesia_major_surgeries_excluding_obstetrics_gynaecology_and_opthalmology_etc_public_and_private_facilities_or_rural_an,HMIS,,"Patient Services/Operation major (General and spinal anaesthesia)/Major Surgeries excluding Obstetrics, Gynaecology and Opthalmology etc",M14 Patient Services,Public and Private Facilities OR Rural and Urban Facilities,Total,value in Absolute Number,
hmis_number_of_minor_operations_carried_out_without_anaesthesia_or_using_local_anaesthesia_public_and_private_facilities_or_rural_and_urban_facilities_value_in_absolute_number,HMIS,,Number of minor operations carried out without anaesthesia or using local anaesthesia,M14 Patient Services,Public and Private Facilities OR Rural and Urban Facilities,Total,value in Absolute Number,
hmis_health_facility_services_patient_services_number_of_post_operative_surgical_site_infection_public_and_private_facilities_or_rural_and_urban_facilities_value_in_absolute_number,HMIS,,Health Facility Services/Patient Services/Number of post operative Surgical Site infection,M14 Patient Services,Public and Private Facilities OR Rural and Urban Facilities,Total,value in Absolute Number,
hmis_number_of_cases_of_infant_deaths_24_hours_to_4_weeks_of_birth_with_the_probable_cause_being_other_than_sepsis_asphyxia_and_lbw_public_and_private_facilities_or_rural_and_urban,HMIS,,"Number of cases of Infant deaths 24 hours to 4 weeks of birth with the probable cause being other than Sepsis, Asphyxia and LBW",M17 Details of deaths reported during the month with probable causes:,Public and Private Facilities OR Rural and Urban Facilities,Total,value in Absolute Number,
hmis_number_of_cases_of_infant_or_child_deaths_between_1_month_to_5_years_of_age_with_the_probable_cause_being_pneumonia_public_and_private_facilities_or_rural_and_urban_facilities,HMIS,,Number of cases of Infant or Child deaths between 1 month to 5 years of age with the probable cause being Pneumonia,M17 Details of deaths reported during the month with probable causes:,Public and Private Facilities OR Rural and Urban Facilities,Total,value in Absolute Number,
hmis_number_of_facilities_having_a_rogi_kalyan_samiti_rks_public_and_private_facilities_or_rural_and_urban_facilities_value_in_absolute_number,HMIS,,Number of facilities having a Rogi Kalyan Samiti (RKS),M14 Patient Services,Public and Private Facilities OR Rural and Urban Facilities,Total,value in Absolute Number,
hmis_number_of_rks_meetings_held_during_the_month_public_and_private_facilities_or_rural_and_urban_facilities_value_in_absolute_number,HMIS,,Number of RKS meetings held during the month,M14 Patient Services,Public and Private Facilities OR Rural and Urban Facilities,Total,value in Absolute Number,
hmis_number_of_facilities_having_ambulance_services_assured_referral_services_public_and_private_facilities_or_rural_and_urban_facilities_value_in_absolute_number,HMIS,,Number of facilities having Ambulance services (Assured Referral Services),M14 Patient Services,Public and Private Facilities OR Rural and Urban Facilities,Total,value in Absolute Number,
hmis_total_number_of_times_the_ambulance_was_used_for_transporting_patients_during_the_month_public_and_private_facilities_or_rural_and_urban_facilities_value_in_absolute_number,HMIS,,Total Number of times the Ambulance was used for transporting patients during the month,M14 Patient Services,Public and Private Facilities OR Rural and Urban Facilities,Total,value in Absolute Number,
hmis_number_of_institutions_having_operational_sick_new_born_and_child_care_units_sncu_public_and_private_facilities_or_rural_and_urban_facilities_value_in_absolute_number,HMIS,,Number of Institutions having Operational Sick New Born and Child Care Units (SNCU),M14 Patient Services,Public and Private Facilities OR Rural and Urban Facilities,Total,value in Absolute Number,
hmis_number_of_functional_laproscopes_in_chc_sdh_dh_public_and_private_facilities_or_rural_and_urban_facilities_value_in_absolute_number,HMIS,,Number of functional Laproscopes in CHC/SDH/DH,M14 Patient Services,Public and Private Facilities OR Rural and Urban Facilities,Total,value in Absolute Number,
hmis_health_facility_services_patient_services_stock_out_rate_of_essential_drugs_public_and_private_facilities_or_rural_and_urban_facilities_value_in_absolute_number,HMIS,,Health Facility Services/Patient Services/Stock out rate of essential Drugs,M14 Patient Services,Public and Private Facilities OR Rural and Urban Facilities,Total,value in Absolute Number,
hmis_health_facility_services_patient_services_blood_units_issued_on_replacement_public_and_private_facilities_or_rural_and_urban_facilities_value_in_absolute_number,HMIS,,Health Facility Services/Patient Services/Blood Units Issued on replacement,M14 Patient Services,Public and Private Facilities OR Rural and Urban Facilities,Total,value in Absolute Number,
hmis_health_facility_services_patient_services_total_no_of_blood_units_issued_in_year_public_and_private_facilities_or_rural_and_urban_facilities_value_in_absolute_number,HMIS,,Health Facility Services/Patient Services/Total no. of blood units issued in year,M14 Patient Services,Public and Private Facilities OR Rural and Urban Facilities,Total,value in Absolute Number,
hmis_number_of_vdrl_tests_conducted_on_female_non_anc_i_e_non_pregnant_females_public_and_private_facilities_or_rural_and_urban_facilities_number_tested_value_in_absolute_number,HMIS,,Number of VDRL tests conducted on Female-Non ANC (i.e. non pregnant females),M15 Laboratory Testing,Public and Private Facilities OR Rural and Urban Facilities,Number tested,value in Absolute Number,
hmis_number_of_vdrl_tests_conducted_on_female_with_anc_i_e_pregnant_females_public_and_private_facilities_or_rural_and_urban_facilities_number_tested_value_in_absolute_number,HMIS,,Number of VDRL tests conducted on Female with ANC (i.e. pregnant females),M15 Laboratory Testing,Public and Private Facilities OR Rural and Urban Facilities,Number tested,value in Absolute Number,
hmis_total_number_of_vdrl_tests_conducted_sum_of_items_15_3_a_to_15_3_c_public_and_private_facilities_or_rural_and_urban_facilities_number_tested_value_in_absolute_number,HMIS,,Total number of VDRL tests conducted (sum of items 15.3.a to 15.3.c),M15 Laboratory Testing,Public and Private Facilities OR Rural and Urban Facilities,Number tested,value in Absolute Number,
hmis_number_of_blood_smears_examined_for_malaria_public_and_private_facilities_or_rural_and_urban_facilities_value_in_absolute_number,HMIS,,Number of blood smears examined for Malaria,M15 Laboratory Testing,Public and Private Facilities OR Rural and Urban Facilities,Total,value in Absolute Number,
hmis_out_of_blood_smears_examined_for_malaria_number_of_blood_smears_tested_positive_for_plasmodium_vivax_public_and_private_facilities_or_rural_and_urban_facilities_value_in_absol,HMIS,,"Out of blood smears examined for malaria, number of blood smears tested positive for Plasmodium Vivax",M15 Laboratory Testing,Public and Private Facilities OR Rural and Urban Facilities,Total,value in Absolute Number,
hmis_out_of_blood_smears_examined_for_malaria_number_of_blood_smears_tested_positive_for_plasmodium_falciparum_public_and_private_facilities_or_rural_and_urban_facilities_value_in_,HMIS,,"Out of blood smears examined for malaria, number of blood smears tested positive for Plasmodium Falciparum",M15 Laboratory Testing,Public and Private Facilities OR Rural and Urban Facilities,Total,value in Absolute Number,
hmis_number_of_cases_of_pertusis_reported_in_children_below_5_years_of_age_public_and_private_facilities_or_rural_and_urban_facilities_value_in_absolute_number,HMIS,,Number of cases of Pertusis reported in children below 5 years of age,M12 Number of cases of Childhood Diseases reported during the month0-5 years:,Public and Private Facilities OR Rural and Urban Facilities,Total,value in Absolute Number,
hmis_number_of_cases_of_tetanus_neonatarum_reported_in_children_below_5_years_of_age_public_and_private_facilities_or_rural_and_urban_facilities_value_in_absolute_number,HMIS,,Number of cases of Tetanus neonatarum reported in children below 5 years of age,M12 Number of cases of Childhood Diseases reported during the month0-5 years:,Public and Private Facilities OR Rural and Urban Facilities,Total,value in Absolute Number,
hmis_number_of_cases_of_tetanus_other_than_neonatarum_reported_in_children_below_5_years_of_age_public_and_private_facilities_or_rural_and_urban_facilities_value_in_absolute_number,HMIS,,Number of cases of Tetanus other than neonatarum reported in children below 5 years of age,M12 Number of cases of Childhood Diseases reported during the month0-5 years:,Public and Private Facilities OR Rural and Urban Facilities,Total,value in Absolute Number,
hmis_number_of_cases_of_polio_reported_in_children_below_5_years_of_age_public_and_private_facilities_or_rural_and_urban_facilities_value_in_absolute_number,HMIS,,Number of cases of Polio reported in children below 5 years of age,M12 Number of cases of Childhood Diseases reported during the month0-5 years:,Public and Private Facilities OR Rural and Urban Facilities,Total,value in Absolute Number,
hmis_number_of_cases_of_measles_reported_in_children_below_5_years_of_age_public_and_private_facilities_or_rural_and_urban_facilities_value_in_absolute_number,HMIS,,Number of cases of Measles reported in children below 5 years of age,M12 Number of cases of Childhood Diseases reported during the month0-5 years:,Public and Private Facilities OR Rural and Urban Facilities,Total,value in Absolute Number,
hmis_number_of_cases_of_diarrhoea_and_dehydration_reported_in_children_below_5_years_of_age_public_and_private_facilities_or_rural_and_urban_facilities_value_in_absolute_number,HMIS,,Number of cases of Diarrhoea and Dehydration reported in children below 5 years of age,M12 Number of cases of Childhood Diseases reported during the month0-5 years:,Public and Private Facilities OR Rural and Urban Facilities,Total,value in Absolute Number,
hmis_number_of_cases_of_malaria_reported_in_children_below_5_years_of_age_public_and_private_facilities_or_rural_and_urban_facilities_value_in_absolute_number,HMIS,,Number of cases of Malaria reported in children below 5 years of age,M12 Number of cases of Childhood Diseases reported during the month0-5 years:,Public and Private Facilities OR Rural and Urban Facilities,Total,value in Absolute Number,
hmis_number_of_children_below_5_years_of_age_admitted_with_respiratory_infections_public_and_private_facilities_or_rural_and_urban_facilities_value_in_absolute_number,HMIS,,Number of children below 5 years of age admitted with Respiratory Infections,M12 Number of cases of Childhood Diseases reported during the month0-5 years:,Public and Private Facilities OR Rural and Urban Facilities,Total,value in Absolute Number,
hmis_number_of_patients_operated_for_cataract_public_and_private_facilities_or_rural_and_urban_facilities_value_in_absolute_number,HMIS,,Number of Patients operated for cataract,M13 Blindness Control Programme,Public and Private Facilities OR Rural and Urban Facilities,Total,value in Absolute Number,
hmis_number_of_intraocular_lens_iol_implantations_public_and_private_facilities_or_rural_and_urban_facilities_value_in_absolute_number,HMIS,,Number of Intraocular Lens(IOL) implantations,M13 Blindness Control Programme,Public and Private Facilities OR Rural and Urban Facilities,Total,value in Absolute Number,
hmis_number_of_patients_given_ayush_treatment_public_and_private_facilities_or_rural_and_urban_facilities_value_in_absolute_number,HMIS,,Number of patients given AYUSH treatment,M14 Patient Services,Public and Private Facilities OR Rural and Urban Facilities,Total,value in Absolute Number,
hmis_number_of_patients_on_whom_dental_procedure_was_conducted_public_and_private_facilities_or_rural_and_urban_facilities_value_in_absolute_number,HMIS,,Number of patients on whom Dental Procedure was conducted,M14 Patient Services,Public and Private Facilities OR Rural and Urban Facilities,Total,value in Absolute Number,
hmis_number_of_adolescents_counselled_public_and_private_facilities_or_rural_and_urban_facilities_value_in_absolute_number,HMIS,,Number of Adolescents counselled,M14 Patient Services,Public and Private Facilities OR Rural and Urban Facilities,Total,value in Absolute Number,
hmis_health_facility_services_laboratory_testing_total_number_of_lab_tests_done_public_and_private_facilities_or_rural_and_urban_facilities_value_in_absolute_number,HMIS,,Health Facility Services/Laboratory Testing/Total Number of lab Tests Done,M15 Laboratory Testing,Public and Private Facilities OR Rural and Urban Facilities,Total,value in Absolute Number,
hmis_number_of_haemoglobin_hb_tests_conducted_public_and_private_facilities_or_rural_and_urban_facilities_value_in_absolute_number,HMIS,,Number of Haemoglobin (Hb) tests conducted,M15 Laboratory Testing,Public and Private Facilities OR Rural and Urban Facilities,Total,value in Absolute Number,
hmis_out_of_the_total_number_of_hb_tests_conducted_number_of_cases_having_hb_less_than_7gm_dl_public_and_private_facilities_or_rural_and_urban_facilities_value_in_absolute_number,HMIS,,"Out of the total number of Hb tests conducted, number of cases having Hb less than 7gm/dl",M15 Laboratory Testing,Public and Private Facilities OR Rural and Urban Facilities,Total,value in Absolute Number,
hmis_total_number_of_female_children_12_to_23_months_old_fully_immunised_bcg_dpt123_pentavalent123_opv123_measles_during_the_month_public_and_private_facilities_or_rural_and_urban_,HMIS,,Total number of female children (12 to 23 months old) fully immunised (BCG+DPT123/Pentavalent123+OPV123+Measles) during the month,M10 CHILD IMMUNIZATION,Public and Private Facilities OR Rural and Urban Facilities,Total,value in Absolute Number,
hmis_total_number_of_children_12_to_23_months_old_fully_immunised_bcg_dpt123_opv123_pentavalent123_measles_during_the_month_sum_of_items_10_3_1_a_and_10_3_1_b_public_and_private_fa,HMIS,,Total number of children (12 to 23 months old) fully immunised (BCG+DPT123+OPV123/Pentavalent123+Measles) during the month (sum of items 10.3.1.a and 10.3.1.b),M10 CHILD IMMUNIZATION,Public and Private Facilities OR Rural and Urban Facilities,Total,value in Absolute Number,
hmis_number_of_children_more_than_5_years_old_given_dt5_public_and_private_facilities_or_rural_and_urban_facilities_value_in_absolute_number,HMIS,,Number of children (more than 5 years old) given DT5,M10 CHILD IMMUNIZATION,Public and Private Facilities OR Rural and Urban Facilities,Total,value in Absolute Number,
hmis_number_of_children_more_than_10_years_old_given_tt10_public_and_private_facilities_or_rural_and_urban_facilities_value_in_absolute_number,HMIS,,Number of children (more than 10 years old) given TT10,M10 CHILD IMMUNIZATION,Public and Private Facilities OR Rural and Urban Facilities,Total,value in Absolute Number,
hmis_number_of_children_more_than_16_years_old_given_tt16_public_and_private_facilities_or_rural_and_urban_facilities_value_in_absolute_number,HMIS,,Number of children (more than 16 years old) given TT16,M10 CHILD IMMUNIZATION,Public and Private Facilities OR Rural and Urban Facilities,Total,value in Absolute Number,
hmis_number_of_cases_of_abscess_reported_following_immunisation_adverse_event_following_immunisation_aefi_public_and_private_facilities_or_rural_and_urban_facilities_value_in_absol,HMIS,,Number of cases of Abscess reported following immunisation [Adverse Event Following Immunisation (AEFI)],M10 CHILD IMMUNIZATION,Public and Private Facilities OR Rural and Urban Facilities,Total,value in Absolute Number,
hmis_number_of_cases_of_death_reported_following_immunisation_adverse_event_following_immunisation_aefi_public_and_private_facilities_or_rural_and_urban_facilities_value_in_absolut,HMIS,,Number of cases of Death reported following immunisation [Adverse Event Following Immunisation (AEFI)],M10 CHILD IMMUNIZATION,Public and Private Facilities OR Rural and Urban Facilities,Total,value in Absolute Number,
hmis_number_of_cases_of_other_complications_reported_following_immunisation_adverse_event_following_immunisation_aefi_public_and_private_facilities_or_rural_and_urban_facilities_va,HMIS,,Number of cases of other complications reported following immunisation [Adverse Event Following Immunisation (AEFI)],M10 CHILD IMMUNIZATION,Public and Private Facilities OR Rural and Urban Facilities,Total,value in Absolute Number,
hmis_number_of_immunisation_sessions_planned_to_be_held_during_the_month_public_and_private_facilities_or_rural_and_urban_facilities_value_in_absolute_number,HMIS,,Number of Immunisation sessions planned to be held during the month,M10 CHILD IMMUNIZATION,Public and Private Facilities OR Rural and Urban Facilities,Total,value in Absolute Number,
hmis_number_of_immunisation_sessions_held_during_the_month_public_and_private_facilities_or_rural_and_urban_facilities_value_in_absolute_number,HMIS,,Number of Immunisation sessions held during the month,M10 CHILD IMMUNIZATION,Public and Private Facilities OR Rural and Urban Facilities,Total,value in Absolute Number,
hmis_number_of_male_patients_admitted_inpatients_during_the_month_public_and_private_facilities_or_rural_and_urban_facilities_children_value_in_absolute_number,HMIS,,Number of male patients admitted (Inpatients) during the month,M14 Patient Services,Public and Private Facilities OR Rural and Urban Facilities,Children,value in Absolute Number,
hmis_number_of_male_patients_admitted_inpatients_during_the_month_public_and_private_facilities_or_rural_and_urban_facilities_adults_value_in_absolute_number,HMIS,,Number of male patients admitted (Inpatients) during the month,M14 Patient Services,Public and Private Facilities OR Rural and Urban Facilities,Adults,value in Absolute Number,
hmis_number_of_female_patients_inpatients_admitted_during_the_month_public_and_private_facilities_or_rural_and_urban_facilities_children_value_in_absolute_number,HMIS,,Number of female patients (Inpatients) admitted during the month,M14 Patient Services,Public and Private Facilities OR Rural and Urban Facilities,Children,value in Absolute Number,
hmis_number_of_female_patients_inpatients_admitted_during_the_month_public_and_private_facilities_or_rural_and_urban_facilities_adults_value_in_absolute_number,HMIS,,Number of female patients (Inpatients) admitted during the month,M14 Patient Services,Public and Private Facilities OR Rural and Urban Facilities,Adults,value in Absolute Number,
hmis_total_number_of_patients_admitted_inpatients_during_the_month_sum_of_items_14_10_1_a_and_14_10_1_b_public_and_private_facilities_or_rural_and_urban_facilities_children_value_i,HMIS,,Total number of patients admitted (Inpatients) during the month (sum of items 14.10.1.a and 14.10.1.b),M14 Patient Services,Public and Private Facilities OR Rural and Urban Facilities,Children,value in Absolute Number,
hmis_total_number_of_patients_admitted_inpatients_during_the_month_sum_of_items_14_10_1_a_and_14_10_1_b_public_and_private_facilities_or_rural_and_urban_facilities_adults_value_in_,HMIS,,Total number of patients admitted (Inpatients) during the month (sum of items 14.10.1.a and 14.10.1.b),M14 Patient Services,Public and Private Facilities OR Rural and Urban Facilities,Adults,value in Absolute Number,
hmis_number_of_infants_0_to_11_months_old_received_opv2_second_dose_public_and_private_facilities_or_rural_and_urban_facilities_value_in_absolute_number,HMIS,,Number of Infants (0 to 11 months old) received OPV2 (Second Dose),M10 CHILD IMMUNIZATION,Public and Private Facilities OR Rural and Urban Facilities,Total,value in Absolute Number,
hmis_number_of_infants_0_to_11_months_old_received_opv3_third_dose_public_and_private_facilities_or_rural_and_urban_facilities_value_in_absolute_number,HMIS,,Number of Infants (0 to 11 months old) received OPV3 (Third Dose),M10 CHILD IMMUNIZATION,Public and Private Facilities OR Rural and Urban Facilities,Total,value in Absolute Number,
hmis_number_of_infants_upto_48_hrs_of_age_received_hepatitis_b0_immunisation_public_and_private_facilities_or_rural_and_urban_facilities_value_in_absolute_number,HMIS,,Number of Infants (upto 48 hrs of age) received Hepatitis-B0 immunisation,M10 CHILD IMMUNIZATION,Public and Private Facilities OR Rural and Urban Facilities,Total,value in Absolute Number,
hmis_number_of_infants_0_to_11_months_old_received_hepatitis_b1_immunisation_public_and_private_facilities_or_rural_and_urban_facilities_value_in_absolute_number,HMIS,,Number of Infants (0 to 11 months old) received Hepatitis-B1 immunisation,M10 CHILD IMMUNIZATION,Public and Private Facilities OR Rural and Urban Facilities,Total,value in Absolute Number,
hmis_number_of_infants_0_to_11_months_old_received_hepatitis_b2_immunisation_public_and_private_facilities_or_rural_and_urban_facilities_value_in_absolute_number,HMIS,,Number of Infants (0 to 11 months old) received Hepatitis-B2 immunisation,M10 CHILD IMMUNIZATION,Public and Private Facilities OR Rural and Urban Facilities,Total,value in Absolute Number,
hmis_number_of_infants_0_to_11_months_old_received_hepatitis_b3_immunisation_public_and_private_facilities_or_rural_and_urban_facilities_value_in_absolute_number,HMIS,,Number of Infants (0 to 11 months old) received Hepatitis-B3 immunisation,M10 CHILD IMMUNIZATION,Public and Private Facilities OR Rural and Urban Facilities,Total,value in Absolute Number,
hmis_number_of_infants_0_to_11_months_old_received_measles_immunisation_first_dose_public_and_private_facilities_or_rural_and_urban_facilities_value_in_absolute_number,HMIS,,Number of Infants (0 to 11 months old) received Measles immunisation (First Dose),M10 CHILD IMMUNIZATION,Public and Private Facilities OR Rural and Urban Facilities,Total,value in Absolute Number,
hmis_number_of_infants_more_than_16_months_old_received_measles_immunisation_second_dose_public_and_private_facilities_or_rural_and_urban_facilities_value_in_absolute_number,HMIS,,Number of Infants (more than 16 months old) received Measles immunisation (Second Dose),M10 CHILD IMMUNIZATION,Public and Private Facilities OR Rural and Urban Facilities,Total,value in Absolute Number,
hmis_no_of_children_aged_9_to_12_months_who_received_je_1st_dose_public_and_private_facilities_or_rural_and_urban_facilities_value_in_absolute_number,HMIS,,No. of Children aged 9 to 12 months who received JE 1st dose,M10 CHILD IMMUNIZATION,Public and Private Facilities OR Rural and Urban Facilities,Total,value in Absolute Number,
hmis_total_number_of_male_children_9_to_11_months_old_fully_immunised_bcg_dpt123_pentavalent123_opv123_measles_during_the_month_public_and_private_facilities_or_rural_and_urban_fac,HMIS,,Total number of male children (9 to 11 months old) fully immunised (BCG+DPT123/Pentavalent123+OPV123+Measles) during the month,M10 CHILD IMMUNIZATION,Public and Private Facilities OR Rural and Urban Facilities,Total,value in Absolute Number,
hmis_number_of_school_children_detected_with_refractive_errors_public_and_private_facilities_or_rural_and_urban_facilities_value_in_absolute_number,HMIS,,Number of School children detected with Refractive errors,M13 Blindness Control Programme,Public and Private Facilities OR Rural and Urban Facilities,Total,value in Absolute Number,
hmis_number_of_children_provided_free_glasses_public_and_private_facilities_or_rural_and_urban_facilities_value_in_absolute_number,HMIS,,Number of children provided free glasses,M13 Blindness Control Programme,Public and Private Facilities OR Rural and Urban Facilities,Total,value in Absolute Number,
hmis_number_of_eyes_collected_through_eye_donation_public_and_private_facilities_or_rural_and_urban_facilities_value_in_absolute_number,HMIS,,Number of eyes collected through eye donation,M13 Blindness Control Programme,Public and Private Facilities OR Rural and Urban Facilities,Total,value in Absolute Number,
hmis_number_of_eyes_utilised_for_corneal_transplant_public_and_private_facilities_or_rural_and_urban_facilities_value_in_absolute_number,HMIS,,Number of eyes utilised for corneal transplant,M13 Blindness Control Programme,Public and Private Facilities OR Rural and Urban Facilities,Total,value in Absolute Number,
hmis_number_of_chc_or_sdh_or_dh_functioning_as_first_referral_units_frus_public_and_private_facilities_or_rural_and_urban_facilities_value_in_absolute_number,HMIS,,Number of CHC or SDH or DH functioning as First Referral units (FRUs),M14 Patient Services,Public and Private Facilities OR Rural and Urban Facilities,Total,value in Absolute Number,
hmis_number_of_cases_of_complications_following_male_sterilization_public_and_private_facilities_or_rural_and_urban_facilities_value_in_absolute_number,HMIS,,Number of cases of complications following male sterilization,M9 Family Planning,Public and Private Facilities OR Rural and Urban Facilities,Total,value in Absolute Number,
hmis_number_of_cases_of_complications_following_female_sterilization_public_and_private_facilities_or_rural_and_urban_facilities_value_in_absolute_number,HMIS,,Number of cases of complications following female sterilization,M9 Family Planning,Public and Private Facilities OR Rural and Urban Facilities,Total,value in Absolute Number,
hmis_number_of_failures_following_male_sterilization_public_and_private_facilities_or_rural_and_urban_facilities_value_in_absolute_number,HMIS,,Number of failures following male sterilization,M9 Family Planning,Public and Private Facilities OR Rural and Urban Facilities,Total,value in Absolute Number,
hmis_number_of_failures_following_female_sterilization_public_and_private_facilities_or_rural_and_urban_facilities_value_in_absolute_number,HMIS,,Number of failures following female sterilization,M9 Family Planning,Public and Private Facilities OR Rural and Urban Facilities,Total,value in Absolute Number,
hmis_number_of_deaths_following_male_sterilization_public_and_private_facilities_or_rural_and_urban_facilities_value_in_absolute_number,HMIS,,Number of deaths following male sterilization,M9 Family Planning,Public and Private Facilities OR Rural and Urban Facilities,Total,value in Absolute Number,
hmis_number_of_deaths_following_female_sterilization_public_and_private_facilities_or_rural_and_urban_facilities_value_in_absolute_number,HMIS,,Number of deaths following female sterilization,M9 Family Planning,Public and Private Facilities OR Rural and Urban Facilities,Total,value in Absolute Number,
hmis_number_of_institutions_having_nsv_trained_doctors_public_and_private_facilities_or_rural_and_urban_facilities_value_in_absolute_number,HMIS,,Number of Institutions having NSV trained doctors,M9 Family Planning,Public and Private Facilities OR Rural and Urban Facilities,Total,value in Absolute Number,
hmis_number_of_infants_0_to_11_months_old_received_bcg_immunisation_public_and_private_facilities_or_rural_and_urban_facilities_value_in_absolute_number,HMIS,,Number of Infants (0 to 11 months old)received BCG immunisation,M10 CHILD IMMUNIZATION,Public and Private Facilities OR Rural and Urban Facilities,Total,value in Absolute Number,
hmis_number_of_infants_0_to_11_months_old_received_dpt1_immunisation_public_and_private_facilities_or_rural_and_urban_facilities_value_in_absolute_number,HMIS,,Number of Infants (0 to 11 months old) received DPT1 immunisation,M10 CHILD IMMUNIZATION,Public and Private Facilities OR Rural and Urban Facilities,Total,value in Absolute Number,
hmis_number_of_infants_0_to_11_months_old_received_dpt2_immunisation_public_and_private_facilities_or_rural_and_urban_facilities_value_in_absolute_number,HMIS,,Number of Infants (0 to 11 months old) received DPT2 immunisation,M10 CHILD IMMUNIZATION,Public and Private Facilities OR Rural and Urban Facilities,Total,value in Absolute Number,
hmis_number_of_immunisation_sessions_held_during_the_month_where_ashas_were_present_public_and_private_facilities_or_rural_and_urban_facilities_value_in_absolute_number,HMIS,,Number of Immunisation sessions held during the month where ASHAs were present,M10 CHILD IMMUNIZATION,Public and Private Facilities OR Rural and Urban Facilities,Total,value in Absolute Number,
hmis_number_of_children_more_than_16_months_old_received_japanese_encephalitis_je_vaccination_public_and_private_facilities_or_rural_and_urban_facilities_value_in_absolute_number,HMIS,,Number of children (more than 16 months old) received Japanese Encephalitis (JE) vaccination,M10 CHILD IMMUNIZATION,Public and Private Facilities OR Rural and Urban Facilities,Total,value in Absolute Number,
hmis_number_of_children_9_months_to_5_years_old_administered_1st_dose_of_vitamin_a_dose_1_public_and_private_facilities_or_rural_and_urban_facilities_value_in_absolute_number,HMIS,,Number of children (9 months to 5 years old) administered 1st dose of Vitamin A (Dose-1),M11 Number of Vitamin A doses,Public and Private Facilities OR Rural and Urban Facilities,Total,value in Absolute Number,
hmis_number_of_children_9_months_to_5_years_old_were_administered_5th_dose_of_vitamin_a_dose_5_public_and_private_facilities_or_rural_and_urban_facilities_value_in_absolute_number,HMIS,,Number of children (9 months to 5 years old) were administered 5th dose of Vitamin A (Dose-5),M11 Number of Vitamin A doses,Public and Private Facilities OR Rural and Urban Facilities,Total,value in Absolute Number,
hmis_number_of_children_9_months_to_5_years_old_administered_9th_dose_of_vitamin_a_dose_9_public_and_private_facilities_or_rural_and_urban_facilities_value_in_absolute_number,HMIS,,Number of children (9 months to 5 years old) administered 9th dose of Vitamin A (Dose-9),M11 Number of Vitamin A doses,Public and Private Facilities OR Rural and Urban Facilities,Total,value in Absolute Number,
hmis_number_of_cases_of_diptheria_reported_in_children_below_5_years_of_age_public_and_private_facilities_or_rural_and_urban_facilities_value_in_absolute_number,HMIS,,Number of cases of Diptheria reported in children below 5 years of age,M12 Number of cases of Childhood Diseases reported during the month0-5 years:,Public and Private Facilities OR Rural and Urban Facilities,Total,value in Absolute Number,
hmis_number_of_post_partum_sterilizations_conducted_at_other_state_owned_public_institutions_public_and_private_facilities_or_rural_and_urban_facilities_value_in_absolute_number,HMIS,,Number of Post-Partum sterilizations conducted at other State owned public institutions,M9 Family Planning,Public and Private Facilities OR Rural and Urban Facilities,Total,value in Absolute Number,
hmis_total_number_of_post_partum_sterilizations_conducted_at_public_facilities_i_e_phc_chc_sdh_dh_and_other_state_owned_public_institutions_sum_of_items_from_9_4_1_a_to_9_4_1_d_pub,HMIS,,"Total Number of Post-Partum sterilizations conducted at Public facilities i.e. PHC, CHC, SDH, DH and other State owned public institutions (sum of items from 9.4.1.a to 9.4.1.d)",M9 Family Planning,Public and Private Facilities OR Rural and Urban Facilities,Total,value in Absolute Number,
hmis_number_of_post_partum_sterilizations_conducted_at_private_facilities_public_and_private_facilities_or_rural_and_urban_facilities_value_in_absolute_number,HMIS,,Number of Post-Partum sterilizations conducted at Private facilities,M9 Family Planning,Public and Private Facilities OR Rural and Urban Facilities,Total,value in Absolute Number,
hmis_number_of_iucd_insertions_conducted_at_phcs_public_and_private_facilities_or_rural_and_urban_facilities_value_in_absolute_number,HMIS,,Number of IUCD Insertions conducted at PHCs,M9 Family Planning,Public and Private Facilities OR Rural and Urban Facilities,Total,value in Absolute Number,
hmis_number_of_iucd_insertions_conducted_at_chcs_public_and_private_facilities_or_rural_and_urban_facilities_value_in_absolute_number,HMIS,,Number of IUCD Insertions conducted at CHCs,M9 Family Planning,Public and Private Facilities OR Rural and Urban Facilities,Total,value in Absolute Number,
hmis_number_of_iucd_insertions_conducted_at_sdhs_or_dhs_public_and_private_facilities_or_rural_and_urban_facilities_value_in_absolute_number,HMIS,,Number of IUCD Insertions conducted at SDHs or DHs,M9 Family Planning,Public and Private Facilities OR Rural and Urban Facilities,Total,value in Absolute Number,
hmis_number_of_iucd_insertions_conducted_at_other_state_owned_public_institutions_public_and_private_facilities_or_rural_and_urban_facilities_value_in_absolute_number,HMIS,,Number of IUCD Insertions conducted at other State owned public institutions,M9 Family Planning,Public and Private Facilities OR Rural and Urban Facilities,Total,value in Absolute Number,
hmis_total_number_of_iucd_insertions_conducted_at_public_facilities_i_e_sc_phc_chc_sdh_dh_and_other_state_owned_public_institutions_sum_of_items_from_9_5_1_a_to_9_5_1_e_public_and_,HMIS,,"Total Number of IUCD Insertions conducted at Public facilities i.e. SC, PHC, CHC, SDH, DH and other State owned public institutions (sum of items from 9.5.1.a to 9.5.1.e)",M9 Family Planning,Public and Private Facilities OR Rural and Urban Facilities,Total,value in Absolute Number,
hmis_out_of_above_total_post_partum_within_48_hours_of_delivery_iucd_insertions_public_and_private_facilities_or_rural_and_urban_facilities_value_in_absolute_number,HMIS,,"Out of above total, Post Partum (within 48 hours of delivery) IUCD insertions",M9 Family Planning,Public and Private Facilities OR Rural and Urban Facilities,Total,value in Absolute Number,
hmis_total_number_of_female_children_9_to_11_months_old_fully_immunised_bcg_dpt123_pentavalent123_opv123_measles_during_the_month_public_and_private_facilities_or_rural_and_urban_f,HMIS,,Total number of female children (9 to 11 months old) fully immunised (BCG+DPT123/Pentavalent123+OPV123+Measles) during the month,M10 CHILD IMMUNIZATION,Public and Private Facilities OR Rural and Urban Facilities,Total,value in Absolute Number,
hmis_total_number_of_children_9_to_11_months_old_fully_immunised_bcg_dpt123_pentavalent123_opv123_measles_during_the_month_sum_of_items_10_1_13_a_and_10_1_13_b_public_and_private_f,HMIS,,Total number of children (9 to 11 months old) fully immunised (BCG+DPT123/Pentavalent123+OPV123+Measles) during the month (sum of items 10.1.13.a and 10.1.13.b),M10 CHILD IMMUNIZATION,Public and Private Facilities OR Rural and Urban Facilities,Total,value in Absolute Number,
hmis_number_of_infants_more_than_16_months_old_received_dpt_booster_dose_public_and_private_facilities_or_rural_and_urban_facilities_value_in_absolute_number,HMIS,,Number of Infants (more than 16 months old) received DPT Booster dose,M10 CHILD IMMUNIZATION,Public and Private Facilities OR Rural and Urban Facilities,Total,value in Absolute Number,
hmis_number_of_infants_more_than_16_months_old_received_opv_booster_dose_public_and_private_facilities_or_rural_and_urban_facilities_value_in_absolute_number,HMIS,,Number of Infants (more than 16 months old) received OPV Booster dose,M10 CHILD IMMUNIZATION,Public and Private Facilities OR Rural and Urban Facilities,Total,value in Absolute Number,
hmis_number_of_infants_more_than_16_months_old_received_measles_mumps_rubella_mmr_vaccination_public_and_private_facilities_or_rural_and_urban_facilities_value_in_absolute_number,HMIS,,"Number of Infants (more than 16 months old) received Measles, Mumps, Rubella (MMR) Vaccination",M10 CHILD IMMUNIZATION,Public and Private Facilities OR Rural and Urban Facilities,Total,value in Absolute Number,
hmis_total_number_of_male_children_12_to_23_months_old_fully_immunised_bcg_dpt123_pentavalent123_opv123_measles_during_the_month_public_and_private_facilities_or_rural_and_urban_fa,HMIS,,Total number of male children (12 to 23 months old) fully immunised (BCG+DPT123/Pentavalent123+OPV123+Measles) during the month,M10 CHILD IMMUNIZATION,Public and Private Facilities OR Rural and Urban Facilities,Total,value in Absolute Number,
hmis_number_of_nsv_or_conventional_vasectomy_conducted_at_private_facilities_public_and_private_facilities_or_rural_and_urban_facilities_value_in_absolute_number,HMIS,,Number of NSV or Conventional Vasectomy conducted at Private facilities,M9 Family Planning,Public and Private Facilities OR Rural and Urban Facilities,Total,value in Absolute Number,
hmis_number_of_laparoscopic_sterilizations_conducted_at_phcs_public_and_private_facilities_or_rural_and_urban_facilities_value_in_absolute_number,HMIS,,Number of Laparoscopic sterilizations conducted at PHCs,M9 Family Planning,Public and Private Facilities OR Rural and Urban Facilities,Total,value in Absolute Number,
hmis_number_of_laparoscopic_sterilizations_conducted_at_chcs_public_and_private_facilities_or_rural_and_urban_facilities_value_in_absolute_number,HMIS,,Number of Laparoscopic sterilizations conducted at CHCs,M9 Family Planning,Public and Private Facilities OR Rural and Urban Facilities,Total,value in Absolute Number,
hmis_number_of_laparoscopic_sterilizations_conducted_at_sdhs_or_dhs_public_and_private_facilities_or_rural_and_urban_facilities_value_in_absolute_number,HMIS,,Number of Laparoscopic sterilizations conducted at SDHs or DHs,M9 Family Planning,Public and Private Facilities OR Rural and Urban Facilities,Total,value in Absolute Number,
hmis_number_of_laparoscopic_sterilizations_conducted_at_other_state_owned_public_institutions_public_and_private_facilities_or_rural_and_urban_facilities_value_in_absolute_number,HMIS,,Number of Laparoscopic sterilizations conducted at other State owned public institutions,M9 Family Planning,Public and Private Facilities OR Rural and Urban Facilities,Total,value in Absolute Number,
hmis_total_number_of_laparoscopic_sterilizations_conducted_at_public_facilities_i_e_phc_chc_sdh_dh_and_other_state_owned_public_institutions_sum_of_items_from_9_2_1_a_to_9_2_1_d_pu,HMIS,,"Total Number of Laparoscopic sterilizations conducted at Public facilities i.e. PHC, CHC, SDH, DH and other State owned public institutions (sum of items from 9.2.1.a to 9.2.1.d)",M9 Family Planning,Public and Private Facilities OR Rural and Urban Facilities,Total,value in Absolute Number,
hmis_number_of_laparoscopic_sterilizations_conducted_at_private_facilities_public_and_private_facilities_or_rural_and_urban_facilities_value_in_absolute_number,HMIS,,Number of Laparoscopic sterilizations conducted at Private facilities,M9 Family Planning,Public and Private Facilities OR Rural and Urban Facilities,Total,value in Absolute Number,
hmis_number_of_mini_lap_sterilizations_conducted_at_chcs_public_and_private_facilities_or_rural_and_urban_facilities_value_in_absolute_number,HMIS,,Number of Mini-lap sterilizations conducted at CHCs,M9 Family Planning,Public and Private Facilities OR Rural and Urban Facilities,Total,value in Absolute Number,
hmis_number_of_mini_lap_sterilizations_conducted_at_sdhs_or_dhs_public_and_private_facilities_or_rural_and_urban_facilities_value_in_absolute_number,HMIS,,Number of Mini-lap sterilizations conducted at SDHs or DHs,M9 Family Planning,Public and Private Facilities OR Rural and Urban Facilities,Total,value in Absolute Number,
hmis_number_of_infants_0_to_11_months_old_received_dpt3_immunisation_public_and_private_facilities_or_rural_and_urban_facilities_value_in_absolute_number,HMIS,,Number of Infants (0 to 11 months old) received DPT3 immunisation,M10 CHILD IMMUNIZATION,Public and Private Facilities OR Rural and Urban Facilities,Total,value in Absolute Number,
hmis_number_of_infants_0_to_11_months_old_received_pentavalent1_immunisation_public_and_private_facilities_or_rural_and_urban_facilities_value_in_absolute_number,HMIS,,Number of Infants (0 to 11 months old) received Pentavalent1 immunisation,M10 CHILD IMMUNIZATION,Public and Private Facilities OR Rural and Urban Facilities,Total,value in Absolute Number,
hmis_number_of_infants_0_to_11_months_old_received_pentavalent2_immunisation_public_and_private_facilities_or_rural_and_urban_facilities_value_in_absolute_number,HMIS,,Number of Infants (0 to 11 months old) received Pentavalent2 immunisation,M10 CHILD IMMUNIZATION,Public and Private Facilities OR Rural and Urban Facilities,Total,value in Absolute Number,
hmis_number_of_infants_0_to_11_months_old_received_pentavalent3_immunisation_public_and_private_facilities_or_rural_and_urban_facilities_value_in_absolute_number,HMIS,,Number of Infants (0 to 11 months old) received Pentavalent3 immunisation,M10 CHILD IMMUNIZATION,Public and Private Facilities OR Rural and Urban Facilities,Total,value in Absolute Number,
hmis_number_of_infants_0_to_11_months_old_received_opv_0_birth_dose_public_and_private_facilities_or_rural_and_urban_facilities_value_in_absolute_number,HMIS,,Number of Infants (0 to 11 months old) received OPV 0 (Birth Dose),M10 CHILD IMMUNIZATION,Public and Private Facilities OR Rural and Urban Facilities,Total,value in Absolute Number,
hmis_number_of_infants_0_to_11_months_old_received_opv1_first_dose_public_and_private_facilities_or_rural_and_urban_facilities_value_in_absolute_number,HMIS,,Number of Infants (0 to 11 months old) received OPV1 (First Dose),M10 CHILD IMMUNIZATION,Public and Private Facilities OR Rural and Urban Facilities,Total,value in Absolute Number,
hmis_women_getting_post_partum_check_up_within_48_hours_after_delivery_public_and_private_facilities_or_rural_and_urban_facilities_value_in_absolute_number,HMIS,,Women getting post partum check-up within 48 hours after delivery,M6 Post - Natal Care,Public and Private Facilities OR Rural and Urban Facilities,Total,value in Absolute Number,
hmis_women_getting_a_post_partum_check_up_between_48_hours_and_14_days_after_delivery_public_and_private_facilities_or_rural_and_urban_facilities_value_in_absolute_number,HMIS,,Women getting a post partum check up between 48 hours and 14 days after delivery,M6 Post - Natal Care,Public and Private Facilities OR Rural and Urban Facilities,Total,value in Absolute Number,
hmis_pnc_maternal_complications_attended_public_and_private_facilities_or_rural_and_urban_facilities_value_in_absolute_number,HMIS,,PNC maternal complications attended,M6 Post - Natal Care,Public and Private Facilities OR Rural and Urban Facilities,Total,value in Absolute Number,
hmis_number_of_mtps_conducted_at_public_institutions_up_to_12_weeks_of_pregnancy_public_and_private_facilities_or_rural_and_urban_facilities_value_in_absolute_number,HMIS,,Number of MTPs conducted at Public Institutions up to 12 weeks of pregnancy,M7 Medical Termination of Pregnancy (MTP),Public and Private Facilities OR Rural and Urban Facilities,Total,value in Absolute Number,
hmis_number_of_mtps_conducted_at_public_institutions_for_more_than_12_weeks_of_pregnancy_public_and_private_facilities_or_rural_and_urban_facilities_value_in_absolute_number,HMIS,,Number of MTPs conducted at Public Institutions for more than 12 weeks of pregnancy,M7 Medical Termination of Pregnancy (MTP),Public and Private Facilities OR Rural and Urban Facilities,Total,value in Absolute Number,
hmis_total_number_of_mtps_conducted_at_public_institutions_sum_of_items_7_1_1_and_7_1_2_public_and_private_facilities_or_rural_and_urban_facilities_value_in_absolute_number,HMIS,,Total number of MTPs conducted at Public Institutions (sum of items 7.1.1 and 7.1.2),M7 Medical Termination of Pregnancy (MTP),Public and Private Facilities OR Rural and Urban Facilities,Total,value in Absolute Number,
hmis_number_of_mtps_conducted_at_private_facilities_public_and_private_facilities_or_rural_and_urban_facilities_value_in_absolute_number,HMIS,,Number of MTPs conducted at Private Facilities,M7 Medical Termination of Pregnancy (MTP),Public and Private Facilities OR Rural and Urban Facilities,Total,value in Absolute Number,
hmis_number_of_new_cases_of_rti_sti_in_males_for_which_treatment_was_initiated_public_and_private_facilities_or_rural_and_urban_facilities_value_in_absolute_number,HMIS,,Number of new cases of RTI/STI in males for which treatment was initiated,M8 RTI/STI Cases,Public and Private Facilities OR Rural and Urban Facilities,Total,value in Absolute Number,
hmis_number_of_new_cases_of_rti_sti_in_females_for_which_treatment_was_initiated_public_and_private_facilities_or_rural_and_urban_facilities_value_in_absolute_number,HMIS,,Number of new cases of RTI/STI in females for which treatment was initiated,M8 RTI/STI Cases,Public and Private Facilities OR Rural and Urban Facilities,Total,value in Absolute Number,
hmis_total_number_of_new_cases_of_rti_sti_in_males_and_females_for_which_treatment_was_initiated_sum_of_items_8_1_a_and_8_1_b_public_and_private_facilities_or_rural_and_urban_facil,HMIS,,Total number of new cases of RTI/STI in males and females for which treatment was initiated (sum of items 8.1.a and 8.1.b),M8 RTI/STI Cases,Public and Private Facilities OR Rural and Urban Facilities,Total,value in Absolute Number,
hmis_number_of_iucd_insertions_conducted_at_private_facilities_public_and_private_facilities_or_rural_and_urban_facilities_value_in_absolute_number,HMIS,,Number of IUCD Insertions conducted at Private facilities,M9 Family Planning,Public and Private Facilities OR Rural and Urban Facilities,Total,value in Absolute Number,
hmis_number_of_oral_pills_cycles_distributed_public_and_private_facilities_or_rural_and_urban_facilities_value_in_absolute_number,HMIS,,Number of Oral Pills cycles distributed,M9 Family Planning,Public and Private Facilities OR Rural and Urban Facilities,Total,value in Absolute Number,
hmis_number_of_centchroman_weekly_pills_given_public_and_private_facilities_or_rural_and_urban_facilities_value_in_absolute_number,HMIS,,Number of Centchroman (weekly) pills given,M9 Family Planning,Public and Private Facilities OR Rural and Urban Facilities,Total,value in Absolute Number,
hmis_number_of_emergency_contraceptive_pills_distributed_public_and_private_facilities_or_rural_and_urban_facilities_value_in_absolute_number,HMIS,,Number of Emergency Contraceptive Pills distributed,M9 Family Planning,Public and Private Facilities OR Rural and Urban Facilities,Total,value in Absolute Number,
hmis_total_number_of_male_and_female_live_births_4_1_1_a_and_4_1_1_b_public_and_private_facilities_or_rural_and_urban_facilities_value_in_absolute_number,HMIS,,Total number of male and female live births (4.1.1.a and 4.1.1.b),M4 Pregnancy outcome & weight of new-born,Public and Private Facilities OR Rural and Urban Facilities,Total,value in Absolute Number,
hmis_number_of_still_births_public_and_private_facilities_or_rural_and_urban_facilities_value_in_absolute_number,HMIS,,Number of still births,M4 Pregnancy outcome & weight of new-born,Public and Private Facilities OR Rural and Urban Facilities,Total,value in Absolute Number,
hmis_number_of_abortions_spontaneous_or_induced_public_and_private_facilities_or_rural_and_urban_facilities_value_in_absolute_number,HMIS,,Number of Abortions (spontaneous or induced),M4 Pregnancy outcome & weight of new-born,Public and Private Facilities OR Rural and Urban Facilities,Total,value in Absolute Number,
hmis_number_of_cases_of_pregnant_women_with_obstetric_complications_and_attended_at_phcs_public_and_private_facilities_or_rural_and_urban_facilities_value_in_absolute_number,HMIS,,Number of cases of pregnant women with Obstetric Complications and attended at PHCs,M5 Complicated pregnanices,Public and Private Facilities OR Rural and Urban Facilities,Total,value in Absolute Number,
hmis_number_of_cases_of_pregnant_women_with_obstetric_complications_and_attended_at_chcs_public_and_private_facilities_or_rural_and_urban_facilities_value_in_absolute_number,HMIS,,Number of cases of pregnant women with Obstetric Complications and attended at CHCs,M5 Complicated pregnanices,Public and Private Facilities OR Rural and Urban Facilities,Total,value in Absolute Number,
hmis_number_of_cases_of_pregnant_women_with_obstetric_complications_and_attended_at_sdhs_or_dhs_public_and_private_facilities_or_rural_and_urban_facilities_value_in_absolute_number,HMIS,,Number of cases of pregnant women with Obstetric Complications and attended at SDHs or DHs,M5 Complicated pregnanices,Public and Private Facilities OR Rural and Urban Facilities,Total,value in Absolute Number,
hmis_number_of_cases_of_pregnant_women_with_obstetric_complications_and_attended_at_other_state_owned_public_institutions_public_and_private_facilities_or_rural_and_urban_facilitie,HMIS,,Number of cases of pregnant women with Obstetric Complications and attended at other State owned public institutions,M5 Complicated pregnanices,Public and Private Facilities OR Rural and Urban Facilities,Total,value in Absolute Number,
hmis_number_of_mini_lap_sterilizations_conducted_at_other_state_owned_public_institutions_public_and_private_facilities_or_rural_and_urban_facilities_value_in_absolute_number,HMIS,,Number of Mini-lap sterilizations conducted at other State owned public institutions,M9 Family Planning,Public and Private Facilities OR Rural and Urban Facilities,Total,value in Absolute Number,
hmis_total_number_of_mini_lap_sterilizations_conducted_at_public_facilities_i_e_phc_chc_sdh_dh_and_other_state_owned_public_institutions_sum_of_items_from_9_3_1_a_to_9_3_1_d_public,HMIS,,"Total Number of Mini-lap sterilizations conducted at Public facilities i.e. PHC, CHC, SDH, DH and other State owned public institutions (sum of items from 9.3.1.a to 9.3.1.d)",M9 Family Planning,Public and Private Facilities OR Rural and Urban Facilities,Total,value in Absolute Number,
hmis_number_of_mini_lap_sterilizations_conducted_at_private_facilities_public_and_private_facilities_or_rural_and_urban_facilities_value_in_absolute_number,HMIS,,Number of Mini-lap sterilizations conducted at Private facilities,M9 Family Planning,Public and Private Facilities OR Rural and Urban Facilities,Total,value in Absolute Number,
hmis_number_of_post_partum_sterilizations_conducted_at_phcs_public_and_private_facilities_or_rural_and_urban_facilities_value_in_absolute_number,HMIS,,Number of Post-Partum sterilizations conducted at PHCs,M9 Family Planning,Public and Private Facilities OR Rural and Urban Facilities,Total,value in Absolute Number,
hmis_number_of_post_partum_sterilizations_conducted_at_chcs_public_and_private_facilities_or_rural_and_urban_facilities_value_in_absolute_number,HMIS,,Number of Post-Partum sterilizations conducted at CHCs,M9 Family Planning,Public and Private Facilities OR Rural and Urban Facilities,Total,value in Absolute Number,
hmis_number_of_post_partum_sterilizations_conducted_at_sdhs_or_dhs_public_and_private_facilities_or_rural_and_urban_facilities_value_in_absolute_number,HMIS,,Number of Post-Partum sterilizations conducted at SDHs or DHs,M9 Family Planning,Public and Private Facilities OR Rural and Urban Facilities,Total,value in Absolute Number,
hmis_out_of_2_2_number_discharged_under_48_hours_of_delivery_public_and_private_facilities_or_rural_and_urban_facilities_value_in_absolute_number,HMIS,,"Out of 2.2, Number discharged under 48 hours of delivery",M2 Deliveries,Public and Private Facilities OR Rural and Urban Facilities,Total,value in Absolute Number,
hmis_number_of_mothers_paid_jsy_incentive_for_deliveries_conducted_at_public_institutions_public_and_private_facilities_or_rural_and_urban_facilities_value_in_absolute_number,HMIS,,Number of mothers paid JSY Incentive for deliveries conducted at Public Institutions,M2 Deliveries,Public and Private Facilities OR Rural and Urban Facilities,Total,value in Absolute Number,
hmis_number_of_ashas_paid_jsy_incentive_for_deliveries_conducted_at_public_institutions_public_and_private_facilities_or_rural_and_urban_facilities_value_in_absolute_number,HMIS,,Number of ASHAs paid JSY Incentive for deliveries conducted at Public Institutions,M2 Deliveries,Public and Private Facilities OR Rural and Urban Facilities,Total,value in Absolute Number,
hmis_number_of_cases_of_deliveries_conducted_at_public_institutions_where_jsy_incentive_was_paid_to_anms_or_awws_only_for_high_performing_states_hps_public_and_private_facilities_o,HMIS,,Number of cases of deliveries conducted at Public Institutions where JSY incentive was paid to ANMs or AWWs [only for High Performing States (HPS)],M2 Deliveries,Public and Private Facilities OR Rural and Urban Facilities,Total,value in Absolute Number,
hmis_deliveries_conducted_at_private_institutions_including_c_sections_public_and_private_facilities_or_rural_and_urban_facilities_value_in_absolute_number,HMIS,,Deliveries conducted at Private Institutions (Including C-Sections),M2 Deliveries,Public and Private Facilities OR Rural and Urban Facilities,Total,value in Absolute Number,
hmis_number_of_caesarean_c_section_deliveries_performed_at_phcs_primary_health_centre_public_and_private_facilities_or_rural_and_urban_facilities_value_in_absolute_number,HMIS,,Number of Caesarean (C-Section) deliveries performed at PHCs (Primary Health Centre),M3 Number of Caesarean C-Section deliveries performed at,Public and Private Facilities OR Rural and Urban Facilities,Total,value in Absolute Number,
hmis_number_of_caesarean_c_section_deliveries_performed_at_chcs_community_health_centre_public_and_private_facilities_or_rural_and_urban_facilities_value_in_absolute_number,HMIS,,Number of Caesarean (C-Section) deliveries performed at CHCs (Community Health Centre),M3 Number of Caesarean C-Section deliveries performed at,Public and Private Facilities OR Rural and Urban Facilities,Total,value in Absolute Number,
hmis_number_of_suspected_rti_sti_cases_for_whom_wet_mount_test_was_conducted_public_and_private_facilities_or_rural_and_urban_facilities_value_in_absolute_number,HMIS,,Number of suspected RTI/STI cases for whom wet mount test was conducted,M8 RTI/STI Cases,Public and Private Facilities OR Rural and Urban Facilities,Total,value in Absolute Number,
hmis_number_of_nsv_or_conventional_vasectomy_conducted_at_chcs_public_and_private_facilities_or_rural_and_urban_facilities_value_in_absolute_number,HMIS,,Number of NSV or Conventional Vasectomy conducted at CHCs,M9 Family Planning,Public and Private Facilities OR Rural and Urban Facilities,Total,value in Absolute Number,
hmis_number_of_nsv_or_conventional_vasectomy_conducted_at_sdhs_or_dhs_public_and_private_facilities_or_rural_and_urban_facilities_value_in_absolute_number,HMIS,,Number of NSV or Conventional Vasectomy conducted at SDHs or DHs,M9 Family Planning,Public and Private Facilities OR Rural and Urban Facilities,Total,value in Absolute Number,
hmis_number_of_nsv_or_conventional_vasectomy_conducted_at_other_state_owned_public_institutions_public_and_private_facilities_or_rural_and_urban_facilities_value_in_absolute_number,HMIS,,Number of NSV or Conventional Vasectomy conducted at other State owned public institutions,M9 Family Planning,Public and Private Facilities OR Rural and Urban Facilities,Total,value in Absolute Number,
hmis_total_number_of_nsv_or_conventional_vasectomy_conducted_at_public_facilities_i_e_phc_chc_sdh_dh_and_other_state_owned_public_institutions_sum_of_items_from_9_1_1_a_to_9_1_1_d_,HMIS,,"Total Number of NSV or Conventional Vasectomy conducted at Public facilities i.e. PHC, CHC, SDH, DH and other State owned public institutions (sum of items from 9.1.1.a to 9.1.1.d)",M9 Family Planning,Public and Private Facilities OR Rural and Urban Facilities,Total,value in Absolute Number,
hmis_number_of_pregnant_women_registered_under_jsy_public_and_private_facilities_or_rural_and_urban_facilities_value_in_absolute_number,HMIS,,Number of Pregnant women registered under JSY,M1 Ante Natal Care Services ANC,Public and Private Facilities OR Rural and Urban Facilities,Total,value in Absolute Number,
hmis_number_of_pregnant_women_received_3_anc_check_ups_during_pregnancy_public_and_private_facilities_or_rural_and_urban_facilities_value_in_absolute_number,HMIS,,Number of pregnant women received 3 ANC check ups during pregnancy,M1 Ante Natal Care Services ANC,Public and Private Facilities OR Rural and Urban Facilities,Total,value in Absolute Number,
hmis_number_of_pregnant_women_given_tt1_during_current_pregnancy_public_and_private_facilities_or_rural_and_urban_facilities_value_in_absolute_number,HMIS,,Number of pregnant women given TT1 during current pregnancy,M1 Ante Natal Care Services ANC,Public and Private Facilities OR Rural and Urban Facilities,Total,value in Absolute Number,
hmis_number_of_pregnant_women_given_tt2_or_booster_during_current_pregnancy_public_and_private_facilities_or_rural_and_urban_facilities_value_in_absolute_number,HMIS,,Number of pregnant women given TT2 or Booster during current pregnancy,M1 Ante Natal Care Services ANC,Public and Private Facilities OR Rural and Urban Facilities,Total,value in Absolute Number,
hmis_total_number_of_pregnant_women_given_100_ifa_tablets_public_and_private_facilities_or_rural_and_urban_facilities_value_in_absolute_number,HMIS,,Total number of pregnant women given 100 IFA tablets,M1 Ante Natal Care Services ANC,Public and Private Facilities OR Rural and Urban Facilities,Total,value in Absolute Number,
hmis_number_of_new_cases_of_hypertension_bp_140_90_detected_in_pregnant_women_at_the_institution_public_and_private_facilities_or_rural_and_urban_facilities_value_in_absolute_numbe,HMIS,,Number of new cases of Hypertension (BP>140/90) detected in Pregnant women at the institution,M1 Ante Natal Care Services ANC,Public and Private Facilities OR Rural and Urban Facilities,Total,value in Absolute Number,
hmis_number_of_pregnant_women_with_anaemia_i_e_hb_level_11_tested_cases_public_and_private_facilities_or_rural_and_urban_facilities_value_in_absolute_number,HMIS,,Number of Pregnant women with anaemia i.e. Hb level<11 (tested cases),M1 Ante Natal Care Services ANC,Public and Private Facilities OR Rural and Urban Facilities,Total,value in Absolute Number,
hmis_number_of_pregnant_women_having_severe_anaemia_hb_7_treated_at_institution_public_and_private_facilities_or_rural_and_urban_facilities_value_in_absolute_number,HMIS,,Number of Pregnant women having severe anaemia (Hb<7) treated at institution,M1 Ante Natal Care Services ANC,Public and Private Facilities OR Rural and Urban Facilities,Total,value in Absolute Number,
hmis_number_of_cases_of_pregnant_women_with_obstetric_complications_and_attended_at_public_facilities_i_e_phc_chc_sdh_dh_and_other_state_owned_public_institutions_sum_of_items_from,HMIS,,"Number of cases of pregnant women with Obstetric Complications and attended at Public facilities i.e. PHC, CHC, SDH, DH and other State owned public institutions (sum of items from 5.1.1 to 5.1.4)",M5 Complicated pregnanices,Public and Private Facilities OR Rural and Urban Facilities,Total,value in Absolute Number,
hmis_number_of_cases_of_pregnant_women_with_obstetric_complications_and_attended_at_private_facilities_public_and_private_facilities_or_rural_and_urban_facilities_value_in_absolute,HMIS,,Number of cases of pregnant women with Obstetric Complications and attended at Private facilities,M5 Complicated pregnanices,Public and Private Facilities OR Rural and Urban Facilities,Total,value in Absolute Number,
hmis_number_of_cases_of_complicated_pregnancies_treated_with_iv_antibiotics_public_and_private_facilities_or_rural_and_urban_facilities_value_in_absolute_number,HMIS,,Number of cases of complicated pregnancies treated with IV antibiotics,M5 Complicated pregnanices,Public and Private Facilities OR Rural and Urban Facilities,Total,value in Absolute Number,
hmis_number_of_cases_of_complicated_pregnancies_treated_with_iv_antihypertensive_magsulph_injection_public_and_private_facilities_or_rural_and_urban_facilities_value_in_absolute_nu,HMIS,,Number of cases of complicated pregnancies treated with IV Antihypertensive/Magsulph injection,M5 Complicated pregnanices,Public and Private Facilities OR Rural and Urban Facilities,Total,value in Absolute Number,
hmis_number_of_cases_of_complicated_pregnancies_treated_with_iv_oxytocis_public_and_private_facilities_or_rural_and_urban_facilities_value_in_absolute_number,HMIS,,Number of cases of complicated pregnancies treated with IV Oxytocis,M5 Complicated pregnanices,Public and Private Facilities OR Rural and Urban Facilities,Total,value in Absolute Number,
hmis_number_of_cases_of_complicated_pregnancies_treated_with_blood_transfusion_public_and_private_facilities_or_rural_and_urban_facilities_value_in_absolute_number,HMIS,,Number of cases of complicated pregnancies treated with Blood Transfusion,M5 Complicated pregnanices,Public and Private Facilities OR Rural and Urban Facilities,Total,value in Absolute Number,
hmis_number_of_caesarean_c_section_deliveries_performed_at_sdhs_sub_divisional_hospital_or_dhs_district_hospital_public_and_private_facilities_or_rural_and_urban_facilities_value_i,HMIS,,Number of Caesarean (C-Section) deliveries performed at SDHs (Sub-divisional Hospital) or DHs (District Hospital),M3 Number of Caesarean C-Section deliveries performed at,Public and Private Facilities OR Rural and Urban Facilities,Total,value in Absolute Number,
hmis_number_of_caesarean_c_section_deliveries_performed_at_other_state_owned_public_institutions_public_and_private_facilities_or_rural_and_urban_facilities_value_in_absolute_numbe,HMIS,,Number of Caesarean (C-Section) deliveries performed at other State owned public institutions,M3 Number of Caesarean C-Section deliveries performed at,Public and Private Facilities OR Rural and Urban Facilities,Total,value in Absolute Number,
hmis_total_number_of_caesarean_c_section_deliveries_performed_at_public_facilities_i_e_phc_chc_sdh_dh_and_other_state_owned_public_institutions_sum_of_items_from_3_1_1_to_3_1_4_pub,HMIS,,"Total Number of Caesarean (C-Section) deliveries performed at Public facilities i.e. PHC, CHC, SDH, DH and other State owned public institutions (sum of items from 3.1.1 to 3.1.4)",M3 Number of Caesarean C-Section deliveries performed at,Public and Private Facilities OR Rural and Urban Facilities,Total,value in Absolute Number,
hmis_no_of_c_section_deliveries_performed_at_private_facilities_public_and_private_facilities_or_rural_and_urban_facilities_value_in_absolute_number,HMIS,,No. of C-section deliveries performed at Private facilities,M3 Number of Caesarean C-Section deliveries performed at,Public and Private Facilities OR Rural and Urban Facilities,Total,value in Absolute Number,
hmis_number_of_male_live_births_public_and_private_facilities_or_rural_and_urban_facilities_value_in_absolute_number,HMIS,,Number of male live births,M4 Pregnancy outcome & weight of new-born,Public and Private Facilities OR Rural and Urban Facilities,Total,value in Absolute Number,
hmis_number_of_female_live_births_public_and_private_facilities_or_rural_and_urban_facilities_value_in_absolute_number,HMIS,,Number of female live births,M4 Pregnancy outcome & weight of new-born,Public and Private Facilities OR Rural and Urban Facilities,Total,value in Absolute Number,
hmis_deliveries_conducted_at_public_institutions_including_c_sections_public_and_private_facilities_or_rural_and_urban_facilities_value_in_absolute_number,HMIS,,Deliveries conducted at Public Institutions (Including C-Sections),M2 Deliveries,Public and Private Facilities OR Rural and Urban Facilities,Total,value in Absolute Number,
hmis_of_which_number_registered_within_first_trimester_within_12_weeks_public_and_private_facilities_or_rural_and_urban_facilities_value_in_absolute_number,HMIS,,Of which Number registered within first trimester (within 12 weeks),M1 Ante Natal Care Services ANC,Public and Private Facilities OR Rural and Urban Facilities,Total,value in Absolute Number,
hmis_number_of_cases_of_maternal_deaths_age_15_49_years_with_the_probable_cause_being_obstructed_or_prolonged_labour_public_and_private_facilities_or_rural_and_urban_facilities_15_,HMIS,,Number of cases of Maternal deaths (age 15-49 years) with the probable cause being Obstructed or prolonged labour,M17 Details of deaths reported during the month with probable causes:,Public and Private Facilities OR Rural and Urban Facilities,15-49 yrs,value in Absolute Number,
hmis_number_of_cases_of_maternal_deaths_age_15_49_years_with_the_probable_cause_being_obstructed_or_prolonged_labour_public_and_private_facilities_or_rural_and_urban_facilities_val,HMIS,,Number of cases of Maternal deaths (age 15-49 years) with the probable cause being Obstructed or prolonged labour,M17 Details of deaths reported during the month with probable causes:,Public and Private Facilities OR Rural and Urban Facilities,Total,value in Absolute Number,
hmis_number_of_cases_of_adolescent_or_adult_deaths_age_6_years_above_with_the_probable_cause_being_tuberculosis_public_and_private_facilities_or_rural_and_urban_facilities_6_14_yrs,HMIS,,Number of cases of Adolescent or Adult deaths (age 6 years & above) with the probable cause being Tuberculosis,M17 Details of deaths reported during the month with probable causes:,Public and Private Facilities OR Rural and Urban Facilities,6-14 yrs,value in Absolute Number,
hmis_number_of_cases_of_adolescent_or_adult_deaths_age_6_years_above_with_the_probable_cause_being_other_fever_related_public_and_private_facilities_or_rural_and_urban_facilities_6,HMIS,,Number of cases of Adolescent or Adult deaths (age 6 years & above) with the probable cause being other Fever related,M17 Details of deaths reported during the month with probable causes:,Public and Private Facilities OR Rural and Urban Facilities,6-14 yrs,value in Absolute Number,
hmis_number_of_deliveries_conducted_at_home_and_attended_by_trained_sba_i_e_doctor_or_nurse_or_anm_public_and_private_facilities_or_rural_and_urban_facilities_value_in_absolute_num,HMIS,,Number of deliveries conducted at Home and attended by trained SBA(i.e. Doctor or Nurse or ANM),M2 Deliveries,Public and Private Facilities OR Rural and Urban Facilities,Total,value in Absolute Number,
hmis_total_number_of_deliveries_conducted_at_home_and_attended_by_trained_or_non_trained_sba_i_e_sum_of_2_1_1_a_and_2_1_1_b_public_and_private_facilities_or_rural_and_urban_facilit,HMIS,,Total number of deliveries conducted at Home and attended by trained or non-trained SBA (i.e. sum of 2.1.1.a and 2.1.1.b),M2 Deliveries,Public and Private Facilities OR Rural and Urban Facilities,Total,value in Absolute Number,
hmis_number_of_mothers_paid_jsy_incentive_for_deliveries_conducted_at_accredited_private_institutions_public_and_private_facilities_or_rural_and_urban_facilities_value_in_absolute_,HMIS,,Number of mothers paid JSY Incentive for deliveries conducted at accredited Private Institutions,M2 Deliveries,Public and Private Facilities OR Rural and Urban Facilities,Total,value in Absolute Number,
hmis_number_of_cases_of_adolescent_or_adult_deaths_age_6_years_above_with_the_probable_cause_being_diarrhoeal_diseases_public_and_private_facilities_or_rural_and_urban_facilities_6,HMIS,,Number of cases of Adolescent or Adult deaths (age 6 years & above) with the probable cause being Diarrhoeal diseases,M17 Details of deaths reported during the month with probable causes:,Public and Private Facilities OR Rural and Urban Facilities,6-14 yrs,value in Absolute Number,
hmis_number_of_cases_of_adolescent_or_adult_deaths_age_6_years_above_with_the_probable_cause_being_malaria_public_and_private_facilities_or_rural_and_urban_facilities_6_14_yrs_valu,HMIS,,Number of cases of Adolescent or Adult deaths (age 6 years & above) with the probable cause being Malaria,M17 Details of deaths reported during the month with probable causes:,Public and Private Facilities OR Rural and Urban Facilities,6-14 yrs,value in Absolute Number,
hmis_number_of_cases_of_adolescent_or_adult_deaths_age_6_years_above_with_the_probable_cause_being_malaria_public_and_private_facilities_or_rural_and_urban_facilities_above_55_yrs_,HMIS,,Number of cases of Adolescent or Adult deaths (age 6 years & above) with the probable cause being Malaria,M17 Details of deaths reported during the month with probable causes:,Public and Private Facilities OR Rural and Urban Facilities,Above 55 yrs.,value in Absolute Number,
hmis_number_of_iucd_insertions_conducted_at_scs_public_and_private_facilities_or_rural_and_urban_facilities_value_in_absolute_number,HMIS,,Number of IUCD Insertions conducted at SCs,M9 Family Planning,Public and Private Facilities OR Rural and Urban Facilities,Total,value in Absolute Number,
hmis_number_of_deliveries_conducted_at_home_and_attended_by_non_trained_sba_i_e_trained_tba_or_relatives_etc_public_and_private_facilities_or_rural_and_urban_facilities_value_in_ab,HMIS,,Number of deliveries conducted at Home and attended by non trained SBA (i.e. trained TBA or Relatives etc.),M2 Deliveries,Public and Private Facilities OR Rural and Urban Facilities,Total,value in Absolute Number,
hmis_number_of_newborns_visited_within_24_hours_of_delivery_for_deliveries_conducted_at_home_public_and_private_facilities_or_rural_and_urban_facilities_value_in_absolute_number,HMIS,,Number of newborns visited within 24 hours of delivery for deliveries conducted at home,M2 Deliveries,Public and Private Facilities OR Rural and Urban Facilities,Total,value in Absolute Number,
hmis_number_of_cases_of_adolescent_or_adult_deaths_age_6_years_above_with_the_probable_cause_being_hiv_aids_public_and_private_facilities_or_rural_and_urban_facilities_6_14_yrs_val,HMIS,,Number of cases of Adolescent or Adult deaths (age 6 years & above) with the probable cause being HIV/AIDS,M17 Details of deaths reported during the month with probable causes:,Public and Private Facilities OR Rural and Urban Facilities,6-14 yrs,value in Absolute Number,
hmis_number_of_cases_of_deliveries_conducted_at_accredited_private_institutions_where_jsy_incentive_was_paid_to_anms_or_awws_only_for_high_performing_states_hps_public_and_private_,HMIS,,Number of cases of deliveries conducted at accredited Private Institutions where JSY incentive was paid to ANMs or AWWs [only for High Performing States (HPS)],M2 Deliveries,Public and Private Facilities OR Rural and Urban Facilities,Total,value in Absolute Number,
hmis_number_of_mothers_paid_jsy_incentive_for_deliveries_conducted_at_home_public_and_private_facilities_or_rural_and_urban_facilities_value_in_absolute_number,HMIS,,Number of mothers paid JSY incentive for deliveries conducted at home,M2 Deliveries,Public and Private Facilities OR Rural and Urban Facilities,Total,value in Absolute Number,
nfhs5_female_population_age_6_years_and_above_who_ever_attended_school,NFHS-5,1.0,Female population age 6 years and above who ever attended school (%),,,,%,2019-20
nfhs5_population_below_age_15_years,NFHS-5,2.0,Population below age 15 years (%),,,,%,2019-20
nfhs5_sex_ratio_of_the_total_population_females_per_1_000_males,NFHS-5,3.0,"Sex ratio of the total population (females per 1,000 males)",,,,%,2019-20
nfhs5_sex_ratio_at_birth_for_children_born_in_the_last_five_years_females_per_1_000_males,NFHS-5,4.0,"Sex ratio at birth for children born in the last five years (females per 1,000 males)",,,,%,2019-20
nfhs5_children_under_age_5_years_whose_birth_was_registered_with_the_civil_authority,NFHS-5,5.0,Children under age 5 years whose birth was registered with the civil authority (%),,,,%,2019-20
nfhs5_deaths_in_the_last_3_years_registered_with_the_civil_authority,NFHS-5,6.0,Deaths in the last 3 years registered with the civil authority (%),,,,%,2019-20
nfhs5_population_living_in_households_with_electricity,NFHS-5,7.0,Population living in households with electricity (%),,,,%,2019-20
nfhs5_population_living_in_households_with_an_improved_drinking_water_source1,NFHS-5,8.0,Population living in households with an improved drinking-water source1 (%),,,,%,2019-20
nfhs5_population_living_in_households_that_use_an_improved_sanitation_facility2,NFHS-5,9.0,Population living in households that use an improved sanitation facility2 (%),,,,%,2019-20
nfhs5_households_using_clean_fuel_for_cooking3,NFHS-5,10.0,Households using clean fuel for cooking3 (%),,,,%,2019-20
nfhs5_households_using_iodized_salt,NFHS-5,11.0,Households using iodized salt (%),,,,%,2019-20
nfhs5_households_with_any_usual_member_covered_under_a_health_insurance_financing_scheme,NFHS-5,12.0,Households with any usual member covered under a health insurance/financing scheme (%),,,,%,2019-20
nfhs5_women_who_are_literate4,NFHS-5,14.0,Women who are literate4 (%),,,,%,2019-20
nfhs5_women_age_20_24_years_married_before_age_18_years,NFHS-5,16.0,Women age 20-24 years married before age 18 years (%),,,,%,2019-20
nfhs5_births_in_the_5_years_preceding_the_survey_that_are_third_or_higher_order,NFHS-5,17.0,Births in the 5 years preceding the survey that are third or higher order (%),,,,%,2019-20
nfhs5_women_age_15_19_years_who_were_already_mothers_or_pregnant_at_the_time_of_the_survey,NFHS-5,18.0,Women age 15-19 years who were already mothers or pregnant at the time of the survey (%),,,,%,2019-20
nfhs5_any_method6,NFHS-5,20.0,Any method6 (%),,,,%,2019-20
nfhs5_any_modern_method6,NFHS-5,21.0,Any modern method6 (%),,,,%,2019-20
nfhs5_female_sterilization,NFHS-5,22.0,Female sterilization (%),,,,%,2019-20
nfhs5_male_sterilization,NFHS-5,23.0,Male sterilization (%),,,,%,2019-20
nfhs5_iud_ppiud,NFHS-5,24.0,IUD/PPIUD (%),,,,%,2019-20
nfhs5_pill,NFHS-5,25.0,Pill (%),,,,%,2019-20
nfhs5_condom,NFHS-5,26.0,Condom (%),,,,%,2019-20
nfhs5_total_unmet_need7,NFHS-5,28.0,Total unmet need7 (%),,,,%,2019-20
nfhs5_health_worker_ever_talked_to_female_non_users_about_family_planning,NFHS-5,30.0,Health worker ever talked to female non-users about family planning (%),,,,%,2019-20
nfhs5_mothers_who_had_an_antenatal_check_up_in_the_first_trimester,NFHS-5,32.0,Mothers who had an antenatal check-up in the first trimester (%),,,,%,2019-20
nfhs5_mothers_who_had_at_least_4_antenatal_care_visits,NFHS-5,33.0,Mothers who had at least 4 antenatal care visits (%),,,,%,2019-20
nfhs5_mothers_whose_last_birth_was_protected_against_neonatal_tetanus9,NFHS-5,34.0,Mothers whose last birth was protected against neonatal tetanus9 (%),,,,%,2019-20
nfhs5_mothers_who_consumed_iron_folic_acid_for_100_days_or_more_when_they_were_pregnant,NFHS-5,35.0,Mothers who consumed iron folic acid for 100 days or more when they were pregnant (%),,,,%,2019-20
nfhs5_mothers_who_consumed_iron_folic_acid_for_180_days_or_more_when_they_were_pregnant,NFHS-5,36.0,Mothers who consumed iron folic acid for 180 days or more when they were pregnant (%),,,,%,2019-20
nfhs5_registered_pregnancies_for_which_the_mother_received_a_mother_and_child_protection_mcp_card,NFHS-5,37.0,Registered pregnancies for which the mother received a Mother and Child Protection (MCP) card (%),,,,%,2019-20
nfhs5_mothers_who_received_postnatal_care_from_a_doctor_nurse_lhv_anm_midwife_other_health_personnel_within_2_days_of_delivery,NFHS-5,38.0,Mothers who received postnatal care from a doctor/nurse/LHV/ANM/midwife/other health personnel within 2 days of delivery (%),,,,%,2019-20
nfhs5_average_out_of_pocket_expenditure_per_delivery_in_a_public_health_facility_rs,NFHS-5,39.0,Average out-of-pocket expenditure per delivery in a public health facility (Rs.),,,,%,2019-20
nfhs5_institutional_births,NFHS-5,42.0,Institutional births (%),,,,%,2019-20
nfhs5_institutional_births_in_public_facility,NFHS-5,43.0,Institutional births in public facility (%),,,,%,2019-20
nfhs5_home_births_that_were_conducted_by_skilled_health_personnel10,NFHS-5,44.0,Home births that were conducted by skilled health personnel10 (%),,,,%,2019-20
nfhs5_births_attended_by_skilled_health_personnel10,NFHS-5,45.0,Births attended by skilled health personnel10 (%),,,,%,2019-20
nfhs5_births_delivered_by_caesarean_section,NFHS-5,46.0,Births delivered by caesarean section (%),,,,%,2019-20
nfhs5_births_in_a_private_health_facility_that_were_delivered_by_caesarean_section,NFHS-5,47.0,Births in a private health facility that were delivered by caesarean section (%),,,,%,2019-20
nfhs5_children_age_12_23_months_fully_vaccinated_based_on_information_from_either_vaccination_card_or_mother_s_recall11,NFHS-5,49.0,Children age 12-23 months fully vaccinated based on information from either vaccination card or mother's recall11 (%),,,,%,2019-20
nfhs5_children_age_12_23_months_fully_vaccinated_based_on_information_from_vaccination_card_only12,NFHS-5,50.0,Children age 12-23 months fully vaccinated based on information from vaccination card only12 (%),,,,%,2019-20
nfhs5_children_age_12_23_months_who_have_received_bcg,NFHS-5,51.0,Children age 12-23 months who have received BCG (%),,,,%,2019-20
nfhs5_children_age_12_23_months_who_have_received_3_doses_of_polio_vaccine13,NFHS-5,52.0,Children age 12-23 months who have received 3 doses of polio vaccine13 (%),,,,%,2019-20
nfhs5_children_age_12_23_months_who_have_received_3_doses_of_penta_or_dpt_vaccine,NFHS-5,53.0,Children age 12-23 months who have received 3 doses of penta or DPT vaccine (%),,,,%,2019-20
nfhs5_children_age_12_23_months_who_have_received_the_first_dose_of_measles_containing_vaccine_mcv,NFHS-5,54.0,Children age 12-23 months who have received the first dose of measles-containing vaccine (MCV) (%),,,,%,2019-20
nfhs5_children_age_24_35_months_who_have_received_a_second_dose_of_measles_containing_vaccine_mcv,NFHS-5,55.0,Children age 24-35 months who have received a second dose of measles-containing vaccine (MCV) (%),,,,%,2019-20
nfhs5_children_age_12_23_months_who_have_received_3_doses_of_rotavirus_vaccine14,NFHS-5,56.0,Children age 12-23 months who have received 3 doses of rotavirus vaccine14 (%),,,,%,2019-20
nfhs5_children_age_12_23_months_who_have_received_3_doses_of_penta_or_hepatitis_b_vaccine,NFHS-5,57.0,Children age 12-23 months who have received 3 doses of penta or hepatitis B vaccine (%),,,,%,2019-20
nfhs5_children_age_9_35_months_who_received_a_vitamin_a_dose_in_the_last_6_months,NFHS-5,58.0,Children age 9-35 months who received a vitamin A dose in the last 6 months (%),,,,%,2019-20
nfhs5_children_age_12_23_months_who_received_most_of_their_vaccinations_in_a_public_health_facility,NFHS-5,59.0,Children age 12-23 months who received most of their vaccinations in a public health facility (%),,,,%,2019-20
nfhs5_prevalence_of_diarrhoea_in_the_2_weeks_preceding_the_survey,NFHS-5,61.0,Prevalence of diarrhoea in the 2 weeks preceding the survey (%),,,,%,2019-20
nfhs5_prevalence_of_symptoms_of_acute_respiratory_infection_ari_in_the_2_weeks_preceding_the_survey,NFHS-5,65.0,Prevalence of symptoms of acute respiratory infection (ARI) in the 2 weeks preceding the survey (%),,,,%,2019-20
nfhs5_children_under_age_3_years_breastfed_within_one_hour_of_birth15,NFHS-5,67.0,Children under age 3 years breastfed within one hour of birth15 (%),,,,%,2019-20
nfhs5_breastfeeding_children_age_6_23_months_receiving_an_adequate_diet16_17,NFHS-5,70.0,"Breastfeeding children age 6-23 months receiving an adequate diet16, 17  (%)",,,,%,2019-20
nfhs5_total_children_age_6_23_months_receiving_an_adequate_diet16_17,NFHS-5,72.0,"Total children age 6-23 months receiving an adequate diet16, 17  (%)",,,,%,2019-20
nfhs5_children_under_5_years_who_are_stunted_height_for_age_18,NFHS-5,73.0,Children under 5 years who are stunted (height-for-age)18 (%),,,,%,2019-20
nfhs5_children_under_5_years_who_are_wasted_weight_for_height_18,NFHS-5,74.0,Children under 5 years who are wasted (weight-for-height)18 (%),,,,%,2019-20
nfhs5_children_under_5_years_who_are_severely_wasted_weight_for_height_19,NFHS-5,75.0,Children under 5 years who are severely wasted (weight-for-height)19 (%),,,,%,2019-20
nfhs5_children_under_5_years_who_are_underweight_weight_for_age_18,NFHS-5,76.0,Children under 5 years who are underweight (weight-for-age)18 (%),,,,%,2019-20
nfhs5_women_whose_body_mass_index_bmi_is_below_normal_bmi_18_5_kg_m2_21,NFHS-5,78.0,Women whose Body Mass Index (BMI) is below normal (BMI <18.5 kg/m2)21 (%),,,,%,2019-20
nfhs5_women_who_are_overweight_or_obese_bmi_25_0_kg_m2_21,NFHS-5,79.0,Women who are overweight or obese (BMI ≥25.0 kg/m2)21 (%),,,,%,2019-20
nfhs5_children_age_6_59_months_who_are_anaemic_11_0_g_dl_22,NFHS-5,81.0,Children age 6-59 months who are anaemic (<11.0 g/dl)22 (%),,,,%,2019-20
nfhs5_non_pregnant_women_age_15_49_years_who_are_anaemic_12_0_g_dl_22,NFHS-5,82.0,Non-pregnant women age 15-49 years who are anaemic (<12.0 g/dl)22 (%),,,,%,2019-20
nfhs5_all_women_age_15_49_years_who_are_anaemic22,NFHS-5,84.0,All women age 15-49 years who are anaemic22 (%),,,,%,2019-20
nfhs5_blood_sugar_level_high_141_160_mg_dl_23,NFHS-5,89.0,Blood sugar level - high (141-160 mg/dl)23 (%),,,,%,2019-20
nfhs5_blood_sugar_level_very_high_160_mg_dl_23,NFHS-5,90.0,Blood sugar level - very high (>160 mg/dl)23 (%),,,,%,2019-20
nfhs5_mildly_elevated_blood_pressure_systolic_140_159_mm_of_hg_and_or_diastolic_90_99_mm_of_hg,NFHS-5,95.0,Mildly elevated blood pressure (Systolic 140-159 mm of Hg and/or Diastolic 90-99 mm of Hg) (%),,,,%,2019-20
nfhs5_moderately_or_severely_elevated_blood_pressure_systolic_160mm_of_hg_and_or_diastolic_100mm_of_hg,NFHS-5,96.0,Moderately or severely elevated blood pressure (Systolic ≥160mm of Hg and/or Diastolic ≥100mm of Hg) (%),,,,%,2019-20
nfhs5_ever_undergone_a_screening_test_for_cervical_cancer,NFHS-5,98.0,Ever undergone a screening test for cervical cancer (%),,,,%,2019-20
nfhs5_ever_undergone_a_breast_examination_for_breast_cancer,NFHS-5,99.0,Ever undergone a breast examination for breast cancer (%),,,,%,2019-20
nfhs5_women_age_15_years_and_above_who_use_any_kind_of_tobacco,NFHS-5,101.0,Women age 15 years and above who use any kind of tobacco (%),,,,%,2019-20
nfhs5_men_age_15_years_and_above_who_use_any_kind_of_tobacco,NFHS-5,102.0,Men age 15 years and above who use any kind of tobacco (%),,,,%,2019-20
nfhs5_women_age_15_years_and_above_who_consume_alcohol,NFHS-5,103.0,Women age 15 years and above who consume alcohol (%),,,,%,2019-20
